<?xml version="1.0" encoding="UTF-8"?>

<?oxygen RNGSchema="http://jetson.unl.edu/cdrh/schemas/tei_all.rng" type="xml"?>
<TEI xmlns="http://www.tei-c.org/ns/1.0" xml:id="ab-131">
    
<teiHeader>
<fileDesc>
<titleStmt>
<title>A catalogue of digital editions</title>
<author>
<name><surname>Franzini</surname>, <forename>Greta</forename></name>
<affiliation>Centre for Digital Humanities, UCL, GB</affiliation>
<email>greta.franzini@gmail.com</email>
</author>
</titleStmt>
            
<publicationStmt>
<authority></authority>
<publisher>University of Nebraska-Lincoln</publisher>
<distributor>
<name>Center for Digital Research in the Humanities</name>
<address>
<addrLine>319 Love Library</addrLine>
<addrLine>University of Nebraska&#8211;Lincoln</addrLine>
<addrLine>Lincoln, NE 68588-4100</addrLine>
<addrLine>cdrh@unlnotes.unl.edu</addrLine>
</address>
</distributor>
<pubPlace>Lincoln, Nebraska</pubPlace> 
<address>
<addrLine>University of Nebraska-Lincoln</addrLine>
<addrLine>Lincoln, NE 68588-4100</addrLine>
</address>
<availability>
<p></p>
</availability>
</publicationStmt>
            
<notesStmt><note type="abstract">What makes a good digital edition? What features do digital editions share? What is the state of the art in the field of digital editions? To address these questions, we have collated relevant evidence in a detailed catalogue of one-hundred digital editions, which will be further developed into a large, scholarly online resource for the Digital Humanities and Digital Classicist communities. The catalogue records project features, scope, philological as well as technological aspects and, once all the data we have collected has been analysed, it will help establish the state of the art and draw a &#039;digital edition best practice&#039; profile. Furthermore, the creators of each project have been contacted to access back-end information, such as project goals, budgets, achievements, user enquiries and user statistics, all of which will help to clearly define both the production needs and end-user requirements for digital editions.</note></notesStmt>
            
<sourceDesc>
<p>No source: created in electronic format.</p>
<p>
<date when="20130718"></date>
<time when="10:30:00"></time>
</p>
<p n="session">SP10</p>
</sourceDesc>
</fileDesc>

<profileDesc>
<textClass>
<keywords scheme="original" n="category">
<term>Paper</term>
</keywords>
<keywords scheme="original" n="subcategory">
<term>Short Paper</term>
</keywords>
<keywords scheme="original" n="keywords">
<term>digital edition</term>
<term>catalogue</term>
<term>text</term>
<term>manuscript</term>
<term>resource</term>
                
</keywords>
<keywords scheme="original" n="topic">
<term>archives</term>
<term>repositories</term>
<term>sustainability and preservation</term>
<term>digitisation</term>
<term>resource creation and discovery</term>
<term>scholarly editing</term>
<term>user studies/user needs</term>
<term>crowdsourcing</term>
                
</keywords>
</textClass>
</profileDesc>
    
<revisionDesc>
<change>
<date when="2013-03-29"></date>
<name>Erin Pedigo</name>
<desc>Initial encoding</desc>
</change>
</revisionDesc>
</teiHeader>
    
<text type="paper">

<body>
<div>

       <p>The focus of my doctoral studies at the UCL Centre for Digital Humanities is the creation of a digital edition of the oldest surviving manuscript of S. Augustine's <hi rend="italic">De Civitate Dei.</hi> The manuscript dates back to the early fifth century and most of the existing, scarce research we have predates the 1950s. Its much debated provenance and authorship, due to it being contemporary to Augustine himself, are as intriguing as its rare palaeographical features and marginalia. My research seeks to, firstly, examine best practice in the field of digital editions by collating relevant evidence in a detailed catalogue of extant digital editions. The catalogue records features, scope, philological as well as technological aspects of each edition and aims at becoming a collaborative scholarly endeavour for the benefit of the Digital Humanities community. Secondly (and consequently), lessons learnt from the catalogue will inform the production of an electronic edition of <hi rend="italic">De Civitate Dei,</hi> which will include transcriptions of the text and the scholia, high-definition images, a short critical apparatus, as well as background information and links to relevant resources.</p>    
      <p><hi rend="italic">What makes a good digital edition? What features do digital editions share? What is the state of the art in the field of digital editions? Why are there so few electronic editions of ancient texts?</hi></p> 
<p>To address these questions, I have collated relevant evidence in a detailed catalogue of digital editions. Amongst other things, the catalogue makes a distinction between scholarly and non-scholarly editions; provides a list of tools used; open source and open access projects which will help flag up potential data links; funding bodies which will serve as a popularity record; digital humanities standards compliant projects (TEI, Creative Commons License, linked open data, etc.); and texts under examination as well as their repositories as a means of assessing which countries, areas or cultural institutions are more actively digitising.</p>
      <p>Why does this project bring to the Digital Humanities community? A catalogue of digital editions is greatly beneficial as it provides:
      
      <list type="unordered">
      
      <item>an accessible, unique record of which texts have had digital editions created and the historical period they belong to;</item>
      
      <item>a data bank of features, tools, licences, funding bodies and locations;</item>
      
      <item>an insight into past, present and future projects;</item>
      
      <item>the possibility of viewing trends or patterns (e.g. what time periods are most covered or which institutions produce the largest number of digital editions);</item>
      
      <item>a platform where collaborators can engage in live discussions and update information as it becomes available;</item>
      
      <item>a means of identifying which areas need to be improved.</item></list></p>

     <p>The editions I include in the catalogue come from numerous sources and their selection follows basic criteria: the electronic texts can be ongoing or complete projects<ref type="note" target="n01">1</ref> , born-digital editions or electronic reproductions of print volumes. These were gathered from existing catalogues<ref type="note" target="n02">2</ref>, lists, such as <hi rend="italic">Projects using the TEI</hi><ref type="note" target="n03">3</ref>, RSS feeds,<ref type="note" target="n04">4</ref> publications (articles, reviews and books), Google Scholar alerts, tweets, word of mouth, web browsing and chaining.</p>
     <p>Data is carefully collected and assessed both quantitatively and qualitatively. Content analysis is being carried out along two parallel tracks: a passive approach, whereby I contact each team with a short questionnaire aimed at gaining a deeper understanding of both the production and user ends of the project; and a more active, observational examination of the electronic editions through website and related publications analysis.</p>
     <p>The catalogue has been produced using existing tools, Google Spreadsheets and Google Fusion Tables, whose progressive development offers new opportunities in the field of data collection and visualisation. This choice was dictated by a number of factors, namely cost, ease, collaboration, functionality and output.<ref type="note" target="n05">5</ref> Google Spreadsheets and Tables also provide inbuilt sharing and communication tools, opening up possibilities for live, collaborative and synergetic work.</p>
     <p>Once all the data has been analysed, it will be possible to establish the state of the art in the field of electronic editing, draw up a best practice profile and make reliable inferences from which further research can stem and develop.</p>
     <p>To date, the catalogue showcases some three-hundred digital editions (this is the estimate figure for July 2013), collected and examined over a period of ten months. Of course, there are many more editions left to include and, indeed, many more to come.</p>
     <p>However, interesting facts are already beginning to emerge: several projects, for instance, have not set up analytics as a means of studying usage; projects urging the digital reunification of manuscript fragments are often internally fragmented themselves, having split the project between institutions rather than centralising the material for easy retrieval and management; and TEI guidelines are not as widely adopted in the field of digital editions as we might think.</p>
     <p>While initially collated for personal research purposes, I am developing the catalogue into a larger resource, available at: <ref type="url" target="https://sites.google.com/site/digitaleds">https://sites.google.com/site/digitaleds</ref>. The website enables people to report bugs and errors, comment and make suggestions for improvement. Although initially curated by myself, a wider group of administrators is envisaged for a more reliable and smoother experience: regular and prompt updates, continuous support and wider outreach. Scholars can join the project as administrators or editors by contacting the author.</p>
    <p>The ultimate aim of the catalogue is not only to be used as a project reference tool but also to bring together scholars in the field, thus systematically and collaboratively creating a unique bank of data which would figure alongside other prominent Digital Humanities resources such as <hi rend="italic">centerNet,</hi> the <hi rend="italic">Digital Classicist Wiki</hi> and the various associations (<hi rend="italic">ADHO, ACH, ALLC,</hi> etc.).</p>
</div>

</body>

<back>
<div type="Notes">

 <note xml:id="n01" n="1">Still active on the web</note>

<note xml:id="n02" n="2">Dr. Patrick Sahle's <hi rend="italic">Catalog of Digital Scholarly Editions</hi> (available at: <ref type="url" target="http://www.uni-koeln.de/~ahz26/vlet/vlet-about.html">http://www.uni-koeln.de/~ahz26/vlet/vlet-about.html</ref>); Dr. Paolo Monella (available at: <ref type="url" target="http://goo.gl/smy6p">http://goo.gl/smy6p</ref>, section 2.2); Dr. Cinzia Pusceddu (available at: <ref type="url" target="http://www.digitalvariants.org/e-philology">http://www.digitalvariants.org/e-philology</ref>); Dr. Aurélien Berra (available at: <ref type="url" target="http://philologia.hypotheses.org/corpus">http://philologia.hypotheses.org/corpus</ref>); the <hi rend="italic">Monastic Manuscript Project</hi> (available at: <ref type="url" target="http://earlymedievalmonasticism.org/listoflinks.html#Digital">http://earlymedievalmonasticism.org/listoflinks.html#Digital</ref>); Hunter College (available at: <ref type="url" target="http://goo.gl/cBjci">http://goo.gl/cBjci</ref>); the <hi rend="italic">Digital Classicist</hi> (available at: <ref type="url" target="http://goo.gl/r8eUt">http://goo.gl/r8eUt</ref> and <ref type="url" target="http://goo.gl/GSpLl">http://goo.gl/GSpLl</ref>) and the <hi rend="italic">Associazione per l’Informatica Umanistica e la Cultura Digitale</hi> wikis (available at: <ref type="url" target="http://www.digitalclassicist.org/wip/index.html">http://www.digitalclassicist.org/wip/index.html</ref>). Another notable catalogue is UCLA’s <hi rend="italic">Catalogue of Digitized Medieval Manuscripts</hi> which, however, records some 3126 fully digitised manuscripts as opposed to digital editions (available at: <ref type="url" target="http://manuscripts.cmrs.ucla.edu/index.php">http://manuscripts.cmrs.ucla.edu/index.php</ref> ).</note>

<note xml:id="n03" n="3">Available at: <ref type="url" target="http://www.tei-c.org/Activities/Projects/index.xml">http://www.tei-c.org/Activities/Projects/index.xml</ref> (Accessed: 2 March 2013).</note>

<note xml:id="n04"  n="4"> The <hi rend="italic">Ancient World Online</hi> (available at: <ref type="url" target="http://ancientworldonline.blogspot.co.uk/">http://ancientworldonline.blogspot.co.uk/</ref>); arts-humanities.net (available at: <ref type="url" target="http://www.arts-humanities.net/">http://www.arts-humanities.net/</ref>); <hi rend="italic">Digital Classicist</hi> seminars (available at: <ref type="url" target="http://www.digitalclassicist.org/wip/index.html">http://www.digitalclassicist.org/wip/index.html</ref>).</note>

<note xml:id="n05"  n="5">The data can be exported in different formats: Microsoft Excel (.xlsx); Open Document Format (.ods); PDF Document (.pdf); Comma Separated Values (.csv); Plain Text (.txt); Web Page (.html).</note>



</div>
</back>
</text>
</TEI>
