<?xml version="1.0" encoding="UTF-8"?>
<?oxygen RNGSchema="http://jetson.unl.edu/cdrh/schemas/tei_all.rng" type="xml"?>
<TEI xmlns="http://www.tei-c.org/ns/1.0" xml:id="ab-163">
    
<teiHeader>
<fileDesc>
<titleStmt>
<title>Widening the Big Tent: Amateurs and the “Failure of the Digital Humanities”</title>
<author>
<name><surname>Rowberry</surname>, <forename>Simon</forename></name>
<affiliation>University of Winchester, United Kingdom</affiliation>
<email>simon.rowberry@winchester.ac.uk</email>
</author>
</titleStmt>
<publicationStmt>
<authority></authority>
<publisher>University of Nebraska-Lincoln</publisher>
<distributor>
<name>Center for Digital Research in the Humanities</name>
 <address>
<addrLine>319 Love Library</addrLine>
<addrLine>University of Nebraska&#8211;Lincoln</addrLine>
<addrLine>Lincoln, NE 68588-4100</addrLine>
<addrLine>cdrh@unlnotes.unl.edu</addrLine>
</address>
</distributor>
<pubPlace>Lincoln, Nebraska</pubPlace> 
<address>
<addrLine>University of Nebraska-Lincoln</addrLine>
<addrLine>Lincoln, NE 68588-4100</addrLine>
</address>
<availability>
<p></p>
</availability>
</publicationStmt>

<notesStmt><note type="abstract">This paper considers the role of amateur projects of literary texts which are still protected under copyright. This paper demonstrates that although many literary texts published post-1922 are not deeply embedded within the Digital Humanities tradition due to their copyright status, these texts have a clear future as an object of study in the Digital Humanities. These amateur projects start without funding or faculty blessing and are thus free to explore the possibilities of connecting with these texts. The variety of amateur approaches and their usefulness reveals the need for careful decisions of how to interface with these print texts rather than rushing in to the most obvious approach.</note></notesStmt>
    
<sourceDesc>
<p>No source: created in electronic format.</p>
<p>
<date when="20130719"></date>
<time when="08:30:00"></time>
</p>
<p n="session">SP14</p>
</sourceDesc>
</fileDesc>

<profileDesc>
<textClass>
<keywords scheme="original" n="category">
<term>Paper</term>
</keywords>
<keywords scheme="original" n="subcategory">
<term>Short Paper</term>
</keywords>
<keywords scheme="original" n="keywords">
<term>Crowdsourcing interpretation</term>
<term>Amateurs</term>
<term>MediaWiki</term>
<term>Twitter</term>
</keywords>
<keywords scheme="original" n="topic">
<term>literary studies</term>
<term>internet/world wide web</term>
<term>hypertext</term>
<term>visualisation</term>  
<term> english studies</term>
<term>social media</term>
<term>crowdsourcing</term>
                
                
</keywords>
</textClass>
</profileDesc>
    
<revisionDesc>
<change>
<date when="2013-03-29"></date>
<name>Erin Pedigo</name>
<desc>Initial encoding</desc>
</change>
</revisionDesc>
</teiHeader>
    
<text type="paper">
<body>
<div>

<head>The Failure of the Digital Humanities</head>

    <p>Mark Sample’s “Unseen and Unremarked On: Don DeLillo and the Failure of the Digital Humanities” argues that post-1922 literary texts are being left behind as a part of the Digital Humanities (Sample 2012). This is a direct result of the Sonny Bono, or “Mickey Mouse,” Copyright Term Extension Act, another apparent move towards perpetual copyright. These difficulties are compounded by other obstacles including closed access or disorganised archives, insufficient preservation tools for early computer usage, and authors who simply refuse to embrace the digital. Without the necessary permissions or archival material, scholars of these twentieth century scholars are becoming increasingly envious of their colleagues, who develop tools that would equally aid interpretation of these more recent authors. Mid-twentieth century literature is of particular relevance to Digital Humanities research, since many frequently cited precursors of electronic literature including Vladimir Nabokov’s <hi rend="italic">Pale Fire</hi> (1962), Julio Cortázar’s <hi rend="italic">Rayuela</hi> (1963), and the short stories of Jorge Luis Borges’s <hi rend="italic">Ficciones</hi> (originally published c.1960s), are still protected by the Sonny Bono Copyright Term Extension Act. Many of the theoretical issues that have been teased out of these texts &#8212; especially early hypertext theory (see Landow 1992; Bolter 1991; Joyce 2002) &#8212; perhaps can only truly be tested once many of these texts have been the subject of digital experimentation. This paper argues that although these projects are often not being carried out by faculty members, the need and potential uses for such tools among non-academic readers is demonstrated through the samizdat distribution of online versions and tools readily available for all those who wish to conduct a Google search. The launch of the first authorized Pynchon e-books (Flood 2012) was met with dismissive claims that better samizdat copies had been in circulation for many years beforehand. These projects are coming into fruition externally to traditional (digital) humanities departments, spreading out to computer scientists’ extracurricular projects or the work of those outside of the academy who build digital tools and resources for the love of the original literary artefact. A few examples of the diverse work being undertaken includes wikis (for authors such as Thomas Pynchon (Ware 2006) and Terry Pratchett (Anon. 2005)) databases (<hi rend="italic">Finnegans Wake</hi> Extensible Elucidation Treasury (FWEET)) (Slepon 2005), interpretations of literary texts through social media on both a single platform, and a dense and complex ecosystem of literary engagement and reception (such as the recently organized group read of William Gaddis’s JR centralised around the Twitter hashtag #occupygaddis) and many other forms that demonstrate potential platforms for further research and development.</p>
</div>

<div>
<head>Literature Review</head>
    <p>This study fits into a wider field of readership and reception studies, an interdisciplinary research subject, which has had some crossover within the Digital Humanities. Anouk Lang’s edited collection, <hi rend="italic">From Codex to Hypertext: Reading at the Turn of the Twenty-First Century</hi>, which includes chapters on how reader recommendation systems are changing in the digital age (Wright 2012), the community of LibraryThing (Pinder 2012), and the network of reader reviews on Amazon (Finn 2012). Furthermore, the present study runs parallel to crowdsourcing in the Digital Humanities, most recently exemplified by the Transcribe Bentham Project (Causer and Wallace 2012), as many projects involve large numbers of volunteers to organize materials. Moreover, as Henry Jenkins <hi rend="italic">et al.</hi> have recently suggested, the easy transmission and manipulability of media in the early twenty-first century is essential to ensure the text’s viability, and the evidence of fan communities exploring literary texts suggests a desire for these more of these platforms. (Jenkins, Ford, and Green 2013) There have also been more specific papers exploring the use of particular social network platforms for literary reception (see Schroeder and den Besten 2009; Ketzan 2012) and how the use of these tools reflect the development of underlying software through the way users build on the platform (Howison and Crowston 2011).</p>
</div>

<div>
<head>Do “Amateurs” Fit into the Big Tent of the Digital Humanities?</head>

    <p>There has been a considerable debate concerning the purview of the Digital Humanities, particularly the extent to which building tools is essential to being described as Digital Humanities. (Svensson 2012) This paper asserts that the Big Tent should be widened to include a broader spectrum of scholars, amateur or professional, who engage with the transformational nature of digital tools, whether engaging with new methods of collaborating and presenting interpretive data or building databases to explore the manipulable nature of the original texts. These pockets of activity demonstrate a potential audience for these tools and push the boundaries of what counts as fair use in ways that academic institutions typically shy away from for fear of lawsuits. The deformative acts (Samuels and McGann 1999) these projects often engage in can thus reveal the ways in which these texts reflect a Digital Humanities agenda despite their marginalized status as both amateur projects and remediated texts (Bolter and Grusin 2000) still protected by copyright. Furthermore, there is evidence of the acceptance of these projects through examining the number of citations to some of the most prominent projects such as FWEET, which has been cited as both an exemplar of hypertextuality (Krapp 2005) and a reference guide for Joyce’s enigmatic text comparable to Roland McHugh’s authoritative <hi rend="italic">Annotations to Finnegans Wake.</hi> (Conley 2007) Thus, we can witness how these projects engage with the academy.</p>
</div>

<div>
<head>Case Studies</head>

    <p>The present study focuses on two case studies to illustrate the range of productivity that has engaged the non-Digital Humanities community for two twentieth-century authors: James Joyce and Vladimir Nabokov. These two authors represent polar opposites regarding their respective estates’ view of intellectual property rights and digital media. The Joyce estate has been involved in a couple of high profile copyright disputes leading to the dissolution of some major digital editions of Joyce’s work, most prominently, Michael Groden’s “Digital <hi rend="italic">Ulysses</hi>.” On the other hand, FWEET, maintained by Raphel Slepon, a former medical researcher and programmer, runs counter to the usually aggressive policies of the Joyce estate. FWEET collates allusions from McHugh’s <hi rend="italic">Annotations to Finnegans Wake</hi> (1980) and other major reference guides to Joyce’s novel, as well as material collected from a range of independent contributors, into a database which allows the user to sift through a taxonomy of references, view all the noted allusions on a line-by-line basis, or search for particular tropes. The original text is obfuscated by the database’s interface and thus the website acts as a reference guide primarily rather than a readable digital edition of the text. </p>
    <p>Meanwhile, the Nabokov estate has occasionally granted the use of his texts for digital work despite taking an aggressive policy towards intellectual property rights in post-Soviet Russia. Two digital Nabokov projects have been sanctioned since 1967: Ted Nelson’s demonstration of <hi rend="italic">Pale Fire</hi> as a hypertext in the late 1960s and Brian Boyd’s <hi rend="italic">Ada</hi> Online. Alongside these official projects, there have been a plethora of hypertext experiments with the whole or parts of <hi rend="italic">Pale Fire</hi>. These examples of remediation begin to explore the generative network of Nabokov’s most complex novel and demonstrate the novel’s effectiveness as a precursor of hypertext literature. Both case studies highlight how two respected authors’ works are being transformed by digital media without the intervention of digital humanists. Through careful study of the digital reception of the texts, we can not only learn how these texts are being transmitted and circulated by a popular audience, but also start to understand how these texts, currently protected by strict copyright laws, can and will be part of a wider Digital Humanities ecology.</p>
</div>


    
</body>
    
<back>
<div type="References">
<listBibl>
                
<bibl><hi rend="bold">Anon. </hi> (2005). Annotations &#8212; Discworld &amp; Pratchett Wiki. <ref type="url" target="http://wiki.lspace.org/mediawiki/index.php/Main_Page">http://wiki.lspace.org/mediawiki/index.php/Main_Page</ref> (accessed 30 October 2012).</bibl>

<bibl><hi rend="bold">Bolter, J. D.</hi> (1991). <hi rend="italic">Writing Space: The Computer, Hypertext, and the History of Writing.</hi> Hillsdale: Lawrence Erlbaum Associates.</bibl>

<bibl><hi rend="bold">Bolter, J. D. and R. Grusin</hi> (2000). <hi rend="italic">Remediation: Understanding New Media.</hi> Cambridge, MA: The MIT Press.</bibl>

<bibl><hi rend="bold">Causer, T., and V. Wallace </hi> (2012). Building A Volunteer Community: Results and Findings from Transcribe Bentham <hi rend="italic">Digital Humanities Quarterly</hi> 6.2 <ref type="url" target="http://www.digitalhumanities.org/dhq/vol/6/2/000125/000125.html">http://www.digitalhumanities.org/dhq/vol/6/2/000125/000125.html</ref>.</bibl>

<bibl><hi rend="bold">Conley, T.</hi> (2007). Annotations to ‘Finnegans Wake’ (review). <hi rend="italic">James Joyce Quarterly</hi> <hi>1 (2)</hi>. 363–366. </bibl>

<bibl><hi rend="bold">Finn, E. </hi> (2012). New Literary Cultures: Mapping the Digital Networks of Toni Morrison. In <hi rend="italic">From Codex to Hypertext: Reading at the Turn of the Twenty-First Century</hi>, ed. Anouk Lang, 177–202. Amherst and Boston: University of Massachusetts Press.</bibl>

<bibl><hi rend="bold">Flood, A. </hi> (2012). Thomas Pynchon Finally Gives in to Gravity as Digital Backlist Is Published. <hi rend="italic">The Guardian.</hi> <ref type="url" target="http://www.guardian.co.uk/books/2012/jun/13/thomas-pynchon-digital-backlist-published">http://www.guardian.co.uk/books/2012/jun/13/thomas-pynchon-digital-backlist-published</ref> (accessed 25 October 2012).</bibl>

<bibl><hi rend="bold">Howison, J., and K. Crowston</hi> (2011). Collaboration Through Superposition: How the IT Artifact as an Object of Collaboration Affords Technical Interdependence Without Organizational Interdependence. <hi rend="italic">Institute for Software Research. Paper 491.</hi> <ref type="url" target="http://repository.cmu.edu/isr/491">http://repository.cmu.edu/isr/491</ref> (accessed 30 October 2012)</bibl>

<bibl><hi rend="bold">Jenkins, H., S. Ford, and J. Green</hi> (2013). <hi rend="italic">Spreadable Media: Creating Value and Meaning in a Networked Culture.</hi> New York and London: New York University Press.</bibl>

<bibl><hi rend="bold">Joyce, M.</hi> (2002). <hi rend="italic">Of Two Minds: Hypertext, Pedagogy and Poetica.</hi> Ann Arbor: University of Michigan Press.</bibl>

<bibl><hi rend="bold">Ketzan, E.</hi> (2012). 'Literary Wikis: Crowd-sourcing the Analysis and Annotation of Pynchon, Eco and Others'. <hi rend="italic">Digital Humanities 2012</hi>. held 16-22 July in Hamburg, Germany.</bibl>

<bibl><hi rend="bold">Krapp, P.</hi> (2005). Hypertext Avant La Lettre. In  Hui Kyong Chun, W. and Keenan, T. (eds). <hi rend="italic">New Media Old Media: A History and Theory Reader</hi>. 359–373. New York: Routledge.</bibl>

<bibl><hi rend="bold">Landow, G. P.</hi> (1992). <hi rend="italic">Hypertext: The Convergence of Contemporary Critical Theory and Technology.</hi> Baltimore and London: The Johns Hopkins University Press.</bibl>

<bibl><hi rend="bold">McHugh, R.</hi> (1980). <hi rend="italic">Annotations to Finnegans Wake.</hi> London: Routledge &amp; Kegan Paul.</bibl>

<bibl><hi rend="bold">Pinder, J.</hi> (2012). Online Literary Communities: A Case Study of LibraryThing. In  Lang, A. (ed). <hi rend="italic">From Codex to Hypertext: Reading at the Turn of the Twenty-First Century</hi>, 68–87. Amherst: University of Massachusetts Press.</bibl>

<bibl><hi rend="bold">Sample, M.</hi> (2012). Unseen and Unremarked On: Don DeLillo and the Failure of the Digital Humanities. In <hi rend="italic">Debates in the Digital Humanities</hi>, ed. Gold, M. K., 187–201. Minneapolis and London: University of Minnesota Press.</bibl>

<bibl><hi rend="bold">Samuels, L., and J. J. McGann</hi> (1999). Deformance and Interpretation. <hi rend="italic">New Literary History</hi> 30(1). 25–56.</bibl>

<bibl><hi rend="bold">Schroeder, R., and M. den Besten</hi> (2009). Literary Sleuths Online: e-Research Collaboration on the Pynchon Wiki. <ref type="url" target="http://papers.ssrn.com/sol3/papers.cfm?abstract_id=1086671">http://papers.ssrn.com/sol3/papers.cfm?abstract_id=1086671</ref> (accessed 9 October 2012).</bibl>

<bibl><hi rend="bold">Slepon, R.</hi> (2005). Love’s Old Fweet Fong. <hi rend="italic">FWEET</hi>. <ref type="url" target="http://fweet.org/pages/fw_prlg.php">http://fweet.org/pages/fw_prlg.php</ref> (accessed 30 October 2012).</bibl>

<bibl><hi rend="bold">Svensson, P.</hi> (2012). Beyond the Big Tent. In Gold, M. K. <hi rend="italic">Debates in the Digital Humanities</hi>. 36–49. Minneapolis and London: University of Minnesota Press.</bibl>

<bibl><hi rend="bold">Ware, T.</hi> (2006-). Thomas Pynchon Wiki &#8212; A Literary/Literature Wiki. <ref type="url" target="http://pynchonwiki.com/">http://pynchonwiki.com/</ref> (accessed 30 October 2012).</bibl>

<bibl><hi rend="bold">Wright, D.</hi> (2012). Literary Taste and List Culture in a Time of ‘Endless Choice’. In Lang, A. (ed). <hi rend="italic">From Codex to Hypertext: Reading at the Turn of the Twenty-First Century</hi>. 108–123. Amherst: University of Massachusetts Press.</bibl>
</listBibl>
</div>
</back>
</text>
</TEI>