<?xml version="1.0" encoding="utf-8"?>
<?oxygen RNGSchema="http://jetson.unl.edu/cdrh/schemas/tei_all.rng" type="xml"?>
 <TEI xmlns="http://www.tei-c.org/ns/1.0" xml:id="ab-122">

<teiHeader>
<fileDesc>
<titleStmt>
<title>Academic Migrants: A Digital Discussion of Transnational Teaching and Learning</title>
<author>
<name><surname>Donaldson</surname>, <forename>Olivia</forename></name>
<affiliation>Nazarbayev University, Kazakhstan</affiliation>
<email>odonaldson@nu.edu.kz</email>
</author>
</titleStmt>
<publicationStmt>
<authority></authority>
<publisher>University of Nebraska-Lincoln</publisher>
<distributor>
<name>Center for Digital Research in the Humanities</name>
<address>
<addrLine>319 Love Library</addrLine>
<addrLine>University of Nebraska&#8211;Lincoln</addrLine>
<addrLine>Lincoln, NE 68588-4100</addrLine>
<addrLine>cdrh@unl.edu</addrLine>
</address>
</distributor>
<pubPlace>Lincoln, Nebraska</pubPlace> 
<address>
<addrLine>University of Nebraska-Lincoln</addrLine>
<addrLine>Lincoln, NE 68588-4100</addrLine>
</address>
<availability>
<p></p>
</availability>
</publicationStmt>

<notesStmt><note type="abstract">This project employs digital storytelling to investigate the processes and impacts of academic migration. During the 2012-2013 academic year, international faculty members and Kazakh students at the newly opened Nazarbayev University in Kazakhstan have the opportunity to contribute personal narratives of academic migration to a database. The ensemble of narratives explores how personal experiences of migration overlap and/or vary, and how migration impacts teaching and learning on trans/national scales. Putting first-hand accounts into dialogue with research on academic migration and migration more generally, the project’s designer asks: How does the collection of digital narratives from the Nazarbayev University campus community contribute to current research on migration? What do the narratives reveal about the formation of individual and national identities in an era of increased migration and information technology? And, how does the project’s digital storytelling platform promote transnational discussion, thereby impacting trends in higher education?</note></notesStmt>

<sourceDesc>
<p>No source: created in electronic format.</p>
<p>
<date when="20130719"></date>
<time when="08:30:00"></time>
</p>
<p n="session">SP14</p>
</sourceDesc>
</fileDesc>

<profileDesc>
<textClass>
<keywords scheme="original" n="category">
<term>Paper</term>
</keywords>
<keywords scheme="original" n="subcategory">
<term>Short Paper</term>
</keywords>
<keywords scheme="original" n="keywords">
<term>storytelling</term>
<term>migration</term>
<term>education</term>
</keywords>
<keywords scheme="original" n="topic">
<term>audio</term>
<term>video</term>
<term>multimedia</term>
<term>literary studies</term>
<term>other</term>
<term>cultural studies</term>
</keywords>
</textClass>
</profileDesc>

<revisionDesc>
<change>
<date when="2013-03-29"></date>
<name>Erin Pedigo</name>
<desc>Initial encoding</desc>
</change>
</revisionDesc>
</teiHeader>

<text type="paper">
<body>
<div>

<div>
<head>1. Overview</head>

<p>This short paper offers a progress report on the first digital humanities project being conducted at Nazarbayev University, a newly established English-language institution in Kazakhstan. During the 2012-2013 and 2013-2014 academic years, international faculty members and Kazakh students have the opportunity to contribute personal narratives of academic migration to an open-access digital database. The ensemble of narratives documents personal experiences of migration while investigating how academic migration impacts teaching and learning on trans/national scales. Putting the digital accounts into dialogue with print research on academic migration and migration more generally, the short paper probes the following questions: How does the collection of digital narratives from the Nazarbayev University campus community enhance or problematize current research on migration? What does the digital collection reveal about the formation of individual and national identities in an era of increased migration and information technology? And, how does the project’s digital storytelling framework promote transnational dialogue about teaching and learning, thereby impacting trends in higher education?</p>
</div>

<div>
<head>2. Context and Content</head>

<p>“Academic Migrants” investigates experiences and impacts of academic migration through digital storytelling. The project focuses on the unique case study of academic migration to Nazarbayev University in Astana, Kazakhstan. Migration for academic purposes is integral to the mission of this English-language university. In 2011, Nazarbayev University opened its undergraduate programs in partnership with major international institutions of higher learning including the University of Wisconsin-Madison and the University College London. The faculty consists primarily of scholars trained in North America and Europe, while the student body hails from all regions of the vast country. Over the course of the 2012-2013 and 2013-2014 academic years, students and faculty are invited to contribute personal accounts of academic migration to a project website. </p>

<p>This case study of academic migration contributes to developments in the field of migration studies. In the post-war period of the 1940s, the field of migration studies began to take root in the United States, the United Kingdom and other Western European countries. According to Castles and Miller, a great deal of research in the field has and continues to focus on the political and economic causes and consequences of migratory patterns implicating the U.S. and other global powers. Though much of this research has centered on the migration of unskilled laborers, more recent scholarship takes into consideration the migration of skilled workers. In the past five years, the subfield of “academic migration” has emerged to shed light on the experiences of educated individuals migrating because of academic pursuits. A growing number of social scientists are investigating the impacts of the migration of academics from “developing” countries to North American and European nations. An annual conference on the subject began in 2009 (<ref target="http://www.fbmk.upm.edu.my/ICAMM3/">http://www.fbmk.upm.edu.my/ICAMM3/</ref>) and an anthology appeared in 2011 (Dervin). Existing studies overwhelmingly focus on what is termed a “brain drain” phenomenon, studying for example the movement of highly educated individuals from Africa to Europe or from former Soviet republics, like Kazakhstan, to Russia. “Academic Migrants” moves away from the “brain drain” framework to present a different narrative of academic migration. In offering a case study of academic migration that hinges on the movement of North American and European scholars to the post-Soviet capital of Astana, this project addresses new trends in both migration and higher education. </p>
</div>

<div>
<head>3. Methods</head>

<p>Essential to the project is its use of digital storytelling to document and investigate the causes and implications of academic migration on personal, national and transnational levels. The use of first-hand narratives is inspired by the work of scholars like Homi Bhaba, Stuart Hall and Avtar Brah who draw from their personal experiences of migrating from the “global south” to the “global north” to deconstruct problematic North/South and West/East paradigms. These authors’ cultural theories of hybrid identity and diasporic space challenge the Western-centric foundation and bi-directional focus of migration studies. Similarly, “Academic Migrants” draws from the personal narratives of students and faculty to challenge problematic West/Rest paradigms in its study of migration to and within Kazakhstan in the post-Soviet period. Participants have the option of contributing narratives in written, oral and/or visual formats, and contributions will be arranged on the project website according to particular themes or questions such as the home/land, language and translation, globalization, and so forth. The general public will have the opportunity to interact with the campus community by responding to the digital stories and contributing to online discussions about topics pertinent to academic migration.</p>
</div>

<div>
<head>4. Outcomes</head>

<p>In using interactive digital storytelling to document and generate discussion about academic migration, this project probes how life narratives can enhance our understanding of the causes and consequences of migration. Specifically, the ensemble of audio-visual and written narratives explores various reasons for which individuals become academic migrants, how personal experiences of migration overlap and/or vary, and how migration impacts teaching and learning on national and transnational scales. In addition to illuminating the varied experiences of academic migrants at Nazarbayev University and informing our understanding of migration, the digital collection invites public dialogue about migration that extends beyond national and academic frontiers.</p>
</div>




                
</div>

</body>

<back>
<div type="References">

<listBibl>


<bibl><hi rend="bold">Bhabha, H. </hi> (1994). <hi rend="italic">The Location of Culture</hi>. London: Routledge.</bibl>

<bibl><hi rend="bold">Brah, A.</hi> (1996). <hi rend="italic">Cartographies of Diaspora: Contesting Identities</hi>. New York: Routledge. </bibl>

<bibl><hi rend="bold">Castles, S., and M. Miller</hi> (2003). <hi rend="italic">The Age of Migration: International Population Movements in the Modern World</hi>. London: Guilford.</bibl>

<bibl><hi rend="bold">Dervin, F.</hi> (2011). <hi rend="italic">Analysing the Consequences of Academic Mobility and Migration</hi>. New Castle upon Thyne: Cambridge Scholars.</bibl>

<bibl><hi rend="bold">Hall, S.</hi> (1990). Cultural Identity and Diaspora. In Rutherford, J. (ed), <hi rend="italic">Identity: Community, Culture, Difference</hi>. London: Lawrence. 222-237.</bibl>



</listBibl>
</div>
</back>
</text>
</TEI>

