<?xml version="1.0" encoding="utf-8"?>
<?oxygen RNGSchema="http://jetson.unl.edu/cdrh/schemas/tei_all.rng" type="xml"?>
 <TEI xmlns="http://www.tei-c.org/ns/1.0" xml:id="ab-149">

<teiHeader>
<fileDesc>
<titleStmt>
<title>The Crowdsourcing Process: Decisions about Tasks, Expertise, Communities and Platforms</title>
<author>
<name><surname>Siemens</surname>, <forename>Lynne</forename></name>
<affiliation>University of Victoria, Canada</affiliation>
<email>siemensl@uvic.ca</email>
</author>
</titleStmt>
<publicationStmt>
<authority></authority>
<publisher>University of Nebraska-Lincoln</publisher>
<distributor>
<name>Center for Digital Research in the Humanities</name>
<address>
<addrLine>319 Love Library</addrLine>
<addrLine>University of Nebraska&#8211;Lincoln</addrLine>
<addrLine>Lincoln, NE 68588-4100</addrLine>
<addrLine>cdrh@unl.edu</addrLine>
</address>
</distributor>
<pubPlace>Lincoln, Nebraska</pubPlace> 
<address>
<addrLine>University of Nebraska-Lincoln</addrLine>
<addrLine>Lincoln, NE 68588-4100</addrLine>
</address>
<availability>
<p></p>
</availability>
</publicationStmt>

<notesStmt><note type="abstract">As crowdsourcing is introduced into more activities, it becomes important to understand “how to manage the crowd in a networked society” to ensure that a project achieves its objectives. While the use of crowdsourcing is increasing, little work has been done to understand ways to organize the work to ensure that this crowd’s contribution is delivered within an academic’s project’s schedule, budget and other resources and to the required quality standard. This paper will contribute to this discussion by reviewing the literature to suggest a crowdsourcing process framework explore the range of decisions that must be addressed in advance to ensure quality and successful project outcomes. In addition, it will report on interviews with several crowdsourcing projects with regards to their workflow organization. The paper will conclude with recommendations for projects contemplating this tool as a way to reach project outcomes with limited project funds.</note></notesStmt>

<sourceDesc>
<p>No source: created in electronic format.</p>
<p>
<date when="20130717"></date>
<time when="08:30:00"></time>
</p>
<p n="session">LP02</p>
</sourceDesc>
</fileDesc>

<profileDesc>
<textClass>
<keywords scheme="original" n="category">
<term>Paper</term>
</keywords>
<keywords scheme="original" n="subcategory">
<term>Long Paper</term>
</keywords>
<keywords scheme="original" n="keywords">
<term>crowdsourcing</term>
<term>project management</term>
</keywords>
<keywords scheme="original" n="topic">
<term>project design</term>
<term>organization</term>
<term>management</term>
<term>internet / world wide web</term>
<term>interdisciplinary collaboration</term>
<term>crowdsourcing</term>
</keywords>
</textClass>
</profileDesc>

<revisionDesc>
<change>
<date when="2013-04-03"></date>
<name>Laura Weakly</name>
<desc>Initial encoding</desc>
</change>
</revisionDesc>
</teiHeader>

<text type="paper">
<body>
<div>


<div>
<head>Introduction</head>

<p>Business, governments, community groups and academic projects are turning to crowdsourcing, an internet-based process, to facilitate access outside expertise needed to complete various tasks (Brabham, 2008; Howe, 2006).  This mechanism holds great potential for academic projects, particular for those involving large amounts of data that needs to be identified, transcribed, analyzed and/or catalogued.  It can often supplement meager project budgets by sourcing the work at relatively low cost (Corney et al., 2009; Holley, 2010).  Further, crowdsourcing supports growing calls for public engagement in research projects (SSHRC, 2012).  Several academic projects are at the forefront of this trend with public involvement in data classification (Galaxy Zoo, 2010), error correction in texts (Holley, 2009), text transcription and/or annotation (Transcribe Bentham, 2012; Zou, 2011; Pynchonwiki, nd; Siemens, 2012), cataloging and metadata and database creation (The Bodleian Library, 2012; Picture Australia, nd), and many others.</p>
  
<p>As crowdsourcing is introduced into more activities, it becomes important to understand “how to manage the crowd in a networked society” to ensure that a project achieves its objectives (DISH, 2011). Initial studies in participation motivation have found that individuals are interested in participating in a larger cause, using their skills, earning recognition and/or being part of a community, and potentially money (Wexler, 2011; Organisciak, 2010; Raddick et al., 2010; Brabham, 2008, 2010).  Other research has focused on the most appropriate ways to solicit and encourage participation among a potential community of contributors by making the activity in question fun, presenting a big challenge to be undertaken, and reporting on progress regularly (Digital Fishers, nd; Holley, 2012).  However, most of the resaerch has been conducted within the private sector context and on short-term projects with little need to manage volunteers over a longer period of time (Wexler, 2011), which may limit the applicability of results to academic projects.</p>

<p>While the use of crowdsourcing is increasing, little work has been done to understand ways to organize the work to ensure that this crowd’s contribution is delivered within an academic’s project’s schedule, budget and other resources and to the required quality standard (Geiger et al., 2011; Organisciak, 2011).  In particular, projects need to understand the most appropriate ways to organize work flows, technical infrastrucure, and staffing requirements to manage volunteers and confirm quality (Zou, 2011). Opportunity exists to build from reflections of several projects to understand these issues (DISH, 2011; Holley, 2012; Zou, 2011; Corney et al., 2009; Holley, 2009).</p>

<p>This paper will contribute to this discussion by reviewing the literature to suggest a crowdsourcing process framework explore the range of decisions that must be addressed in advance to ensure quality and successful project outcomes.  In addition, it will report on interviews with several crowdsourcing projects with regards to their workflow organization.  The paper will conclude with recommendations for projects contemplating this tool as a way to reach project outcomes with limited project funds.</p>
</div>


<div>
<head>Literature Review   </head>

<p>While no common definition exists for crowdsourcing (Holley, 2010), every crowdsourcing project shares several components.  As seen in Figure 1, there must be an organization, a particular task to be completed to meet project goals and outcomes at a specified quality level, and a community, comprised of both experts and novices, which is willing to do the work for little or no money.  These interactions are facilitated through an internet-based platform (Brabham, 2012; Schenk et al., 2011; Geiger et al., 2011; Tong et al., 2012).  The interested organization must make a series of decisions regarding the type of expertise, qualification and/or knowledge required, the presence of a contributors, the mechanisms by which they will participate and contribute, project remuneration, motivators to keep participants engaged, and quality control mechanisms (Geiger et al., 2011; Corney et al., 2009; Rouse, 2010; Organisciak, 2011).  The range of tasks and required expertise can be seen along the continuum in Figure 2.</p>

<figure>
<graphic url="ab-149.001" />
<head>Figure 1: Crowdsourcing Approach</head>
<p>(Adapted from Geiger et al., 2011; Corney et al., 2009; Rouse, 2010)</p>
</figure>

<figure>
<graphic url="ab-149.002" />
<head>Figure 2: Crowdsourcing Task Continuum</head>
<p>(Adapted from Corney et al., 2009; Rouse, 2010)</p></figure>

<p>Ultimately, projects then select the appropriate interface to both solicit and receive contributions from the public in ways that keep the “crowd” motivated and participating (Tong et al., 2012; Organisciak, 2010, 2011). </p> 
</div>

<div>
<head>Methods</head>

<p>This project uses a qualitative research approach with in-depth interviews with members of crowdsourcing projects.  The interview questions focus on the participants’ use of the “crowd” to achieve tasks, ways to organize workflows, type of infrastructure in place to support the work, and challenges (Marshall et al., 1999; McCracken, 1988).</p>

<p>At the time of writing this proposal, final data analysis is being completed.  The results will inform decision making needed to be made by projects to effectively and successfully use crowdsourcing.</p>

<p>This research will make several contributions to the knowledge base about ways to incorporate the public into academic projects.  First, it builds on work already undertaken to community and engage the public in academic research through crowdsourcing (Causer et al., 2012; Holley, 2009; Organisciak, 2010).  Second, it builds on earlier studies on participants’ motivation to participate in these projects with an exploration of the organization of the tasks, process, and other components of the crowdsourcing process from the perspective of the project itself (Brabham, 2010; Organisciak, 2010; Wexler, 2011).  Finally, it extends understanding about the nature of academic collaboration as projects expand relationships beyond the team to the public (Siemens, 2009).</p>
</div>

                
</div>

</body>

<back>
<div type="References">
<listBibl>
<bibl><hi rend="bold">Brabham, D. </hi> (2008). Crowdsourcing as a Model for Problem Solving: An Introduction and Cases. <hi rend="italic">Convergence: The International Journal of Research into New Media Technologies</hi>, <hi>14.1</hi>: 75-90.</bibl>

<bibl><hi rend="bold">Brabham, D. </hi> (2010). Moving the Crowd at Threadless: Motivations for Participation in a Crowdsourcing Application. <hi rend="italic">Information, Communication &amp; Society</hi>, <hi>13.8</hi>  1122-1145.</bibl>

<bibl><hi rend="bold">Brabham, D.</hi> (2012). The Myth of Amateur Crowds: A Critical Disccourse Analysis of Crowdsourcing Coverage. <hi rend="italic">Information, Communication &amp; Society</hi>, <hi>15.3</hi> 394-410.</bibl>

<bibl><hi rend="bold">Causer, T., J. Tonra, and V. Wallace</hi> (2012). Transcription Maximized; Expense Minimized? Crowdsourcing and Editing the Collected Works of Jeremy Bentham. <hi rend="italic">Literary and Linguistic Computing</hi>.</bibl>

<bibl><hi rend="bold">Corney, J. R., C. Torres-Sánchez, P. Jagadeesan, and W. Regli</hi> (2009). Outsourcing Labour to the Cloud. International Journal of Innovation and Sustainable Development, 4.4. 294-313.</bibl>

<bibl><hi rend="bold">Digital Fishers </hi> (nd). Digital Fishers. <ref type="url" target="http://digitalfishers.net/">http://digitalfishers.net/</ref> (accessed February 21, 2012).</bibl>

<bibl><hi rend="bold">Dish</hi> (2011). Theme: Co-Creation and Crowdsourcing. <ref type="url" target="http://www.dish2011.nl/themes/crowdsourcing-and-co-creation">http://www.dish2011.nl/themes/crowdsourcing-and-co-creation</ref> (accessed February 21, 2102).</bibl>

<bibl><hi rend="bold">Galaxy Zoo</hi> (2010). Galaxy Zoo. <ref type="url" target="http://www.galaxyzoo.org/">http://www.galaxyzoo.org/</ref> (accessed February 22, 2012).</bibl>

<bibl><hi rend="bold">Geiger, D., S. Seedorf, T. Schulze, R. Nicerson, et al. </hi> (2011). Managing the Crowd: Towards a Taxonomy of Crowdsourcing Processes. <hi rend="italic">Seventeenth Americas Conference on Information Systems</hi>. Detroit, Michigan.</bibl>

<bibl><hi rend="bold">Holley, R.</hi> (2009). <hi rend="italic">Many Hands Make Light Work: Public Collaborative Ocr Text Correction in Australian Historic Newspapers</hi>, National Library of Australia.</bibl>

<bibl><hi rend="bold">Holley, R.</hi> (2010). Crowdsourcing: How and Why Should Libraries Do It? <hi rend="italic">D-Lib Magazine</hi>.</bibl>

<bibl><hi rend="bold">Holley, R.</hi> (2012). Digital Cultural Heritage Awards for Crowdsourcing (and Thoughts on Gamification). <ref type="url" target="http://rose-holley.blogspot.com/2012/02/digital-cultural-heritage-awards-for.html">http://rose-holley.blogspot.com/2012/02/digital-cultural-heritage-awards-for.html</ref> (accessed February 21, 2012).</bibl>

<bibl><hi rend="bold">Howe, J. </hi> (2006). The Rise of Crowdsourcing. <hi rend="italic">Wired</hi>.</bibl>

<bibl><hi rend="bold">Marshall, C. and G. B. Rossman</hi> (1999). <hi rend="italic">Designing Qualitative Research</hi>, Thousand Oaks, California, SAGE Publications.</bibl>

<bibl><hi rend="bold">Mccracken, G.</hi> (1988). <hi rend="italic">The Long Interview</hi>. Newbury Park, CA: SAGE Publications.</bibl>

<bibl><hi rend="bold">Organisciak, P.</hi> (2010). Why Bother? Examining the Motivations of Users in Large-Scale Crowd-Powered Online Initiatives. <hi rend="italic">Humanities Computing &#8212; Library and Information Studies</hi>. Edmonton: University of Alberta.</bibl>

<bibl><hi rend="bold">Organisciak, P. </hi> (2011). When to Ask for Help: Evaluating Projects for Crowdsourcing. <hi rend="italic">Digital Humanities 2011</hi>. Stanford.</bibl>

<bibl><hi rend="bold">Picture Australia</hi> (nd). Trove: Australia in Pictures. <ref type="url" target="http://www.flickr.com/groups/pictureaustralia_ppe/">http://www.flickr.com/groups/pictureaustralia_ppe/</ref> (accessed </bibl>

<bibl><hi rend="bold">Pynchonwiki</hi> (nd). A Literary Wiki Exploring the Novels of Thomas Pynchon. <ref type="url" target="http://pynchonwiki.com">http://pynchonwiki.com</ref> (accessed </bibl>

<bibl><hi rend="bold">Raddick, M. J., Bracey, G., Gay, P. L., Lintott, C. J., et al.</hi> (2010). Galaxy Zoo: Exploring the Motivations of Citizen Science Volunteers. <hi rend="italic">Astronomy Education Review</hi>, <hi>9.1</hi>.</bibl>

<bibl><hi rend="bold">Rouse, A. C.</hi> (2010). A Preliminary Taxonomy of Crowdsourcing. <hi rend="italic">ACIS 2010</hi>. Brisbane, Australia.</bibl>

<bibl><hi rend="bold">Schenk, E. and C. Guittard</hi> (2011). Towards a Characterization of Crowdsourcing Practices. <hi rend="italic">Journal of Innovation Ecnomics</hi>, <hi>7.1</hi>: 93-107.</bibl>

<bibl><hi rend="bold">Siemens, L.</hi> (2009). 'It's a Team If You Use "Reply All": An Exploration of Research Teams in Digital Humanities Environments. <hi rend="italic">Literary &amp; Linguistic Computing</hi>, <hi>24.2</hi>: 225-233.</bibl>

<bibl><hi rend="bold">Siemens, R.</hi> (2012). A Social Edition of the Devonshire Ms (Bl Add 17, 492). <ref type="url" target="http://en.wikibooks.org/wiki/The_Devonshire_Manuscript">http://en.wikibooks.org/wiki/The_Devonshire_Manuscript</ref></bibl>

<bibl><hi rend="bold">Sshrc</hi> (2012). Knowledge Mobilization. <ref type="url" target="http://www.sshrc-crsh.gc.ca/society-societe/community-communite/index-eng.aspx">http://www.sshrc-crsh.gc.ca/society-societe/community-communite/index-eng.aspx</ref></bibl>

<bibl><hi rend="bold">The Bodleian Library</hi> (2012). Help Us to Describe the Libraries' Digitised Music Collections. <ref type="url" target="http://www.whats-the-score.org">http://www.whats-the-score.org</ref></bibl>

<bibl><hi rend="bold">Tong, R., and K. R. Lakhani.</hi> (2012). <hi rend="italic">Public-Private Partnerships for Organizing and Executing Prize-Based Competitions</hi>. Berkman Centre for Internet &amp; Society.</bibl>

<bibl><hi rend="bold">Transcribe Bentham</hi> (2012). About Us. <ref type="url" target="http://www.ucl.ac.uk/transcribe-bentham/about/">http://www.ucl.ac.uk/transcribe-bentham/about/</ref>.</bibl>

<bibl><hi rend="bold">Wexler, M. N.</hi> (2011). Reconfiguring the Sociology of the Crowd: Exploring Crowdsourcing. <hi rend="italic">International Journal of Sociology and Social Policy</hi>, <hi>31.1-2</hi>: 6-20.</bibl>

<bibl><hi rend="bold">Zou, J. J.</hi> (2011). Civil War Project Shows Pros and Cons of Crowdsourcing. <ref type="url" target="http://chronicle.com/blogs/wiredcampus/civil-war-project-shows-pros-and-cons-of-crowdsourcing/31749">http://chronicle.com/blogs/wiredcampus/civil-war-project-shows-pros-and-cons-of-crowdsourcing/31749</ref> (accessed February 21, 2012).</bibl>

</listBibl>
</div>
</back>
</text>
</TEI>

