<?xml version="1.0" encoding="utf-8"?>
<?oxygen RNGSchema="http://jetson.unl.edu/cdrh/schemas/tei_all.rng" type="xml"?>
<TEI xmlns="http://www.tei-c.org/ns/1.0" xml:id="ab-137">

<teiHeader>
<fileDesc>
<titleStmt>
<title>“Making the Digital Humanities More Open”: Modeling Digital Humanities for a Wider
Audience</title>

<author>
<name><surname>Visconti</surname>, <forename>Amanda</forename></name>
<affiliation>Maryland Institute for Technology in the Humanities, University of Maryland; Department
of English, University of Maryland</affiliation>
<email>amandavisconti@gmail.com</email>
</author>

<author>
<name><surname>Guiliano</surname>, <forename>Jennifer</forename></name>
<affiliation>Maryland Institute for Technology in the Humanities, University of
Maryland</affiliation>
<email>jenguiliano@gmail.com</email>
</author>

<author>
<name><surname>Smith</surname>, <forename>James</forename></name>
<affiliation>Maryland Institute for Technology in the Humanities, University of
Maryland</affiliation>
<email>jgsmith@gmail.com</email>
</author>

<author>
<name><surname>Williams</surname>, <forename>George</forename></name>
<affiliation>Department of Languages, Literature, and Composition, University of South Carolina
Upstate</affiliation>
<email>georgehwilliams@gmail.com</email>
</author>

<author>
<name><surname>Bohon</surname>, <forename>Cory</forename></name>
<affiliation>Maryland Institute for Technology in the Humanities, University of
Maryland</affiliation>
<email>corybohon@gmail.com</email>
</author>


</titleStmt>
<publicationStmt>
<authority/>
<publisher>University of Nebraska-Lincoln</publisher>
<distributor>
<name>Center for Digital Research in the Humanities</name>
<address>
<addrLine>319 Love Library</addrLine>
<addrLine>University of Nebraska&#8211;Lincoln</addrLine>
<addrLine>Lincoln, NE 68588-4100</addrLine>
<addrLine>cdrh@unl.edu</addrLine>
</address>
</distributor>
<pubPlace>Lincoln, Nebraska</pubPlace>
<address>
<addrLine>University of Nebraska-Lincoln</addrLine>
<addrLine>Lincoln, NE 68588-4100</addrLine>
</address>
<availability>
<p/>
</availability>
</publicationStmt>

<notesStmt>
<note type="abstract">“Making the Digital Humanities More Open”, a NEH ODH Digital Humanities
Start-Up Grant Project, is creating a free and easy-to-use tool that enables end-users with a
variety of disabilities and abilities to access online humanities resources, allowing digital
humanities projects to share the products of their text-based projects with this often-neglected
audience of readers. During the year previous to DH 2013, our team will design and deploy a
WordPress-based accessibility tool that will create braille content for end-users who are blind or
low vision.</note>
</notesStmt>


<sourceDesc>
<p>No source: created in electronic format.</p>
</sourceDesc>
</fileDesc>

<profileDesc>
<textClass>
<keywords scheme="original" n="category">
<term>Poster</term>
</keywords>
<keywords scheme="original" n="subcategory">
<term></term>
</keywords>
<keywords scheme="original" n="topic">
<term>interface and user experience design</term>
<term>user studies / user needs</term>
<term>other</term>
<term>programming</term>
</keywords>
<keywords scheme="original" n="keywords">
<term>accessiblity</term>
<term>universal design</term>
<term>disability</term>
<term>content management systems</term>
<term>digital content</term>
</keywords>

</textClass>
</profileDesc>

<revisionDesc>
<change>
<date when="2013-04-08"/>
<name>Matthew Lavin</name>
<desc>Initial encoding</desc>
</change>
</revisionDesc>
</teiHeader>

<text type="poster">
<body>
<div>

<p>“Making the Digital Humanities More Open”, a NEH ODH Digital Humanities Start-Up Grant Project,
is creating a free and easy-to-use tool that enables end-users with a variety of disabilities and
abilities to access online humanities resources, allowing digital humanities projects to share the
products of their text-based projects with this often-neglected audience of readers. During the year
previous to DH 2013, our team will design and deploy a WordPress-based accessibility tool that will
create braille content for end-users who are blind or low vision. Specifically, we plan to extend
the use of Anthologize &#8212; a free and open source plug-in for WordPress that currently translates any
RSS text into PDF, ePub, HTML, or TEI &#8212; to include the conversion of text to braille. As a result, we
will not only make it easy for digital research content creators to convert a text into braille,
thereby extending humanities content to hundreds of thousands of visually disabled readers, but we
will also experiment with making braille available visually through the WordPress interface. This
tool will also make it possible to translate the textual content of an Omeka archive into braille
provided the site &#8212; like most that use Omeka &#8212; publishes an RSS feed; we’ll have conducted initial tests
of the tool by translating the existing <hi rend="italic">BrailleSC</hi> oral histories into braille, and then we will
reach out to other Omeka- and WordPress-based humanities computing projects to ask for their
cooperation and collaboration in translating their content. </p>
<p>Over the last several decades, scholars have developed standards for how best to create,
organize, present, and preserve digital information so that future generations of teachers,
students, scholars, and librarians may still use it. What has remained neglected for the most part,
however, are the needs of people with disabilities (Abou-Zahra). As a result, many of the otherwise
most valuable digital resources are useless for people who are blind or have low vision; the
barriers to participation are varied and include such obstacles as the high price of specialized
software and hardware, the advanced expertise that such software and hardware often requires, and
design choices that can prevent end-users with sensory disabilities from taking full advantage of
online resources (Fox). </p>
<p>For public humanities practitioners, including the many local museums, small organizations, and
individual scholars, our project provides an entrance into digital humanities communities that might
otherwise be obfuscated by the high costs of technology adoption, customization, and deployment.
Accessibility is important because disabled users need to be able to participate fully in humanities
research and teaching. In providing accessibility tools to disabled communities, we enrich their
individual research and learning efforts beyond the formal educational process. As the insights of
scholars working in disability studies in the humanities have shown, creating tools for individuals
with disabilities improves digital environments for all users (Williams). Our work aims to increase
participation by all people in experiencing and creating scholarly digital projects. </p>
<p>The deliverables of the project, all completed by May 2013, will be a public GitHub repository of
the code, a documentation guide, a pilot test of using a local LibLouis library with WordPress, a
pilot test of using a remote LibLouis library with WordPress and Anthologize, and a white paper
explaining what we’ve learned about various options for creating online braille documents. A demo of
the technical components of our work will be part of our poster presentation, but we will emphasize
the theoretical takeaways of the project, modeling the ways in which digital humanities projects
should be designed and implemented with the needs of disabled users in mind. We will discuss what we
have learned about accessibility for both digital humanities projects and digital writing in
general, and explore both the direct impact of this tool and the significance of opening digital
humanities work to a wider audience of participants. Our poster will be of interest to anyone
interested in the theory behind how we code and design digital humanities tools and site, designing
for universal and accessible use, and accessing, preserving, and working with the cultural histories
of people interacting with the braille form of reading and writing. </p>
</div>
</body>

<back>
<div type="References">

<listBibl>
<bibl><hi rend="bold">Abou-Zahra, S. (ed).</hi>  (2011). Evaluating Web Sites for Accessibility: Overview. Web Accessibility Initiative. World Wide Web Consortium. <ref type="url" target="http://www.w3.org/WAI">http://www.w3.org/WAI</ref>.</bibl>

<bibl><hi rend="bold">Fox, S.</hi> Americans Living with Disability and Their Technology Profile. Pew Research Center’s Internet &amp; American Life Project. <ref type="url" target="http://pewinternet.org/Reports/2011/Disability.aspx">http://pewinternet.org/Reports/2011/Disability.aspx</ref>. (accessed 21 January 2011).</bibl>

<bibl><hi rend="bold">Williams, G. H.</hi> (2012). Disability, Design, and the Digital Humanities. In <hi rend="bold">Gold, M. K.</hi> (ed.), <hi rend="italic">Debates in the Digital Humanities</hi>. Minneapolis: University of Minnesota Press. 202-212.</bibl>
</listBibl>
</div>
</back>
</text>
</TEI>
