<?xml version="1.0" encoding="UTF-8"?>

<?oxygen RNGSchema="http://jetson.unl.edu/cdrh/schemas/tei_all.rng" type="xml"?>
<TEI xmlns="http://www.tei-c.org/ns/1.0" xml:id="ab-158">
    
<teiHeader>
<fileDesc>
<titleStmt>
<title>Visualizing Uncertainty: How to Use the Fuzzy Data of 550 Medieval Texts?</title>
<author>
<name><surname>J&#228;nicke</surname>, <forename>Stefan</forename></name>
<affiliation>Institut für Informatik, University of Leipzig, Germany</affiliation>
<email>stjaenicke@informatik.uni-leipzig.de</email>
</author>
<author>
<name><surname>Wrisley</surname>, <forename>David Joseph</forename></name>
<affiliation>Department of English, American University of Beirut, Lebanon</affiliation>
<email>dw04@aub.edu.lb</email>
</author>
</titleStmt>
<publicationStmt>
<authority></authority>
<publisher>University of Nebraska-Lincoln</publisher>
<distributor>
<name>Center for Digital Research in the Humanities</name>
<address>
<addrLine>319 Love Library</addrLine>
<addrLine>University of Nebraska&#8211;Lincoln</addrLine>
<addrLine>Lincoln, NE 68588-4100</addrLine>
<addrLine>cdrh@unlnotes.unl.edu</addrLine>
</address>
</distributor>
<pubPlace>Lincoln, Nebraska</pubPlace> 
<address>
<addrLine>University of Nebraska-Lincoln</addrLine>
<addrLine>Lincoln, NE 68588-4100</addrLine>
</address>
<availability>
<p></p>
</availability>
</publicationStmt>


<notesStmt><note type="abstract">This paper will discuss ways to visualize large-scale uncertainty in geospatial and temporal data. It works with a data set of geographical references and dates of a large number of medieval French texts.</note></notesStmt>
    
<sourceDesc>
<p>No source: created in electronic format.</p>
<p>
<date when="20130717"></date>
<time when="13:30:00"></time>
</p>
<p n="session">SP06</p>
</sourceDesc>
</fileDesc>

<profileDesc>
<textClass>
<keywords scheme="original" n="category">
<term>Paper</term>
</keywords>
<keywords scheme="original" n="subcategory">
<term>Short Paper</term>
</keywords>
<keywords scheme="original" n="keywords">
<term>uncertainty</term>
<term>geocritique</term>
</keywords>
<keywords scheme="original" n="topic">
<term>medieval studies</term>
<term>french studies</term>
<term>interdisciplinary collaboration</term>
<term>visualisation</term>  
<term> spatio-temporal modeling</term>
<term>analysis and visualisation</term>

                
</keywords>
</textClass>
</profileDesc>
    
<revisionDesc>
<change>
<date when="2013-03-29"></date>
<name>Erin Pedigo</name>
<desc>Initial encoding</desc>
</change>
</revisionDesc>
</teiHeader>
    
<text type="paper">
<body>
<div>

<p>Our research project <hi rend="italic">Visualizing Medieval Places</hi> brings together a computer scientist and a literary historian. We use the web-based tool <hi rend="italic">GeoTemCo</hi> (J&#228;nicke, 2012) to visualize thousands of place names against a focusable timeline. The resulting geospatial-temporal visualization is a way for the researcher to analyze space and time in a historical corpus of literature. The ideal user interface will allow manipulation of the visualization by (1) dynamically changing the thresholds for both visualizing and suppressing given types of uncertainty in the geospatial and temporal dimensions, and (2) adding or removing facets (e.g. particular genres, time ranges) to broaden or constrain the amount of data to be displayed. This interactivity will hopefully allow for controlled visualization of literary data, and will facilitate the formation of nuanced, supportable hypotheses about time and space in literature. Figure 1 illustrates the current user interface.</p>

<figure><graphic url="ab-158.001"/><head>Figure 1:</head><p>The current GeoTemCo user interface, showing 636 data points from the Franco-Italian dataset. NB: The time line at the bottom does not represent the real temporal data of the project.</p></figure>

    <p>The data set is being built using a corpus of nearly 550 medieval French texts. Unlike English or Classics, scholars of medieval French have few electronic texts at their disposal. Furthermore, spelling variance of toponyms in medieval vernacular texts poses a significant challenge for any semi-automatic extraction. We are considering combining our geospatial data of French places with Latin place names to build a bilingual gazetteer for use by the digital medievalist community in the future. For now, the toponyms (and their variants) are being manually harvested from a canonical reference work, the <hi rend="italic">Table des noms propres</hi> (Flutre, 1962); they are subsequently disambiguated and geocoded. Unlike narratologically-inspired digital literary geographies such as <hi rend="italic">The Literary Atlas of Europe</hi> (Hurni, Piatti et al., 2012) constructed on close readings of fictional and vernacular spaces, the data model for <hi rend="italic">Visualizing Medieval Places</hi> includes only real geographical place names. It shares more with the GIS-based analysis of unstructured texts found in the Lancaster University initiative entitled <hi rend="italic">Spatial Humanities</hi> (Gregory et al., 2012). Since Flutre’s work does not fully represent the variety of textual communities and genres of medieval French, we are also extracting place names from name indices in selected critical editions. The first subset of data points from Franco-Italian literature is virtually complete. The project uses the crowd-sourced <hi rend="italic">Archives de littérature du moyen âge</hi> (Brun, 2012) to enrich the metadata about the texts.</p>
    <p>Using the data has proved problematic since so many aspects of it are uncertain. Situating the composition of medieval texts in a specific time and place can be at best speculative. Date formats of traditional scholarship have been represented in idiosyncratic ways (e.g. between 1095-1291, first half of the 14th century, before 1453). Likewise, the toponyms found in these works are difficult for various reasons: they are unmappable, they can refer to multiple places, or they designate ancient Greco-Latin or medieval geographical zones no longer found on the contemporary map.</p>
    <p>The visualization of uncertainty is a hot topic in the visualization community. Despite a broad set of applications in this field, there are still no straightforward solutions for displaying multiple, overlapping kinds of uncertainty within one set of visual interfaces. Drawing upon a long list of uncertainty types (Griethe et al., 2006), a data item within our project might be said to embody two basic kinds of uncertainty. The first uncertainty is one of “lineage,” by which we mean the reliability of the text source. Certainty values for lineage can simultaneously affect the representation of data items in both dimensions, the geospatial and temporal. The second uncertainty is one of “accuracy,” referring to the granularity of place or time, that is, to the distinctly sized intervals in which a value can lie. Again, granularity impacts both dimensions, the geospatial (with units such as landmarks, localities, regions, countries, continents) and the temporal(years, eras, as well as upper- or lower-bounded time declarations). Unlike Rees, who primarily uses transparency to depict uncertain information (Rees, 2012), we need to investigate multiple visual metaphors that represent several dimensions of uncertainty in a clear way.</p>
    <p>Visualizing distinct, overlapping geographic entities with different certainty values represents a major challenge for the project. Inspired by MacEachren’s overview of existing methods for the geospatial (MacEachren et al., 2005), we suggest testing pairwise mixtures of color hue, texture, saturation and transparency, as well as other features such as pop-up text, backgrounds and overlapping/non-overlapping shapes to encode lineage and accuracy uncertainties. Figure 2 demonstrates how we use different shapes to encode objects with distinct geospatial accuracies.</p>

<figure><graphic url="ab-158.002"/><head>Figure 2:</head><p>A visualization of 636 points from the Franco-Italian dataset, with non-overlapping shapes denoting different toponym types.</p></figure>

<p>Although some work addresses the problem of temporal uncertainty for small datasets (Zuk et al., 2005), sufficient research on large-scale temporal uncertainty is not available. Expecting thousands of overlapping temporal values of variable granularity on the timeline, we need to create novel visualization approaches. Figure 3 illustrates one solution for dealing with aggregated temporal uncertainty where increased saturation designates a higher degree of certainty. In our short presentation, we will demonstrate the tool and some strategies for simultaneous visualization of various aspects of the data.</p>

<figure><graphic url="ab-158.003"/><head>Figure 3:</head><p>: A timeline represented as a stacked graph with multiple aggregated uncertain temporal values (increased saturation designates increased certainty in lineage value). NB: The time line below does not represent the real temporal data of this project.</p></figure>

    <p>The project hopes to bring attention back to hundreds of unread works of the period (Moretti, 2005), perhaps even spawning new close readings of them based on their “interspatiality” &#8212; the common spaces that texts reference &#8212; but also to encourage students and scholars to experiment with visualizing spatial clusters and patterns</p>


</div>
    
</body>
    
<back>
<div type="References">
<listBibl>

<bibl><hi rend="bold">Brun, L.</hi> (2012). <hi rend="italic">Archives de littérature du moyen âge.</hi> University of Ottawa <ref type="url" target="http://www.arlima.net">http://www.arlima.net</ref> (accessed 28 October 2012).</bibl>

<bibl><hi rend="bold">Flutre, L.-F. </hi> (1962). <hi rend="italic">Table des noms propres avec toutes leurs variantes figurant dans les romans du moyen âge écrits en français ou en proven&#231;al et actuellement publiés ou analysés.</hi></bibl>
             
<bibl><hi rend="bold">Gregory, I.</hi> (2012). <hi rend="italic">Spatial Humanities: Texts, Geographic Information Systems and Places.</hi>  <ref type="url" target="http://www.lancs.ac.uk/spatialhum/">http://www.lancs.ac.uk/spatialhum/</ref> (accessed 15 February 2013)</bibl>

<bibl><hi rend="bold">Griethe, H., H. Schumann</hi> (2006). <hi rend="italic">The Visualization of Uncertain Data: Methods and Problems.</hi> In <hi rend="italic">Proceedings of SimVis'06</hi>, 143-156.</bibl>

<bibl><hi rend="bold">Harris, R. L.</hi> (1999). <hi rend="italic">Information Graphics: A Comprehensive Illustrated Reference.</hi></bibl>

<bibl><hi rend="bold">Hurni, L., B. Piatti, et al.</hi> (2013). <hi rend="italic">A Literary Atlas of Europe  &#8212; Ein Literarischer Atlas Europas.</hi> <ref type="url" target="http://www.literaturatlas.eu/">http://www.literaturatlas.eu/</ref> [accessed 1 March 2013].</bibl>

<bibl><hi rend="bold">J&#228;nicke, S.</hi> (2012) <hi rend="italic">GeoTemCo: Comparative Visualization of Geospatial-Temporal Data</hi> <ref type="url" target="http://www.informatik.uni-leipzig.de/geotemco">http://www.informatik.uni-leipzig.de/geotemco</ref> (accessed 29 October 2012)</bibl>

<bibl><hi rend="bold">MacEachren, A., A. Robinson, S. Hopper, R.M. Gardner, M. Gahegan, and E. Hetzler</hi> (2005). <hi rend="italic">Visualizing Geospatial Information Uncertainty: What We Know and What We Need to Know.</hi> In <hi rend="italic">Cartography and Geographic Information Science</hi> <hi>32.3</hi> 139-160.</bibl>

<bibl><hi rend="bold">Moretti, F.</hi> (2005). <hi rend="italic">Graphs Maps Trees: Alternative Models for a Literary History.</hi></bibl>

<bibl><hi rend="bold">Rees, G. P.</hi> (2012). <hi rend="italic">Uncertain Date, Uncertain Place: Interpreting the History of Jewish Communities in the Byzantine Empire using GIS.</hi> Abstract DH2012, Hamburg. <ref type="url" target="http://www.dh2012.uni-hamburg.de/conference/programme/abstracts/uncertain-date-uncertain-place-interpreting-the-history-of-jewish-communities-in-the-byzantine-empire-using-gis/">http://www.dh2012.uni-hamburg.de/conference/programme/abstracts/uncertain-date-uncertain-place-interpreting-the-history-of-jewish-communities-in-the-byzantine-empire-using-gis/</ref> (accessed 14 March 2013).</bibl>

<bibl><hi rend="bold">Zuk, T., S. Carpendale, and W. Glanzman</hi> (2005). Visualizing Temporal Uncertainty in 3D Virtual Reconstructions. <hi rend="italic">In Proceedings of the 6th International Symposium on Virtual Reality, Archaeology and Cultural Heritage</hi> (VAST'05). 99-106.</bibl>

</listBibl>
</div>
</back>
</text>
</TEI>

     