<?xml version="1.0" encoding="utf-8"?>
<?oxygen RNGSchema="http://jetson.unl.edu/cdrh/schemas/tei_all.rng" type="xml"?>
<TEI xmlns="http://www.tei-c.org/ns/1.0" xml:id="ab-169">

<teiHeader>
<fileDesc>
<titleStmt>
<title>Text Theory, Digital Document, and the Practice of Digital Editions</title>
<author>
<name><surname>Van Zundert</surname>, <forename>Joris Job</forename></name>
<affiliation>Huygens Institute for the History of the Netherlands-Royal Netherlands Academy of Arts and Sciences</affiliation>
<email>joris.van.zundert@huygens.knaw.nl</email>
</author>
<author>
<name><surname>Van den Heuvel</surname>, <forename>Charles</forename></name>
<affiliation>Huygens Institute for the History of the Netherlands-Royal Netherlands Academy of Arts and Sciences</affiliation>
<email>charles.van.den.heuvel@huygens.knaw.nl </email>
</author>
<author>
<name><surname>Brumfield</surname>, <forename>Ben</forename></name>
<affiliation>Independent Digital History Software Services</affiliation>
<email>benwbrum@gmail.com</email>
</author>
<author>
<name><surname>Van Dalen-Oskam</surname>, <forename>Karina</forename></name>
<affiliation>Huygens Institute for the History of the Netherlands-Royal Netherlands Academy of Arts and Sciences</affiliation>
<email>karina.van.dalen@huygens.knaw.nl</email>
</author>
<author>
<name><surname>Franzini</surname>, <forename>Greta</forename></name>
<affiliation>UCL Centre for Digital Humanities</affiliation>
<email>greta.franzini@gmail.com</email>
</author>
<author>
<name><surname>Sahle</surname>, <forename>Patrick</forename></name>
<affiliation>Institute for Documentology and Scholarly Editing (IDE) / Cologne Center for eHumanities (CCeH)</affiliation>
<email>sahle@uni-koeln.de</email>
</author>
<author>
<name><surname>Shaw</surname>, <forename>Ryan</forename></name>
<affiliation>University of North Carolina, Chapel Hill, School of Information and Library Science</affiliation>
<email>ryan.b.shaw@gmail.com</email>
</author>
<author>
<name><surname>Terras</surname>, <forename>Melissa</forename></name>
<affiliation>UCL Centre for Digital Humanities</affiliation>
<email>melissaterras@gmail.com</email>
</author>
</titleStmt>
<publicationStmt>
<authority></authority>
<publisher>University of Nebraska-Lincoln</publisher>
<distributor>
<name>Center for Digital Research in the Humanities</name>
<address>
<addrLine>319 Love Library</addrLine>
<addrLine>University of Nebraska&#8211;Lincoln</addrLine>
<addrLine>Lincoln, NE 68588-4100</addrLine>
<addrLine>cdrh@unl.edu</addrLine>
</address>
</distributor>
<pubPlace>Lincoln, Nebraska</pubPlace> 
<address>
<addrLine>University of Nebraska-Lincoln</addrLine>
<addrLine>Lincoln, NE 68588-4100</addrLine>
</address>
<availability>
<p></p>
</availability>
</publicationStmt>

<notesStmt><note type="abstract">Many digital tools have been and are being developed aimed at transcribing, annotating and publishing editions of literary or historical texts making use of crowd sourcing for collaborative research. This panel discusses the question how the quality of digital scholarly editions produced by such tools might be assessed based on both empirical examination of current practices and text theory in the digital era.</note></notesStmt>

<sourceDesc>
<p>No source: created in electronic format.</p>
<p>
<date when="20130718"></date>
<time when="13:30:00"></time>
</p>
<p n="session">PS06</p>
</sourceDesc>
</fileDesc>

<profileDesc>
<textClass>
<keywords scheme="original" n="category">
<term>Panel</term>
</keywords>
<keywords scheme="original" n="subcategory">
<term></term>
</keywords>
<keywords scheme="original" n="keywords">
<term>text theory</term>
<term>text representation</term>
<term>digital text</term>
<term>digital document</term>
<term>quality aspects</term>
</keywords>
<keywords scheme="original" n="topic">
<term>digital humanities &#8212; nature and significance</term>
<term>interface and user experience design</term>
<term>scholarly editing</term>
<term>user studies/user needs</term>
<term>knowledge representation</term>
<term>crowdsourcing</term>
<term>digitisation &#8212; theory and practice</term>
</keywords>
</textClass>
</profileDesc>

<revisionDesc>
<change>
<date when="2013-05-16"></date>
<name>Laura Weakly</name>
<desc>Initial encoding</desc>
</change>
</revisionDesc>
</teiHeader>

<text type="panel">
<body>
<div>


<head>Subject</head>
<p>Many digital tools have been and are being developed aimed at transcribing, annotating and publishing editions of literary or historical texts making use of crowd sourcing for collaborative research.  This panel discusses the question how well digital scholarly editions produced by such tools reflect the theoretical notions of digital scholarly editions, and how such may be assessed based on both empirical examination of current practices and text theory in the digital era.</p>

<p>The practice of preparing and producing digital editions is increasingly supported by purpose made and specialized digital tools, many of them involving crowd sourcing.  Although an exhaustive survey and typology of these tools is still missing, by and large we can see that most of these tools are highly similar in functionality, text model, and editorial process.  As such they express a fairly straightforward transformation from the physical book to a digital metaphor of the book, roughly along a trajectory of transcription, annotation and publication.  Quite contrary text theory in the digital era seems to express a different scholarly ideal of representation of text, far more rooted in notions of instability (McGann 2001), fluid text (Bryant 2002),  transclusion (Nelson 1982), text as process (Buzzetti 2002, Gabler 1987), transmedialization (Sahle 2010), and distributed editions (Zundert 2011) for instance.  Also the usage patterns of emergent digital technologies and their applications such as Web2.0/3.0, crowd sourcing, cloud based services, open notebook science, data as service, multi device enabled layouts –to name but a few– seem to favor shaping the representation of digital text more in line with theory than with the practices of current scholarly digital edition tools.</p> 

<p>If we follow Internet pioneer Cailliau (Cailliau 2012) information at our fingertips will become essentially undocumented, in the sense of not being a conventional cover-to-cover document, not even as a metaphor.  Rather specific parts and facets of information will adapt to different devices and context, rather reminiscent of the concept of Nelson’s envisioned docuverse (McKnight 1991).  It should therefore be critically examined if it is still opportune and adequate to speak of a digital edition as a document, and if a digital editing process should necessarily lead to a single or physical publication to serve maximum scholarly expressiveness.  Overall the tools in use mostly let the metaphor of the book be inferred as the de facto model for digital publication.  But as users and scholars choose and adapt new technologies and new forms of engagement with information, should scholarly publishing and digital editing follow these patterns of usage?  Does an audience oriented approach such as the ideas on minimal and maximal editions expressed by Vanhoutte (Vanhoutte 2011) strike a middle ground between theory and practice?  What is the intellectual loss or gain if the metaphor of the book prevails over using the medium of the Internet as an expression of text as process?</p>

<p>It is these kinds of questions about the theoretical underpinnings of the digital scholarly edition that arise at the intersection of shaping technologies, standing scholarly practice, and changing usage.  Trying to establish some practices of quality a number of comparative studies have been conducted into transcription tools and crowd sourcing tools for digital editions, notably by members of this panel.  Most of these studies have been based on analysis and comparison of functional requirements, usability aspects, and user feedback.  However, a text theory based aspect of evaluation of such tools and editions is mostly lacking. </p>
 
<p>This panel will explore the issue of practice <hi rend="italic">and</hi> theory based quality assessment of digital editions, building on the results of a comparative text theory based empirical survey of tools for digital scholarly editions the design of which is the subject of our preparatory paper presented at the NeDiMAH Expert Meeting on Digital Scholarly Editions held in conjunction with the 2012 conference of the European Society for Textual Scholarship.  The panel focuses on several prominent digital tools and projects for preparing digital scholarly editions with varying approaches.  From this broader view specific themes and issues will be examined, such as:
<list type="unordered">
<item>The metaphor of the book as enabler or inhibiter of new avenues for research.</item>
<item>User surveys and feedback as shaping forces of tools for digital editions.</item>
<item>The role of users, editors, researchers, and funders in determining quality aspects.</item>
<item>The digital edition as an expression of text in flux versus the iconic object.</item>
<item>Text models for distributed documents.</item>
<item>Is the generic or the specific a hallmark of quality of tools for digital editions?</item>
<item>Crowd sourcing and open notebook science as determining aspects of digital editions.</item>
<item>Visualization of instability of text as a scholarly quality of the digital edition.</item>
<item>The relationship between formalization of editorial process and the instability of text.</item></list></p>



<div><head>Organization of the panel</head>

<p>The methodological research program of the Huygens Institute for the History of the Netherlands, part of the Royal Netherlands Academy of Arts and Sciences  (KNAW) is the initiator and organizer of this panel.  Panel members include e-Humanities researchers from KNAW involved in the development of the transcription and crowd sourcing tool eLaborate (<ref type="url" target="https://www.elaborate.huygens.knaw.nl">https://www.elaborate.huygens.knaw.nl/</ref>); researchers from University College London involved with amongst others the Transcribe Bentham Project (<ref type="url" target="http://www.ucl.ac.uk/transcribe-bentham/">http://www.ucl.ac.uk/transcribe-bentham/</ref>); researchers and editors of digital editions (e.g. <ref type="url" target="http://www.i-d-e.de/">http://www.i-d-e.de/</ref>); researchers working on open science approaches (e.g. <ref type="url" target="http://editorsnotes.org/">http://editorsnotes.org/</ref> and <ref type="url" target="http://ecai.org/mellon2010/">http://ecai.org/mellon2010/</ref>); and developers and researchers of crowd sourcing software (<ref type="url" target="http://manuscripttranscription.blogspot.com">http://manuscripttranscription.blogspot.com</ref>).  The panelists are engaged in the study and development of different digital humanities tools and projects pertaining to digital scholarly editions, specializing in transcription tools and crowd sourcing projects, which grants this panel a unique opportunity to comparatively explore various strategies in building and using digital editions, and to reflect on both theoretical and practical concerns of that process.  In addition, the panel will critically evaluate the themes and issues listed above. </p>

<p>The panel session will be organized in the following way: 

<list type="unordered">
<item>The panel chair will introduce the main topic, discussion questions, and the panelists; duration: 3 minutes; </item>
<item>Each of the panelists will give a short presentation (6 minutes), followed by questions from the audience (4 minutes); duration: 60 minutes; </item>
<item>The themes and questions raised in the presentations will be further discussed in an open forum between the panelists and the audience; duration: 25 minutes </item>
<item>The panel chair will briefly reflect on future plans, provide contact information, and close the panel: 2 minutes.</item>
</list>
</p>

<p>The names and affiliations of confirmed panelists are as follows: 
<list type="unordered">
<item>Ben Brumfield, Independent Digital History Software Services, Austin Texas (US)</item>
<item>Karina van Dalen-Oskam, Huygens ING (The Netherlands)</item>
<item>Greta Franzini, UCL Centre for Digital Humanities (UK)</item>
<item>Patrick Sahle, Institute for Documentology and Scholarly Editing (IDE) / Cologne Center for eHumanities (CCeH) (Germany)</item>
<item>Ryan Shaw, University of North Carolina, Chapel Hill, School of Information and Library Science (US)</item>
<item>Mellisa Terras, UCL Centre for Digital Humanities (UK)</item></list></p>

<p>Moderators for this session are:
<list type="unordered">
<item>Charles van den Heuvel (panel chair) <lb/>
Huygens Institute for the History of the Netherlands (Royal Netherlands Academy of Arts and Sciences) </item>
<item>Joris van Zundert <lb/>
Huygens Institute for the History of the Netherlands (Royal Netherlands Academy of Arts and Sciences) </item></list></p>

</div>


                
</div>

</body>

<back>
<div type="References">
<listBibl>

<bibl><hi rend="bold">Bryant, J. L.</hi> (2002). <hi rend="italic">The Fluid Text: A Theory of Revision and Editing for Book and Screen.</hi> University of Michigan Press.</bibl>

<bibl><hi rend="bold">Buzzetti, D.</hi> (2002).	Digital Representation and the Text Model, <hi rend="italic">New Literary History.</hi> 33: 61–88.</bibl>

<bibl><hi rend="bold">Cailliau, R.</hi> (2012).'WWW: Etat des lieux, Grande conférence de Robert Cailliau'. In Cailliau, R. <hi rend="italic">Les pionniers de l'Internet en Europe</hi>. held 22 October 2012 at Mons University. <ref type="url" target="http://expositions.mundaneum.org/fr/conferences/robert-cailliau-co-inventeur-du-world-wide-web">http://expositions.mundaneum.org/fr/conferences/robert-cailliau-co-inventeur-du-world-wide-web</ref> (accessed 23 October 2012).</bibl>

<bibl><hi rend="bold">Gabler, H. W.</hi> (1987). The Text as Process and the Problem of Intentionality. <hi rend="italic">TEXT, Transactions of the Society for Textual Scholarship</hi> 3: 107–116.</bibl>

<bibl><hi rend="bold">McGann, J.</hi> (2001). Radiant Textuality: Literature after the World Wide Web. New York: Palgrave.</bibl>

<bibl><hi rend="bold">McKnight, C., A. Dillon, and J. Richardson</hi> (1991). Hypertext in Context. Cambridge University Press.</bibl>

<bibl><hi rend="bold">Nelson, T. H.</hi> (1982). Literary Machines. Minfull Press.</bibl>

<bibl><hi rend="bold">Sahle, P.</hi> (2010). Zwischen Mediengebundenheit und Transmedialisierung. Anmerkungen zum Verhältnis von Edition und Medien. <hi rend="italic">Editio</hi> 24: 23-36.</bibl>

<bibl><hi rend="bold">Vanhoutte, E.</hi> (2011). So You Think You Can Edit? The Masterchef Edition. <hi rend="italic">The Mind Tool: Edward Vanhoutte’s Blog</hi>. <ref type="url" target="http://edwardvanhoutte.blogspot.nl/2011/10/so-you-think-you-can-edit-masterchef.html">http://edwardvanhoutte.blogspot.nl/2011/10/so-you-think-you-can-edit-masterchef.html</ref> (accessed 14 March 2013).</bibl>

<bibl><hi rend="bold">van Zundert, J., and P. Boot</hi> (2011). The Digital Edition 2.0 and the Digital Library: Services, not Resources. <hi rend="italic">Digitale Edition und Forschungsbibliothek</hi> 44: 141–152.</bibl>
</listBibl>




<listBibl>
<head>Further reading</head>

<bibl><hi rend="bold">Buckland, M.</hi> (1998). What is a ‘digital document’? <hi rend="italic">Document Numérique</hi> 2(2): 221-230.<ref type="url" target="http://people.ischool.berkeley.edu/~buckland/digdoc.html">http://people.ischool.berkeley.edu/~buckland/digdoc.html</ref> (accessed 21 October 2012).</bibl>

<bibl><hi rend="bold">Eggert, P.</hi> (2009). <hi rend="italic">Securing the Past: Conservation in Art, Architecture and Literature</hi>. Cambridge: Cambridge University Press.</bibl>

<bibl><hi rend="bold">Pierazzo, E.</hi> (2011). A rationale of digital documentary editions. <hi rend="italic">Literary and Linguistic Computing</hi> 26(4): 463–477. doi: 10.1093/llc/fqr033</bibl>

<bibl><hi rend="bold">Robinson, P.</hi> (2005). Current issues in making digital editions of medieval texts &#8212; or, do electronic scholarly editions have a future? <hi rend="italic">Digital Medievalist</hi> 1 <ref type="url" target="http://www.digitalmedievalist.org/journal/1.1/robinson/">http://www.digitalmedievalist.org/journal/1.1/robinson/</ref> (accessed 10 September 2012).</bibl>

<bibl><hi rend="bold">Sahle, P.</hi> (2012). Kriterien für die Besprechung digitaler Editionen. Köln: Germany. v1.0. IDE,  English version "Criteria for Reviewing Scholarly Digital Editions" forthcoming. <ref type="url" target="http://www.i-d-e.de/aktivitaeten/reviews/kriterien-version-1">http://www.i-d-e.de/aktivitaeten/reviews/kriterien-version-1</ref> (accessed 23 October 2012),</bibl>

<bibl><hi rend="bold">Shillingsburg, P.</hi> (2006). <hi rend="italic">From Gutenberg to Google: Electronic Representations of Literary Texts</hi>. Cambridge: Cambridge University Press.</bibl>

<bibl><hi rend="bold">Siemens, R., and M. Elkink, et al.</hi> (2010). Underpinnings of the Social Edition? A Narrative, 2004-9, for the Renaissance English Knowledgebase (REKn) and Professional Reading Environment (PReE) Projects. In McGann, J., and A. Stauffer, et al. (eds.), <hi rend="italic">Online Humanities Scholarship: The Shape of Things to Come</hi>. Houston: Rice University Press. <ref type="url" target="http://cnx.org/content/m34335/">http://cnx.org/content/m34335/</ref> (accessed 10 September 2012).</bibl>

<bibl><hi rend="bold">Sinclair, S., and G. Rockwell</hi> (2009). Between Language and Literature: Digital Text Exploration. In Lancashire, I. (ed.), <hi rend="italic">Teaching Language and Literature Online</hi>. New York: Modern Language Association.</bibl>
</listBibl>


</div>

</back>
</text>
</TEI>

