<?xml version="1.0" encoding="utf-8"?>
<?oxygen RNGSchema="http://jetson.unl.edu/cdrh/schemas/tei_all.rng" type="xml"?>
<TEI xmlns="http://www.tei-c.org/ns/1.0" xml:id="ab-134">

<teiHeader>
<fileDesc>
<titleStmt>
<title>&quot;Shall These Bits Live?&quot; Towards a Digital Forensics Research Agenda for Digital Humanities with the BitCurator Project</title>
<author>
<name><surname>Kirschenbaum</surname>, <forename>Matthew</forename></name>
<affiliation>MITH Maryland Institute for Technology in the Humanities, University of Maryland, United States of America</affiliation>
<email>mgk@umd.edu</email>
</author>
<author>
<name><surname>Lee</surname>, <forename>Cal</forename></name>
<affiliation>School of Information and Library Science, University of North Carolina at Chapel Hill, United States of America</affiliation>
<email>callee@email.unc.edu </email>
</author>
<author>
<name><surname>Woods</surname>, <forename>Kam</forename></name>
<affiliation>School of Information and Library Science, University of North Carolina at Chapel Hill, United States of America</affiliation>
<email>kamwoods@email.unc.edu</email>
</author>
<author>
<name><surname>Chassanoff</surname>, <forename>Alex</forename></name>
<affiliation>School of Information and Library Science, University of North Carolina at Chapel Hill, United States of America</affiliation>
<email>achass@email.unc.edu</email>
</author>
<author>
<name><surname>Olsen</surname>, <forename>Porter</forename></name>
<affiliation>MITH Maryland Institute for Technology in the Humanities, University of Maryland, United States of America</affiliation>
<email>polsen@umd.edu</email>
</author>
<author>
<name><surname>Mithra</surname>, <forename>Sunitha</forename></name>
<affiliation>School of Information and Library Science, University of North Carolina at Chapel Hill, United States of America</affiliation>
<email>sunithanc@yahoo.com</email>
</author>
</titleStmt>
<publicationStmt>
<authority></authority>
<publisher>University of Nebraska-Lincoln</publisher>
<distributor>
<name>Center for Digital Research in the Humanities</name>
<address>
<addrLine>319 Love Library</addrLine>
<addrLine>University of Nebraska&#8211;Lincoln</addrLine>
<addrLine>Lincoln, NE 68588-4100</addrLine>
<addrLine>cdrh@unl.edu</addrLine>
</address>
</distributor>
<pubPlace>Lincoln, Nebraska</pubPlace> 
<address>
<addrLine>University of Nebraska-Lincoln</addrLine>
<addrLine>Lincoln, NE 68588-4100</addrLine>
</address>
<availability>
<p></p>
</availability>
</publicationStmt>

<notesStmt><note type="abstract">This paper offers a framework for understanding the relevance of digital forensics to digital humanities research by of the BitCurator project, an environment for creating digital forensics workflows in a variety of institutional settings.Digital forensics is an applied practice involving the “preservation, identification, extraction, documentation, and interpretation” of digital data as legal evidence (Kruse &amp; Heiser, 2002). We will demonstrate that digital forensics offers researchers an advanced community of practice around the acquisition, processing, management, and analysis of born-digital objects, and we will suggest that as humanities scholars increasingly engaged with objects of born-digital cultural heritage, digital forensics will emerge as a significant modality within DH. Finally, we will argue that digital forensics offers an especially fruitful area for collaborative research and project development between digital humanities and the digital archives community.</note></notesStmt>

<sourceDesc>
<p>No source: created in electronic format.</p>
<p>
<date when="20130719"></date>
<time when="13:30:00"></time>
</p>
<p n="session">LP26</p>
</sourceDesc>
</fileDesc>

<profileDesc>
<textClass>
<keywords scheme="original" n="category">
<term>Paper</term>
</keywords>
<keywords scheme="original" n="subcategory">
<term>Long Paper</term>
</keywords>
<keywords scheme="original" n="keywords">
<term>forensics</term>
<term>bitcurator</term>
<term>archives</term>
<term>workflows</term>
<term>born-digital</term>
</keywords>
<keywords scheme="original" n="topic">
<term>archives</term>
<term>repositories</term>
<term>sustainability and preservation</term>
<term>digital humanities - nature and significance</term>
<term>literary studies</term>
<term>bibliographic methods / textual studies</term>
</keywords>
</textClass>
</profileDesc>

<revisionDesc>
<change>
<date when="2013-04-02"></date>
<name>Laura Weakly</name>
<desc>Initial encoding</desc>
</change>
</revisionDesc>
</teiHeader>

<text type="paper">
<body>
<div>

<p>In the title of an important early essay on the intersection of bibliographical method and literary interpretation, Jerome McGann (1988) poses the forensically inflected question: “Shall These Bones Live?” Several decades of subsequent scholarly activity have demonstrated the value of embedding the technical and material concerns of bibliographers and textual critics into the pursuits of mainstream literary studies. Though the rise of born-digital materials&#8212;documents and other media types that are created by computer and which circulate primarily or exclusively in “virtual” form&#8212;would seem to challenge the relevance of a bibliographic approach to textual studies. In fact, as a number of recent scholars have argued, digital texts themselves exhibit distinct material properties. (Kirschenbaum, 2008; Galey, 2012; Piper, 2012)</p>

<p>This paper seeks to enhance the discussion of digital materiality by exploring in a focused way the specific relevance of digital forensics to digital humanities research. Digital forensics is an applied practice involving the “preservation, identification, extraction, documentation, and interpretation” of digital data as legal evidence (Kruse &amp; Heiser, 2002). We will present examples of all of these activities in the context of the BitCurator project, now concluding its first successful phase of development with funding from the Andrew W. Mellon Foundation. We will demonstrate that digital forensics offers researchers an advanced community of practice around the acquisition, processing, management, and analysis of born-digital objects, and we will suggest that as humanities scholars increasingly engaged with objects of born-digital cultural heritage, digital forensics will emerge as a significant modality within digital humanities. Finally, we will argue that digital forensics offers an especially fruitful area for collaborative research and project development between digital humanities and the digital archives community.</p>

<p>The BitCurator project is a joint effort led by the School of Information and Library Science at the University of North Carolina at Chapel Hill (SILS) and the Maryland Institute for Technology in the Humanities (MITH) to develop an environment for collecting professionals that incorporates the functionality of many existing digital forensics tools. There are, however, two fundamental needs for collecting institutions that are not addressed by software designed for the digital forensics industry: incorporation into the workflow of a colleting institution’s ingest and collection management environments, and provision of public access to the data.  BitCurator provides an environment in which users can create forensically-packaged disk images, perform a variety of triage tasks on objects within file-systems, extract and repackage metadata, and redact sensitive information from digital materials.</p>

<p>The BitCurator Environment is a fully functioning Linux system built on Ubuntu 12 that has been customized to meet the needs of librarians and archivists, and can be run as a stand-alone operating system, a virtual machine, or as a set of individual tools (see Figure 1). Development has been informed by consultations with two groups: a Professional Expert Panel (PEP) of individuals who are at various levels of implementing digital forensics tools and methods in their collecting institution contexts, and a Development Advisory Group (DAG) of individuals who have significant experience with development of software. (The membership in these two groups represents many of the key researchers and practitioners currently involved in the archival processing of born-digital materials.) The BitCurator environment incorporates a number of useful digital forensics tools that can easily be integrated into digital curation workflows. A sampling of those tools, all of which are available as public domain or open-source (General Public License) software, includes:</p>

<list type="unordered">
<item>Guymager: A tool for creating disk images in one of three commonly used disk image formats (dd, E01, and AFF).</item>
<item>Custom Nautilus scripts: A collection of enhancements to Ubuntu’s default file browser that allow users to quickly generate checksums, identify file types, and safely mount drives, among other tasks.</item>
<item>The Sleuth Kit: A digital investigation platform.</item>
<item>fiwalk: An open source tool for processing disk images, producing Digital Forensics XML and human readable metadata on file system structure and contents </item>
<item>bulk_extractor: A program that extracts information&#8212;including Personally Identifying Information&#8212;from disk images without parsing the file-system. bulk_extractor generates reports on the information in both human and machine readable formats, and includes a GUI front-end, Bulk Extractor Viewer.</item>
<item>sdhash 2.x – A tool to evaluate file similarity using similarity digests.</item>
<item>Ghex: An open source hex editor that allows users to view a file’s bitstream in hexadecimal format.</item>
</list>

<p>In addition, the BitCurator team is in the process of building Python-based reporting tools that reprocess and provide visualizations based on the output of forensics tools that produce Digital Forensics XML; these tools are currently distributed separately via GitHub, and are being integrated into the environment as the project progresses.</p>

<p>The relevance of these tools for humanities research comes into focus when we consider that disk images are fast becoming indispensable units of analysis for scholars seeking to understand the primary sources of digital cultural heritage. A disk image is a bit-accurate copy of the raw media to obtain what amounts to a binary facsimile (or “snapshot”) of every signal or inscription recorded on an original piece of source media. As such, it is the gold standard in both the legal forensics community (where investigators routinely conduct their analysis on an authenticated disk image as opposed to the original storage device) and in archival processing (Woods, Lee, &amp; Garfinkel, 2011). Because disk images preserve a record of both file-level metadata as well as the actual physical traces of data recorded on the surface of the media, they are essential for reconstructing the “original order” of digital records, i.e. correct chronologies of file creation and manipulation (which can be obtained through techniques ranging from file system analysis to digital stratigraphy) (Xie, 2011; Woods and Lee, 2012).   A disk image also allows an investigator or researcher access to unallocated or even potentially damaged portions of the original media, creating the possibility of restoring fragments of files that would be unrecoverable after normal copy processes (Kirschenbaum et al., 2009).  Finally, a disk image can be used as the basis of an emulated experience allowing a researcher to recreate most aspects of the original operating system and computing environment. All of these activities have clear parallels in traditional textual studies and bibliography. Specialists in those areas routinely seek to understand and describe the relationships among sets of primary source documents, identify and enumerate the distinguishing features of individual documents and texts (using those findings to facilitate inquiries ranging from paleography to constructing version histories), and editing or curating primary source materials for presentation in a variety of formats and settings. A disk image thus manifests a strong analogy to the primacy of material/documentary evidence in more traditional forms of bibliographic analysis, enabling a researcher to analyze numerous aspects of a born-digital object relevant to scholarly concerns. As such, we predict that disk images will become increasingly familiar to scholars and researchers working on late twentieth- and twenty-first century history, culture, literature, and the arts, as more and more leading figures consign electronic records to archives who are processing them in environments like BitCurator (AIMS).</p>

<p>While BitCurator’s primary user community consists of librarians and archivists engaged in the processing of digital materials in a variety of institutional settings, its functionality is also useful to those digital humanities scholars with direct access to born-digital materials (Carroll, 2011; Schuessler, 2012). Digital humanities thus has an opportunity to develop a robust research agenda in conjunction with the digital archives community that would ensure that scholarship in areas like contemporary literature, recent world history, digital culture, politics and government, and the arts proceeds on a sound technological footing, using tools and best practices designed to ensure the stability and reliability (and accessibility) of the born-digital cultural record. While the digital archives and forensics communities have developed mature tools around file system metadata and the extraction of personal identifying information, for example, they lack the digital humanities community’s experience in analyzing complex text corpora. Data extracted from disk images can be redirected to tools and assets ranging from geo-spatial visualization to topics modeling and other forms of textual analytics. The open and extensible nature of the BitCurator environment affords the potential for such collaborations, and so the paper concludes with some use case scenarios in this regard.</p>

<figure>
<graphic url="ab-134.001"/>
<head>Figure 1. A model BitCurator-supported workflow.</head></figure>

                
</div>

</body>

<back>
<div type="References">

<listBibl>
<bibl><hi rend="bold">AIMS Working Group</hi> (2012). <hi rend="italic">AIMS Born-Digital Collections: An Inter-Institutional Model for Stewardship</hi>.  <ref type="url" target="http://www2.lib.virginia.edu/aims/whitepaper/AIMS_final.pdf">http://www2.lib.virginia.edu/aims/whitepaper/AIMS_final.pdf</ref></bibl>

<bibl><hi rend="bold">Carroll, L.,  E. L. Farr, P. Hornsby, and B. Ranker</hi> (2011).  A comprehensive approach to born-digital archives. <hi rend="italic">Archivaria</hi>  72. 61-92.  </bibl>

<bibl><hi rend="bold">Galey, A.</hi> (2012). The enkindling reciter: E-Books in the bibliographical imagination. <hi rend="italic">Book History</hi>  15.  210-47.</bibl>

<bibl><hi rend="bold">Kirschenbaum, M., E. L. Farr, K. M. Kraus, N. Nelson, C. S. Peters, and G. Redwine</hi> (2009). Digital materiality: Preserving access to computers as complete environments. in <hi rend="italic">Proceedings of the Sixth International Confereence on Digital Preservation (iPRES)</hi>. held October 5-6 2009 at California Digital Library, San Francisco. 113-120. <ref type="url" target="http://escholarship.org/uc/item/7d3465vg#">http://escholarship.org/uc/item/7d3465vg#</ref></bibl>

<bibl><hi rend="bold">Kirschenbaum, M.</hi> (2008). <hi rend="italic">Mechanisms: New Media and the Forensic Imagination</hi>. Cambridge, MA: MIT Press.</bibl>

<bibl><hi rend="bold">Kruse, W. G. and J. G. Heiser</hi> (2002). <hi rend="italic">Computer Forensics: Incident Response Essentials</hi>. Boston: Addison-Wesley.</bibl>

<bibl><hi rend="bold">McGann, J. J.</hi> (1988). <hi rend="italic">The beauty of inflections: Literary investigations in historical method and theory</hi>. Oxford: Clarendon Press.</bibl>

<bibl><hi rend="bold">Piper, A.</hi> (2012). <hi rend="italic">Book was there: Reading in electronic times</hi>. Chicago: University of Chicago Press.</bibl>

<bibl><hi rend="bold">Schuessler, J.</hi> (2012) Tale of the floppy disks: How Jonathan Larson created <hi rend="italic">RENT</hi>.  <hi rend="italic">The New York Times</hi> February 1. <ref type="url" target="http://artsbeat.blogs.nytimes.com/2012/02/01/tale-of-the-floppy-disks-how-jonathan-larson-created-rent/">http://artsbeat.blogs.nytimes.com/2012/02/01/tale-of-the-floppy-disks-how-jonathan-larson-created-rent/</ref></bibl>

<bibl><hi rend="bold">Woods, K., and C. A. Lee</hi> (2012). Acquisition and processing of disk images to further archival goals. In <hi rend="italic">Proceedings of Archiving 2012</hi> (147-152). Springfield, VA: Society for Imaging Science and Technology.  Retrieved from: <ref type="url" target="http://ils.unc.edu/callee/archiving-2012-woods-lee.pdf">http://ils.unc.edu/callee/archiving-2012-woods-lee.pdf</ref></bibl>

<bibl><hi rend="bold">Woods, K., C. A. Lee, and S. Garfinkel</hi> (2011). 'Extending digital repository architectures to support disk image preservation and access'. in <hi rend="italic">Proceedings of the 11th Annual International ACM/IEEE Joint Conference on Digital Libraries</hi> held at Association for Computing Machinery. New York: 57-66.<ref type="url" target="http://dx.doi.org/10.1145/1998076.1998088">http://dx.doi.org/10.1145/1998076.1998088</ref></bibl>

<bibl><hi rend="bold">Xie, S. L.</hi> (2011). Building foundations for digital records forensics: A comparative study of the concept of reproduction in digital records management and digital forensics. <hi rend="italic">American Archivist</hi>, <hi rend="bold">74 (2)</hi> 576-599.</bibl>

</listBibl>
</div>
</back>
</text>
</TEI>

