<?xml version="1.0" encoding="utf-8"?>
<?oxygen RNGSchema="http://jetson.unl.edu/cdrh/schemas/tei_all.rng" type="xml"?>
<TEI xmlns="http://www.tei-c.org/ns/1.0" xml:id="ab-165">

<teiHeader>
<fileDesc>
<titleStmt>
<title>Epistolary voices. The case of Elisabeth Wolff and Agatha Deken</title>
<author>
<name><surname>van Dalen-Oskam</surname>, <forename>Karina</forename></name>
<affiliation>Huygens Institute for the History of the Netherlands</affiliation>
<email>karina.van.dalen@huygens.knaw.nl</email>
</author>
</titleStmt>
<publicationStmt>
<authority></authority>
<publisher>University of Nebraska-Lincoln</publisher>
<distributor>
<name>Center for Digital Research in the Humanities</name>
<address>
<addrLine>319 Love Library</addrLine>
<addrLine>University of Nebraska&#8211;Lincoln</addrLine>
<addrLine>Lincoln, NE 68588-4100</addrLine>
<addrLine>cdrh@unl.edu</addrLine>
</address>
</distributor>
<pubPlace>Lincoln, Nebraska</pubPlace> 
<address>
<addrLine>University of Nebraska-Lincoln</addrLine>
<addrLine>Lincoln, NE 68588-4100</addrLine>
</address>
<availability>
<p></p>
</availability>
</publicationStmt>

<notesStmt><note type="abstract">The paper explores the style of characters in a corpus of epistolary novels written in Dutch in the late 18th- and early 19th-century. The main aim is to find out whether the characters in the novels are distinguishable as to their writing style. An additional question is whether the two co-authors of three of the novels can be identified in the letters of certain fictional characters. The method used is stylometric authorship attribution by means of an R-script developed by Eder, Rybicki and added to by Kestemont.</note></notesStmt>

<sourceDesc>
<p>No source: created in electronic format.</p>
<p>
<date when="20130718"></date>
<time when="10:30:00"></time>
</p>
<p n="session">LP14</p>
</sourceDesc>
</fileDesc>

<profileDesc>
<textClass>
<keywords scheme="original" n="category">
<term>Paper</term>
</keywords>
<keywords scheme="original" n="subcategory">
<term>Long Paper</term>
</keywords>
<keywords scheme="original" n="keywords">
<term>collaborative authorship</term>
<term>character voices</term>
<term>Dutch literature</term>
<term>epistolary novels</term>
</keywords>
<keywords scheme="original" n="topic">
<term>literary studies</term>
<term>stylistics and stylometry</term>
<term>authorship attribution / authority</term>
</keywords>
</textClass>
</profileDesc>

<revisionDesc>
<change>
<date when="2013-04-03"></date>
<name>Laura Weakly</name>
<desc>Initial encoding</desc>
</change>
</revisionDesc>
</teiHeader>

<text type="paper">
<body>
<div>


<div>
<head>The Question</head>
<p>In his book <hi rend="italic">Computation into criticism</hi> John Burrows analyzed the speech of 44 different characters from novels by Jane Austen using the 30 most frequent function words (Burrows 1987). He showed how even this small amount of high frequency words yielded clearly distinctive results for Austen’s different characters, more so than the characters in novels written by other authors from Austen’s time or from a later time period. Recently, John Burrows and Hugh Craig applied multivariate analysis to the speech of characters in a corpus of seventeenth-century plays (Burrows &amp; Craig 2012). They showed that characters can be distinguished in this way, but that the characters of one playwright usually cluster together compared to the characters of another playwright. In their research, stylometric analysis and authorship distinction are nicely intertwined.</p>

<p>The assumption behind their research seems to be that it is a natural wish of a literary author to make his or her characters speak thus on paper or on stage as one would expect of a character of that gender, age, social background, etc. But is this true? Could it be based on anachronistic expectations, based on our own horizon of experience? Or is it indeed to be seen as a universal characteristic of all kinds of fiction from all time periods and all cultures?</p>

<p>This assumption should be tested on other (historical) genres. In this contribution I want to find out whether the fictional letter writers in the epistolary novels of two famous Dutch women writers show a significant stylistic differentiation. The case also involves an authorship problem.</p>
</div>

<div>
<head>The Case</head>
<p>Elisabeth Wolff-Bekker (1738-1804) and Agatha Deken (1741-1804) met in 1776 and immediately became great friends. When Wolff's husband died in 1777, Agatha moved in with Elisabeth and from then on, they closely collaborated on many publications, most important of which are their epistolary novels (Buijnsters 1984). The first one, <hi rend="italic">The history of Sara Burgerhart</hi>, was published in 1782 and was an immediate bestseller. It was followed by <hi rend="italic">The history of Willem Leevend</hi>, a much larger and more complex epistolary novel, published in 1784-1785. The one was <hi rend="italic">The history of Cornelia Wildschut</hi>, almost as long and certainly as complex as their <hi rend="italic">Willem Leevend</hi> and published in 1793-1796. Much has been written about the two women and their work. Wolff is known to have been a highly educated and very smart and lively woman, whereas Deken, raised in an orphanage, is described as timid and dull. Based on these impressions, many readers and scholars assume that Wolff was responsible for the lively and funny letters (and/or letter writers), and Deken for the dull and simple letters (and/or letter writers). Even during their lifetime, this seems to have been the general idea. In their forewords and in some personal letters they explicitly stated that this was ridiculous: they did everything in close collaboration. Near the end of her life, Deken states she would like to draw up a list of the fictional letters she wrote, to prove these naïve assumptions wrong. She never got around to doing that. Can we, by using stylometric methods, establish how they distributed the work load between them?</p>

<p>The three epistolary novels mentioned above are digitally available at <ref type="url" target="http://www.dbnl.org">www.dbnl.org</ref>. They will be compared to three other epistolary novels that are available in digital form in the same digital library: <hi rend="italic">Het land, in brieven</hi> written by Elisabeth Maria Post and published in 1792; <hi rend="italic">Charakters en lotgevallen van Adelson, H&#233;lo&#239;se en Elius</hi> by Anna Catherina van Streek-Brinkman (1804); and <hi rend="italic">De kleine pligten</hi> by Margaretha Jacoba de Neufville (1824-1827). Finally, the fictional letters will be compared with a digitally available corpus of personal letters written by Deken and Wolff, based on the editions of Dyserinck (1904) and Buijnsters (1987).</p>
</div>

<div>
<head>The Results</head>
<p>We start with an overview, comparing all six epistolary novels with each other. I made use of the stylometric R-script developed by Eder and Rybicki, which performs Principal Components Analysis, Cluster Analysis, Multidimensional Scaling, and Bootstrap Consensus Trees (Eder &amp; Rybicki 2011), choosing the last of these for my analysis since the bootstrap consensus tree is a harmonisation of as many different cluster analysis based on word frequencies as the scholar indicates. The six novels are diverse in length, with a maximum of 585,664 tokens and a minumum of 59,752. In Fig. 1 they have been analyzed in samples of 25,000 tokens.</p>

<figure><graphic url="ab-165.001"/><head>Fig. 1: Epistolary novels</head></figure>

<p>The three Wolff &amp; Deken novels are clearly separated from the novels by the three other (single) authors. This shows that co-authors Wolff and Deken have a distinctive style compared to the other three. A comparable picture arises when we analyse the text of the 30 main characters from all six novels, all having more than 17,000 tokens in their individual corpus. </p>

<p>In the next step we zoom in on one of the Wolff &amp; Deken epistolary novels to find out if the letter writers can be distinguished, and additionally, if the letter writers clearly fall into two different clusters which could be linked to the two different authors. This will be done on their first joint publication, <hi rend="italic">Sara Burgerhart</hi>, published six years after they met. This epistolary novel has letters and some other texts presumably written by 26 different characters, including one Anonymous and also text written by the authors/narrators. Fifteen of these have a corpus of tokens higher than 2,000 (including the authors/narrators). 	Fig. 2 shows that the different characters are indeed distinguishable when their complete corpora are analyzed.</p>

<figure><graphic url="ab-165.002"/><head>Fig. 2: Senders from Sara Burgerhart (no sampling)</head></figure>

<p>Since the authors/narrators’ text (Forewords and Afterwords) in Wolff &amp; Deken’s novels is usually undersigned by Wolff only, this consensus tree may show a certain work distribution between the two women. Wolff’s style may be prevalent in the letters attributed to the main characters Sara Burgerhart, her women friends Aletta and Anna, and her husband-to-be Hendrik. Through extrapolation, Deken then could be responsible for some of the bad characters in the novel, such as Cornelia Slimpslamp, and Zuzanna Hofland. She could also be the ghostwriter of pious Styntje Doorzicht. And she would indeed be very lively and funny in her letters by Abraham Blankaart.  But it is too soon to conclude this; when we use sampling (2,000 tokens), the picture is rudely disturbed and no clear distinction can be found (Fig. 3). Many of the samples are directly connected to the root, which means the software could not convincingly cluster them to any other sample. The only significant branch occurs for the samples of the character Abraham Blankaart, which suggests his letters have a clearly individual style.</p>


<figure><graphic url="ab-165.003"/><head>Fig. 3: Senders from Sara Burgerhart (sampling)</head></figure>


<p>The implication is that Wolff and Deken either both worked on the same letters, revising each others’ work all along, or that their style of writing is so much alike that they cannot be distinguished. The first option is difficult to prove; historical evidence is not available to confirm this. The second option can be explored by a comparison of the letters in the epistolary novels to the personal letters of Deken and Wolff from the time period in which they wrote and published <hi rend="italic">Sara Burgerhart</hi> (Fig. 4).</p>
 
<figure><graphic url="ab-165.004"/><head>Fig. 4: Wolff and Deken and senders from Sara Burgerhart</head></figure>

<p>Fig. 4 has three additional corpora in the comparison, from the years 1776-1782. Eleven letters written by Deken, 4,594 tokens in total; 35 letters written by Wolff, 25,790 tokens in total; and twelve letters that were written jointly, 5,878 tokens in total. The consensus tree again shows no clear distinction pointing to two clearly different authors. And, again, the letters of Abraham Blankaart show up as a rather distinctive set. </p>
</div>

<div>
<head>Conclusion</head>
<p>The measurements seem to imply that the writing styles of Deken and Wolff in their epistolary novels were very much alike. This confirms their own statements about their collaboration, and can be explained by their close working relation: they not only wrote the works together, but they were very close friends, even living together. </p>

<p>As to the other question I started out with, the style of different characters, something extraordinary showed up in the graphs. Only one of the main characters of <hi rend="italic">Sara Burgerhart</hi> clearly had a more individual style than the other main characters, namely Abraham Blankaart. So for now, it seems that a distinctive style for all characters such as John Burrows has shown for the characters of Jane Austen, is not a prerequisite for these epistolary novels or these authors. Still, when reading these novels we do recognize the letter writers. Further research, e.g. with Burrows’s Zeta, is needed to find out how the authors exactly did this. This is not the end of what we have to do, however: we also should continue research into the genre of epistolary novels in other languages and time periods, to find out whether stylistic characterization occurs elsewhere in the genre, or whether the aimiable character of Abraham Blankaart is indeed a clear exception.</p>
</div>
                
</div>

</body>

<back>
<div type="References">
<listBibl>
<bibl><hi rend="bold">Buijnsters, P. J.</hi> (1984). <hi rend="italic">Wolff en Deken. Een biografie</hi>. Leiden: Martinus Nijhoff</bibl>

<bibl><hi rend="bold">Buijnsters, P. J.</hi> (1987). <hi rend="italic">Briefwisseling van Betje Wolff en Aagje Deken</hi>. Uitgegeven met inleiding en aantekeningen. 2 Dln., Utrecht: HES Uitgevers</bibl>

<bibl><hi rend="bold">Burrows, J. F. </hi> (1987). <hi rend="italic">Computation into criticism. A study of Jane Austen's novels and an experiment in method</hi>. Oxford: Clarendon Press</bibl>

<bibl><hi rend="bold">Burrows, J., and H. Craig</hi> (2012). Authors and characters. In <hi rend="italic">English Studies</hi> <hi>93 (3)</hi>. 292-309.</bibl>

<bibl><hi rend="bold">Dyserinck, J.</hi> (ed). (1904). <hi rend="italic">Brieven van Betje Wolff en Aagtje Deken</hi>. Den Haag: De Gebroeders van Cleef.</bibl>

<bibl><hi rend="bold">Eder, M., and J. Rybicki</hi> (2011). Stylometry with R. In "Digital Humanities 2011: Conference Abstracts." Stanford: Stanford University. 308-11.</bibl>

</listBibl>
</div>
</back>
</text>
</TEI>

