<?xml version="1.0" encoding="UTF-8"?>

<?oxygen RNGSchema="http://jetson.unl.edu/cdrh/schemas/tei_all.rng" type="xml"?>
<TEI xmlns="http://www.tei-c.org/ns/1.0" xml:id="ab-153">
    
<teiHeader>
<fileDesc>
<titleStmt>
<title>Eighteenth- and Twenty-First-Century Genres of Topical Knowledge</title>
<author>
<name><surname>Jennings</surname>, <forename>Collin</forename></name>
<affiliation>New York University, United States of America</affiliation>
<email>crj237@nyu.edu</email>
</author>
<author>
<name><surname>Binder</surname>, <forename>Jeff</forename></name>
<affiliation>New York University, United States of America</affiliation>
<email>jmb783@nyu.edu</email>
</author>
</titleStmt>
            
<publicationStmt>
<authority></authority>
<publisher>University of Nebraska-Lincoln</publisher>
<distributor>
<name>Center for Digital Research in the Humanities</name>
<address>
<addrLine>319 Love Library</addrLine>
<addrLine>University of Nebraska&#8211;Lincoln</addrLine>
<addrLine>Lincoln, NE 68588-4100</addrLine>
<addrLine>cdrh@unlnotes.unl.edu</addrLine>
</address>
</distributor>
<pubPlace>Lincoln, Nebraska</pubPlace> 
<address>
<addrLine>University of Nebraska-Lincoln</addrLine>
<addrLine>Lincoln, NE 68588-4100</addrLine>
</address>
<availability>
<p></p>
</availability>
</publicationStmt>

<notesStmt><note type="abstract">We use a tool we developed, called the Networked Corpus, to compare concepts of topical knowledge in the eighteenth-century and today. By comparing the topic modeling output of the Networked Corpus to eighteenth-century indices and commonplace books, we interrogate a historical notion of topical knowledge and the epistemological features of the &quot;topic&quot; in current topic modeling algorithms. In addition, we compare the statistical results from our comparison with the conclusions of traditional scholarly approaches to topical knowledge in the eighteenth century.</note></notesStmt>
    
<sourceDesc>
<p>No source: created in electronic format.</p>
<p>
<date when="20130717"></date>
<time when="10:30:00"></time>
</p>
<p n="session">SP03</p>
</sourceDesc>
</fileDesc>
    
<profileDesc>
<textClass>
<keywords scheme="original" n="category">
<term>Paper</term>
</keywords>
<keywords scheme="original" n="subcategory">
<term>Short Paper</term>
</keywords>
<keywords scheme="original" n="keywords">
<term>topic modeling</term>
<term>indexical knowledge</term>
<term>eighteenth century</term>
<term>literary history</term>
</keywords>

<keywords scheme="original" n="topic">
<term>corpora and corpus activities</term>
<term>historical studies</term>
<term>literary studies</term>
<term>interdisciplinary collaboration</term>
<term>data mining/text mining</term>             
</keywords>
</textClass>
</profileDesc>
    
<revisionDesc>
<change>
<date when="2013-03-29"></date>
<name>Erin Pedigo</name>
<desc>Initial encoding</desc>
</change>
</revisionDesc>
</teiHeader>
    
<text type="paper">

<body>
<div>


<p>Our paper examines the similarities and differences between two technologies for representing topical information from different historical periods. Taking the 1784 index to Adam Smith’s seminal theory of political economy, <hi rend="italic">An Inquiry into the Nature and Causes of the Wealth of Nations</hi> (1776), as a case study, we investigate the contrasting logics and aesthetics of knowledge organization apparent in the late­eighteenth­century index and the twenty­first­century topic modeling algorithm known as latent dirichlet allocation. To accomplish this, we have collaborated to create a tool we call the <hi rend="italic">Networked Corpus</hi>.<ref type="note" target="n01">1</ref> Inspired by the way readers mark passages that share a common theme, trope, or other feature, the <hi rend="italic">Networked Corpus</hi> provides a computational way to navigate a corpus based on a topic model, while also facilitating comparison between this mechanical model and the human­created index of Smith’s text. Our presentation will suggest a historical lineage between modern topic modeling and the eighteenth­century concepts of topic (which developed from the rhetorical idea of “topos”) and system (which emerged in the all­encompassing moral philosophy of the period) that are both exhibited in the index. We argue that the intentionally anachronistic comparison of topic modeling with the eighteenth­century index reveals similarities and differences between what each approach counts as a salient feature of a text for the purpose of organizing and representing its topical, informational, or conceptual content.</p>

<p>Topic modeling is a family of statistical methods that attempt to find “latent” semantic content in
texts, under the assumption that texts exhibit mixtures of “topics” that have characteristic vocabularies.<ref type="note" target="n02">2</ref> Topic modeling software attempts to find the topic definitions that best fit a given set of texts, while inferring which texts exhibit which “topics” based on the words that they use. This method was originally proposed as an information retrieval tool, with the goal of enabling people to search for broad themes that cannot necessarily be identified with particular words. As such, it competes with the subject index; but it differs from traditional indexing both in its assumptions and in the form the output takes. Preparing a subject index generally involves imagining what a reader might want to find &#8212; “think of the user” is the “motto” given in G. Norman Knight’s classic indexing textbook &#8212; and results in a product that suits those who can describe what they are looking for.<ref type="note" target="n03">3</ref> Topic modeling, by contrast, is based on a <hi rend="italic">generative model</hi> &#8212;an abstract description of the process through which texts were produced &#8212; and constructs “topics” that do not necessarily correspond to anything that can be easily described. Using the output of a topic model as an index requires that the topics be labeled, something that requires an interpretive judgment that is often very difficult to make, and that can often, as scholars using topic modeling have argued, be misleading.<ref type="note" target="n04">4</ref></p>

<p>The first stage of our project was an attempt to create an information retrieval program that better suits this limitation of topic modeling than forms that are tailored for users who already know what they are looking for, such as the index or the search engine. We wrote a Python script that takes in a collection of texts and the output of the topic modeling program MALLET, and produces an HTML version of the corpus with interactive navigation features.<ref type="note" target="n05">5</ref> In addition to an index of the “topics” in the model, the output includes asterisks in the margin next to passages where there is a particularly high concentration of a given topic relative to the concentration in the text as a whole &#8212; “exemplary” passages, as we are calling them. Clicking on an asterisk summons a popup box that contains links to other “exemplary” passages for the same topic. This construct is intended to enable navigation not from a “topic” to a passage, as in an index, but from one passage to another. It encourages the user to read until they come across something interesting that has been marked with an asterisk, and then see where the links go. The network­like structure of this tool gives the topic model an exploratory function that does not depend on any prior knowledge of what topics there are, or of what, if any, significance the topics have.</p>

<p>The <hi rend="italic">Networked Corpus</hi> also includes features that are intended to make topic models easier to interpret. The user has the option to “explain the relevance” of a topic, showing a box listing the words most strongly associated with that topic, the “exemplary” passages that the program found for that topic, and other texts in the corpus that also contain a high concentration of that topic. The “explain” feature also highlights all of the words in the text that arose from the selected topic according to the model, and shows the density of the topic over the course of the text as a sideways line graph that runs in the margin. This visualization gives an idea of which parts of a text contribute to its association with a given topic and which do not, providing a rich body of both positive and negative evidence by which the topic model can be interpreted.</p>

<p>In the second stage of our project, we are investigating how the “topics” of a topic model differ
from the notion of topic or subject that was employed in the late­eighteenth­century index. Recently literary and intellectual historians including Ann M. Blair and Leah Price have described the historical development of practices of indexing, commonplacing, and generally what we might call “topical” knowledge in the seventeenth and eighteenth centuries.<ref type="note" target="n06">6</ref> As a lecturer in rhetoric and belles lettres and later a professor of moral philosophy, Adam Smith participated in defining the significance of those activities for the emergence of modern disciplines such as literature, history, and political economy. Upon the publication of the first edition of <hi rend="italic">The Wealth of Nations</hi> without an index, Smith’s friend and fellow university professor, Hugh Blair, encouraged him to add an index and a syllabus like the ones they used “to give in [their] college lectures” because those additions would offer “Exhibit a Scientifical View of the Whole System."<ref type="note" target="n07">7</ref> For Blair, like Smith, representing the knowledge a text contained in various comprehensible and manageable forms was a critial aspect of the production of new knowledge.</p>

<p>Our paper considers whether new epistemological units produced by digital methods may facilitate comparative examination of similar ones from earlier periods. More specifically, we track the development of topical knowledge in the eighteenth century by comparing indices and commonplace books of the period to algorithmically produced “topics.” During the last year we have collaborated to create a tool we call the <hi rend="italic">Networked Corpus</hi>. Inspired by the way readers mark passages that share a common theme, trope, or other feature, the <hi rend="italic">Networked Corpus</hi> provides a computational way to connect topics across the entire range of a corpus. We are currently working on a project that compares the historical changes to the content and form of eighteenth-century indices and commonplace books and topic modeling output from the corpus. </p>

<p>This “scientifical” approach to indexing suggests a particular model of the text, in the sense that
Willard McCarty uses the word “model” &#8212; a “fictional or idealized representation” that one can see the text through.<ref type="note" target="n08">8</ref> The models actually employed in the construction of Scottish Enlightenment texts cannot, of course, be directly observed, but as a way of investigating one of these models speculatively, we produced a special version of the <hi rend="italic">Networked Corpus</hi> for <hi rend="italic">The Wealth of Nations</hi> that presents the highly detailed index that appeared in the 1784 edition of the book alongside a topic model generated from the text (Figure 1). To facilitate comparison of these two constructs at a conceptual level, we transformed both the index and the topic model into something similar to marginal annotations, showing all of the index headings that reference a page on the screen when the page is displayed, along with a list of prominent topics on the page. We also used the Spearman rank correlation to find topics that tend to strongly match the pages referenced under particular index headings, and indicated the pages on which these correlations break down. Based on a reading of these points of disagreement, we contend that the topic model is able to pick up on rhetorical moves in the text that are not represented within the sort of system of concepts that the index constructs, at the cost of never being able to claim the sort of exhaustiveness that the Scottish Enlightenment writers sought.</p>

<p>In this presentation, we suggest that the approach we have taken in our study of The Wealth of Nations &#8212; comparing constructs from different time periods that address a problem in radically different ways &#8212; opens up a new avenue for examining both contemporary text mining models and the models that are implicit in the organization of historical texts. As McCarty has observed, modeling supports an “orientation to questioning rather than to answers, and opening up rather than glossing over the inevitable discrepancies between representation and reality.”<ref type="note" target="n09">9</ref> Our deformation of <hi rend="italic">The Wealth of Nations</hi> employs a statistical model not as a way of studying the text itself, but as a vantage point from which we can examine the assumptions and blind spots of another, historical model of textual organization, turning this discrepancy into something of hermeneutic use. We thus agree with Alan Liu, who encourages scholars to pursue “any mediation that produces a sense of anachronism (residual or emergent, in Raymond Williams’s vocabulary) able to make us see history as a compound relation of proximity and distance between past and present.”<ref type="note" target="n10">10</ref> With the <hi rend="italic">Networked Corpus</hi>, we suggest a way of doing this that converts the alienness of mechanical methods of reading in comparison to older models into a productive source of tension.</p>
    
   

<figure><graphic url="ab-153.001"/><head>Figure 1:</head><p>Screen shot from the <hi rend="italic">Networked Corpus</hi> </p></figure>
</div>





<div>

</div>

</body>
<back>
<div type="References">
<listBibl>

<bibl><hi rend="bold">Blair, A. M.</hi> (2011). <hi rend="italic">Too Much to Know: Managing Scholarly Information Before the Modern Age.</hi> New Haven: Yale University Press.</bibl>

<bibl><hi rend="bold">Blei, D. M., A. Y. Ng, and M. I. Jordan.</hi> (2003). Latent Dirichlet Allocation. <hi rend="italic">The Journal of Machine Learning Research</hi> <hi>3</hi>: 993–1022.</bibl>

<bibl><hi rend="bold">Blei, D. M.</hi> (2012). Probabilistic Topic Models. <hi rend="italic">Communications of the ACM</hi> <hi>55.4</hi>: 77–84.</bibl>

<bibl><hi rend="bold">McCallum, A. K.</hi> (2002). MALLET: A Machine Learning for Language Toolkit. <ref type="url" target="http://mallet.cs.umass.edu.">http://mallet.cs.umass.edu.</ref></bibl>

<bibl><hi rend="bold">McCarty, W.</hi> (2005). <hi rend="italic">Humanities Computing.</hi> Palgrave Macmillan.</bibl>

<bibl><hi rend="bold">Price, L.</hi> (2003). <hi rend="italic">The Anthology and the Rise of the Novel: From Richardson to George Eliot.</hi> Cambridge: Cambridge University Press. </bibl>

</listBibl>
</div>
<div>

<head>Notes</head>

<note xml:id="n01" n="1">Our tool can be found at <ref type="url" target=">networkedcorpus.com">networkedcorpus.com.</ref></note>

<note xml:id="n02" n="2">See D. M. Blei, “Probabilistic Topic Models,” <hi rend="italic">Communications of the ACM 55</hi>, no. 4 (2012): 77–84 for a brief review of topic modeling and D. M. Blei, A. Y. Ng, and M. I. Jordan, “Latent Dirichlet Allocation,” <hi rend="italic">The Journal of Machine Learning Research</hi> 3 (2003): 993–1022 for a more detailed explanation.</note>

<note xml:id="n03" n="3">G. Norman Knight, <hi rend="italic">Indexing, the Art of</hi> (George Allen &amp; Unwin, 1979), 159.</note>

<note xml:id="n04" n="4">See recent discussions of this challenge on Ted Underwood’s blog post, “Visualizing Topic Models,” <hi rend="italic">The Shell and the Stone,</hi> 11 November 2012, Accessed 13 March 2013, and Ben Schmidt’s blog post, “When you have a MALLET, everything looks like a nail,” <hi rend="italic">Sapping Attention,</hi> 2 November 2012, Accessed 13 March 2013.</note>

<note xml:id="n05" n="5">Andrew Kachites McCallum, “MALLET: A Machine Learning for Language Toolkit.”, 2002, <ref type="url" target="http://mallet.cs.umass.edu">http://mallet.cs.umass.edu</ref>.</note>

<note xml:id="n06" n="6">See Ann M. Blair, <hi rend="italic">Too Much to Know: Managing Scholarly Information Before the Modern Age</hi> (New Haven, CT: Yale University Press, 2011), 137–144 and Leah Price, <hi rend="italic">The Anthology and the Rise of the Novel: From Richardson to George Eliot</hi> (Cambridge; New York: Cambridge University Press, 2003), 67–99.</note>

<note xml:id="n07" n="7">Hugh Blair, “Letter to Adam Smith, 3 April 1776,” <hi rend="italic">The Correspondence of Adam Smith</hi>, ed. by Ernest Campbell Mossner and Ian Simpson Ross (Oxford: Clarendon Press: 1977), 189.</note>

<note xml:id="n08" n="8">Willard McCarty, “Modelling,” Humanities Computing (Palgrave Macmillan, 2005), 24.</note>

<note xml:id="n09" n="9">McCarty, Humanities Computing, 38.</note>

<note xml:id="n10" n="10">Alan Liu, Local Transcendence: Essays on Postmodern Historicism and the Database (University of Chicago,
2008), 25.</note>
</div>
</back>
</text>
</TEI>
            
