<?xml version="1.0" encoding="utf-8"?>
<?oxygen RNGSchema="http://jetson.unl.edu/cdrh/schemas/tei_all.rng" type="xml"?>
<TEI xmlns="http://www.tei-c.org/ns/1.0" xml:id="ab-130">

<teiHeader>
<fileDesc>
<titleStmt>
<title>A Comparative Study of Astronomical Clock towers in Europe and China based on their detailed 3D modeling</title>

<author>
<name><surname>Li</surname>, <forename>Guoqiang</forename></name>
<affiliation>ETHZ (Swiss Federal Institute of Technology Zurich), Switzerland</affiliation>
<email>guli@vision.ee.ethz.ch</email>
</author>

<author>
<name><surname>Van Gool</surname>, <forename>Luc</forename></name>
<affiliation>ETHZ (Swiss Federal Institute of Technology Zurich), Switzerland</affiliation>
<email>vangol@vision.ee.ethz.ch </email>
</author>
</titleStmt>

<publicationStmt>
<authority></authority>
<publisher>University of Nebraska-Lincoln</publisher>
<distributor>
<name>Center for Digital Research in the Humanities</name>
<address>
<addrLine>319 Love Library</addrLine>
<addrLine>University of Nebraska&#8211;Lincoln</addrLine>
<addrLine>Lincoln, NE 68588-4100</addrLine>
<addrLine>cdrh@unl.edu</addrLine>
</address>
</distributor>
<pubPlace>Lincoln, Nebraska</pubPlace> 
<address>
<addrLine>University of Nebraska-Lincoln</addrLine>
<addrLine>Lincoln, NE 68588-4100</addrLine>
</address>
<availability>
<p></p>
</availability>
</publicationStmt>
<notesStmt><note type="abstract">The rapid development of computer graphics and imaging provides the 
modern archeologist with several tools to realistically model and visualize archeological sites in 3D. 
This project, integrating interdisciplinary research methods, will explore an effective way to reconstruct 
tangible cultural heritage.our research will focus on the structure and mechanisms of the astronomical clock 
towers both in China and Europe, employing modeling tools such as 3DSMAX to model the astronomical clock-towers, 
Then, we will use the ADAMS software to analyse the kinetic parameters and rotation periods.we will contrast the 
different astronomical clock towers in terms of mechanics, astronomy, aesthetics, etc.</note></notesStmt>
<sourceDesc>
<p>No source: created in electronic format.</p>
</sourceDesc>
</fileDesc>

<profileDesc>
<textClass>
<keywords scheme="original" n="category">
<term>Poster</term>
</keywords>
<keywords scheme="original" n="topic">
<term>art history</term>
<term>virtual and augmented reality</term>
<term>digital humanities - facilities</term>
</keywords>
<keywords scheme="original" n="keywords">
<term>Kinetics</term>
<term>3D reconstruction</term> 
<term>modeling</term>
<term>Astronomical Clock</term>
<term>Cultural Heritage</term>
</keywords>


</textClass>
</profileDesc>

<revisionDesc>
<change>
<date when="2013-04-02"></date>
<name>Matthew Lavin</name>
<desc>Initial encoding</desc>
</change>
</revisionDesc>
</teiHeader>

<text type="poster">
<body>
<div>
<div>
<head>Summary</head>
<p>The rapid development of computer graphics and imaging provides the modern archeologist with several tools to realistically model and visualize archeological sites in 3D. This creates a bridge between humanities and computer science. This project, integrating interdisciplinary  research methods, will explore an effective way to reconstruct tangible cultural heritage.  In particular, our research will focus on the structure and mechanisms and art values of the astronomical clock towers both in China and Europe, employing modeling tools such as 3DSMAX and SOLIDWORKS to model the astronomical clock-towers, and making use of JavaScript and VRML technology to control the display. Then, we will use the ADAMS software to analyse the kinetic parameters and rotation periods. After extensive consultation of the literature, we will contrast the different astronomical clock towers in terms of mechanics, astronomy, aesthetics, etc.   Understanding each other’s culture will be one of the main challenges of the next generation of world's citizens. Such a study will not only bring us fancy digital exhibits related to astronomical clock towers from different cultures, but also stimulate cross-fertilization between humanities and technology, raising citizens’ awareness towards cultural heritage. Europe has quite a long tradition of building astronomical clock towers, and the candidate’s recent research focused on their Chinese ancient counterparts (the water-powered armillary sphere and celestial globe).  He invested much effort in modeling and reconstructing the instrument and designing a Virtual exhibition about it. The candidate is now looking forward to get inspired further by scholars from other nations or civilizations. So far, the modeling of mechanisms, which is highly relevant in industrial archaeology in general, has been missing from these projects. The proposal would help to add this aspect to the work that is ongoing in their realm.</p>
</div>
<div>
<head>Background</head>
<p>In recent years, multidisciplinary approaches combining Virtual Reality, Archaeology, and Cultural Heritage have become increasingly important. The rapid development of 3D capturing technology  provides modern archeologists and other scholars with tools to realistically model and visualize archeological sites in 3D. In the same way as the general public is getting used to more and more realistic visualizations of virtual worlds through games, movies and TV, the demand for such 3D models of archeological sites is growing. These models are not only used for edutainment and site marketing, they also provide a basis for dissemination and scientific discussion about reconstruction hypotheses. In Europe, many research projects were sponsored to support such interdisciplinary research, like EPOCH, 3D-COFORM, ViHAP3D, 3D-Murale, and so on. 
</p>
<p>This project related to astronomical clocks is an application research integrating computer graphics and 3D acquisition, mechanics, archaeology,arts and history. An astronomical clock is a clock with special mechanisms and dials to display astronomical information, such as the relative positions of the sun, moon, zodiacal constellations, and sometimes major planets. Europe has quite a long tradition of making astronomical clocks and many of them are located in the main cities of Europe, such as Strasbourg, Prague, Copenhagen, but also Olomouc or Lier, and are mostly operating properly.
</p>  
<p>Similarly, China also has a long tradition of making astronomical clocks. The water-powered armillary sphere and celestial globe were built around the year 1088 AD (Chinese ancient Astronomical Clock-tower built by Su Song and his collaborators in the Northern Song Dynasty). It was undoubtedly one of the pinnacles of this craft and art.  In the past two years, the candidate’s major research focused on reconstructing the water-powered armillary sphere and celestial globe and on putting forward a novel reconstruction design different from other designs found in historical archives. 
</p>
<p>In 1964, J.H. Combridge published an article in Nature, the Chinese water-balance escapement, where he defined the Great wheel as an escapement mechanism and made a 1:6 scale model of the escapement. Beside, the book written by Dr. Joseph Needham- the Heavenly Clockwork, also introduced the Chinese ancient Astronomical Clock-tower according to the statement of J.H Combridge. The water-driven astronomical clock tower was a wooden building 12meters in height. On the top platform was an armillary placed in a chamber with a removable roof which resembled the dome of a modern observatory. The armillary was connected through gears with the driving machinery of the whole installation, which enabled it to follow the diurnal motion of the natural celestial sphere. When the observer aimed the sighting tube at the sun, the mechanical motion of the armillary would keep the sun in the visual field for a fairly long time. This device was working based on a water-powered mechanical clock with an escapement regulator. Literary records are available for this invention, but unfortunately surviving hardware is lacking. However, several reconstruction designs were put forward in the past century. 
</p>
</div>
<div>
<head>Objectives</head>
<p>This project, through its interdisciplinary research method, will explore an effective way for the reconstruction of tangible cultural heritage. In particular, our research will focus on the structure and mechanisms of the astronomical clock towers in China and Europe. We will employ modeling tools such as 3DSMAX and SOLIDWORKS to model astronomical clock towers, and we will make use of JavaScript and VRML technology to control the display. Then, we will use the ADAMS software to analyze the kinetic parameters and rotation periods. Through the study of the related literature, a report will be produced that highlights the differences and similarities with other astronomical clock towers.</p> 

<p><hi rend="bold">In general, this project has three main purposes: </hi>
<list type="ordered">
<item>(1) Exploring a practical and efficient method for the reconstruction of Cultural Heritage where the objects consist of mechanical parts with relative motions</item>
<item>(2) Comparing the difference of Astronomical Clock towers between Europe and China in terms of mechanics, astronomy, arts,and history </item>
<item>(3) Building a virtual imaging space showing the main Astronomical Clock towers from China and Europe, also explaining their structures and operating principles </item>
</list></p></div>
<div>
<head>Research method</head>
<p>The main methods and resources planned for use in this project could be summarized as follows:                  
<list type= "ordered">
<item>1. Historical Archives,</item> 
<item>2. Design specifications, </item>
<item>3. Generalized kinematic chains,</item> 
<item>4. Specialized chains, </item> 
<item>5. 3D detailed Modeling,</item>  
<item>6.  Comparative study,</item>  
<item>7.  Programming</item></list></p>

<figure>
<graphic url="ab-130.001" />
<head>Fig 1. research method</head>
</figure>

</div>
<div>
<head>Illustration about Dynamic and Mechanical Analysis</head>

<p>There are a lot of technologies and commercial tools available today to create realistic 3D models of cultural heritage. When producing a dynamics and kinematics model of an Astronomical Clock, the needs go beyond capturing static 3D shapes. We have to produce a geometric model of the parts and to also formulate the possible relative motions, as well as their restrictions. We have already started to make a model with the computer software SOLIDWORKS, including all the main parts. The consistency of the parts will be checked via their assembly into virtual mechanisms, e.g. checking the number of teeth of gears, the diameters of ratchet-wheels, etc. Then, we can also get experimental results by amending the parameters of the simulating model. After we get our 3D model, we can input it to the platform of ADAMS by a kind of Para solid format. Then we can suppose some properties of parts for which the real, original data are lacking, like their masses, original positions, velocities, moving directions and reestablished loads. This will be done through simulations with ADAMS, which can link up the components into complete mechanical systems. This software is also capable of limiting the relative motions between different components by a series of restrictions. Fortunately, a number of parameters for the original parts can still be deduced today.  The most important contribution in this however, is that we will endeavor to embed the above analysis within the framework of procedural modeling, which we explain in a bit more detail further below. The aforementioned tools will be used to generate the 3D models of individual parts. Also in a procedural modeling context, several ready-made 3D models (the so-called leaf nodes or `assets’) are included directly from libraries, possibly parameterized so that a number of properties can still be modified. The above tools will be used to generate the necessary assets (i.e. some of the solid components of which the entire structure has been composed). 
</p>
<p>After we get all useful parameters of the gear system, we will perform experiments to calculate several other parameters like moments of inertia, transmitting power, etc. And then we can deduce its motion and effect on the Astronomical Clock design. At last, we will be able to explain the full 3D model. 'Full model’ is relative here, as we will discard non-essential parts, such as sculptures, puppets for reporting time, etc. And we predigested some complicated parts as a simple rigid body.
</p>
<p>The next pages show some examples of parts that have already been modeled, and also of manual compositions into assemblies. This type of tedious, manual composition should be largely replaced by procedural modeling. As can be seen, some of the parts are quite ornamental. Such pieces definitely have to be modeled separately, as the assets that the procedural models are based upon. The procedural modeling aspect will mainly focus on the underlying mechanisms of these clock towers. 
</p>
<p>*Several pictures of my recent research: (unpublished)</p>

<figure><graphic url="ab-130.001"/><head>Fig. 1:</head><p>research method</p></figure>


<figure><graphic url="ab-130.002"/><head>Fig. 2:</head><p>internal model of the water-powered armillary sphere and celestial globe</p></figure>


<figure><graphic url="ab-130.003"/><head>Fig. 3:</head><p>outside model of the water-powered armillary sphere and celestial globe</p></figure>

<figure><graphic url="ab-130.004"/><head>Fig. 4:</head><p>internal structure of the water-powered armillary sphere and celestial globe</p></figure>

<figure><graphic url="ab-130.005"/><head>Fig. 5:</head><p>model of the Great wheel </p></figure>


<figure><graphic url="ab-130.006"/><head>Fig. 6:</head><p>Dynamic simulation of the Great wheel based on ADAMS</p></figure>



</div>
</div>                
</body>

<back>
</back>
</text>
</TEI>

