<?xml version="1.0" encoding="utf-8"?>
<?oxygen RNGSchema="http://jetson.unl.edu/cdrh/schemas/tei_all.rng" type="xml"?>
<TEI xmlns="http://www.tei-c.org/ns/1.0" xml:id="ab-111">

<teiHeader>
<fileDesc>
<titleStmt>
<title>Meta-Methodologies and the DH Methodological Commons: Potential Contribution of Management and Entrepreneurship to DH Skill Development</title>
<author>
<name>
<surname>Siemens</surname>, 
<forename>Lynne</forename>
</name>
<affiliation>University of Victoria</affiliation>
<email>siemensl@uvic.ca</email>
</author>
</titleStmt>
<publicationStmt>
<authority></authority>
<publisher>University of Nebraska-Lincoln</publisher>
<distributor>
<name>Center for Digital Research in the Humanities</name>
<address>
<addrLine>319 Love Library</addrLine>
<addrLine>University of Nebraska&#8211;Lincoln</addrLine>
<addrLine>Lincoln, NE 68588-4100</addrLine>
<addrLine>cdrh@unl.edu</addrLine>
</address>
</distributor>
<pubPlace>Lincoln, Nebraska</pubPlace> 
<address>
<addrLine>University of Nebraska-Lincoln</addrLine>
<addrLine>Lincoln, NE 68588-4100</addrLine>
</address>
<availability>
<p></p>
</availability>
</publicationStmt>
<sourceDesc>
<p>No source: created in electronic format.</p>
<p>
<date when="20130718"></date>
<time when="10:30:00"></time>
</p>
<p n="session">SP09</p>
</sourceDesc>
</fileDesc>

<profileDesc>
<textClass>
<keywords scheme="original" n="category">
<term>Paper</term>
</keywords>
<keywords scheme="original" n="subcategory">
<term>Short Paper</term>
</keywords>
<keywords scheme="original" n="topic">
<term>project design
organization
management
digital humanities - pedagogy and curriculum</term>
</keywords>
<keywords scheme="original" n="keywords">
<term>digital humanities
education
project management
curriculum</term>
</keywords>
</textClass>
</profileDesc>

<revisionDesc>
<change>
<date when="2013-06-17"></date>
<name>Laura Weakly</name>
<desc>Initial encoding</desc>
</change>
</revisionDesc>
</teiHeader>

<text type="paper">
<body>
<div>



<p>Given that the nature of the research work involves computers and a variety of skills and expertise, Digital Humanities (DH) researchers are working in teams with Humanists, Computer Scientists, other academics, undergraduate and graduate students, computer programmers and developers, librarians and others within their institutions and beyond (Williford et al., 2012).  These projects’ scope and scale also requires larger budgets than is typically associated with Humanities research (Siemens, 2009, Siemens et al., 2011a).  As a result, Digital Humanists must developed meta-methodological skills, including teamwork and project management, to support the important and necessary methodological and technological ones in order to achieve project success.  Programs such as the University of Victoria’s Digital Humanities Summer Institute’s Large Project Management Workshop (<ref type="url" target="http://www.dhsi.org">www.dhsi.org</ref>), MITH’s Digital Humanities Winter Institute (MITH 2012), University of Virginia’s Praxis Program (Scholars' Lab, 2011) and internships with libraries and DH centres (Conway et al. 2010) are contributing to the formal skill development in these meta-methodological areas while DH teams themselves are reflecting on the importance and nature of collaboration skills developed directly through experience (Liu, et al. 2007; Ruecker, et al. 2007; Ruecker, et al. 2008; Siemens, et al. 2010).</p>
  
<p>While McCarty (2005) articulates a “intellectual and disciplinary map” for DH (118), which has become an important and agreed upon description of the discipline, no corresponding framework of these necessary meta-methodological skills exists that can guide the preparation of Digital Humanists to be as “comfortable writing code as they are managing teams and budgets” (Scholars' Lab 2011), either within a traditional academic post or an alternative academic one (The Praxis Program at the Scholars' Lab 2012).  By drawing upon exemplary DH projects which exhibit individual components of this framework, this paper contributes to larger discussions by suggesting those important meta-methodological skills, knowledge and tasks, whose absences may impact a digital project’s success and long-term sustainability.  It ties together the many discussions about undergraduate and graduate DH training and education happening simultaneously across many various forums. </p>

<p>As can be seen in Figure 1, these meta-methodological skills involve more than collaboration and project management skills and include those typically associated with academic entrepreneurship.  In their recent report on DH project sustainability, Maron and Loy (2011b) characterize digital resource projects as “small start-up businesses” (32) and use entrepreneurial language, such as empowered leadership, creation of a strong value proposition, cost management, revenue strategies and others to describe the ways in which case study DH projects have managed the impact of the current economic crisis on them.  Further, their definition of sustainability, “the ability to generate or gain access to the resources &#8212; financial or otherwise &#8212; needed to protect and increase the value of the content or service for those who use it” draws further attention to skills, such as management, leadership, budget management, creation of alternative revenue streams, knowledge about users and their needs, and others (Maron, et al. 2011b, 10; Shane 2004).  This view has been reinforced in a recent report that reviewed the Digging into Data program.  Using the table metaphor, the authors likened project management expertise as the fourth leg, along side data management, domain, and analytical expertise (Williford, et al. 2012).  Many digital projects are incorporating aspects of these skills, knowledge and tasks already. </p>

<p>For example, several projects are taking active steps to identify and understand users and their needs and then to ensure that the digital resources address these and allow the user to do more or do it faster or differently than before, while ensuring that knowledge of these resources reach the users (Warwick, et al. 2006; Siemens, et al. 2011b; Ithaka S&amp;R, 2009; Shane 2004; Cohen, et al. 2005).  To this end, the LARIAH report (2006) recommends that digital projects consult users widely, often, in a variety of forms and at the different development stages to ensure that a digital resource is in fact used consistently show “a deep understanding and respect for the value their resource contributes to those who use it” (Maron et al., 2009, pg. 7).  One way to approach this is have users directly involved in the resource’s development as is the case with TEI-C (nd-b) and Zotero (nd).  In other cases, a digital resource can identified new users and extended its services to them, as can be seen with NINES’ move beyond the 19th century to develop a supporting resource for the 18th (18thConnect; Bromley 2011).  Alternatively, the digital resource may broaden offerings with new value added services, such as community websites, discussion lists, book and journal distributions and others, in response to users’ requests (Iter 2011).  Social media, such as twitter, youtube, and Wikipedia, can also be used to both gather information about users and promote the resource itself.  For example, The Modernist Versions project combined an #yearofulysses, webpage, digital version release of Ulysses, and Ulysses Art Competition as a way to generate knowledge (and perhaps even excitement) about the initiative (The Modernist Versions Project).  Alternatively, the TEI-C used a viral marketing experiment to understand the size and geographical distribution of its community of practice as it increased awareness of the guidelines (Siemens, et al. 2011b).  Digital resource logos embedded in other projects can be important for generating awareness of a resource and its potential uses (TEI-C, nd-a; Zotero).  At a basic level, projects must be pro-active in planning effective ways to promote themselves (Guiliano 2012).</p>

<p>As various granting agencies are increasingly prioritizing funding for project development rather than the maintenance and ongoing operations and resource improvements (National Endowment for the Humanities, 2010, Maron et al., 2009), digital projects must develop alternative revenue and funding models that allow them to move from grant funding to “a longer term plan for ongoing growth and development” and to even survive changes in the funding environment (Maron, et al. 2011a, 4; 2011b).  These models might include cooperative advertising and click-through ads (Internet Shakespeare Editions, 2010), subscriptions (Iter 2011) and smart phone apps (iHistory Tours 2010b).  In order to ensure appropriate levels of resources can be gathered, digital projects must also understand methods to budget the costs need to “cover the costs of the tasks essential to the development, support, maintenance and growth of their projects” (Maron, et al. 2009, 15; Guthrie, et al. 2008; Scholars' Lab, 2011).  The latter becomes particularly important since there are expectations that digital resources will continue and be updated and improved with changes in scholarship and technology (Kretzschmar Jr. 2009; Ithaka S&amp;R 2009).  Digital projects can then combine both revenue and cost management into long term sustainability plans, often required by funders (National Endowment for the Humanities 2010). </p> 

<p>While financial resources are important, long term sustainability and development of digital projects also relies heavily on leadership (Maron, et al. 2011a; Maron, et al. 2009; Shane 2004; Siemens, 2009).  These leaders have “a certain passion and tireless attention to setting and achieving goals” (Maron, et al. 2009, 7).  This leadership is multifaceted and includes the supervision of human resources, such as paid staff, volunteers and collaborators, and cost and revenue management as well as strategic planning (Ithaka S&amp;R 2009; Shane 2004; National Endowment for the Humanities Office of Digital Humanities 2010).  As an example, Transcribe Bentham publishes regular project updates as motivators to its volunteer transcribers (Transcribe Bentham 2011).  In addition, these project leaders need to continue to educate colleagues, administration and granting agencies so that these individuals understand the value of DH and the level of support needed for continued growth and development, including financial, in-kind and human resources, recognition and others (Ithaka S&amp;R 2009; Siemens, 2010).   The project leader for the 40-year old Thesaurus Linguae Graecae considers “it her job to ‘educate’ current and incoming administrators about her project” (Ithaka S&amp;R 2009, 2).  Finally, a strong leader understands when outside expertise and partnerships are necessary to ensure project success (Maron, et al. 2009).  The Niagara 1812 iphone app development team included not only writers, researchers, and software developers, but also the nGen-Niagara Interactive media Generator and Brock Business Consulting Group, providing expertise that is not typically available in a History department (iHistory Tours, 2010a).</p>

<figure><graphic url="ab-111.001"/><head>Figure 1:</head> <p>Meta-methodological Commons<ref type="note" target="n01" n="1">1</ref></p></figure>


 

<p>Given the nature of digital projects, academics, particularly those from the Humanities, need to adopt these important meta-methodological skills and knowledge in addition to content and methodological ones to ensure project success (Ithaka S&amp;R 2009; Cohen, et al. 2009; Cohen, et al. 2005).  By outlining the range of meta-methodological skills, this framework has the potential to strengthen the positive work already ongoing to develop these skills and knowledge and to contribute to the discussion about the important skills that Digital Humanists need to create successful, useful and used projects (LeBlanc 2011; Leon 2011; McCarty 2011; Rovira 2011; Spiro 2011; Cohen, et al. 2005; Scholars' Lab 2011).  This paper also contributes to the larger discussion of regarding undergraduate and graduate training and education in Humanities, DH, and beyond and provides a context for thinking about the additional skills needed for both faculty and alternative academic positions (Thaller, et al. 2012; Scholarly Communication Institute 2012; The Praxis Program at the Scholars' Lab 2012; Sample 2012; Pannapacker 2012; Williford, et al. 2012).  Finally, it is designed to enable those who work in such teams or who work to support these individuals to recognise and develop the necessary meta-methodological skills and knowledge that lead to project success. </p> 







                
</div>

</body>

<back>
<div type="References">
<listBibl>
<bibl><hi rend="bold">18thconnect</hi> What Is 18thconnect? <ref type="url" target="http://www.18thconnect.org/18th_about/what_is.html">http://www.18thconnect.org/18th_about/what_is.html</ref> (accessed October 13, 2011).</bibl>

<bibl><hi rend="bold">Bromley, A.</hi> (2011). Nines Project Enhances Tools for Digital Research in the Humanities. <hi rend="italic">UVa Today</hi>.</bibl>

<bibl><hi rend="bold">Cohen, D. J., N. Fraistat, M. G. Kirschenbaum, and T. Scheinfeldt</hi> (2009). <hi rend="italic">Tools for Data-Driven Scholarship: Past, Present and Future</hi>, Ellicott City, Maryland.</bibl>

<bibl><hi rend="bold">Cohen, D. J., and  R. Rosenzweig</hi> (2005). Digital History: A Guide to Gathering, Preserving, and Presenting the Past on the Web <ref type="url" target="http://www.chnm.gmu.edu/digitalhistory/audience/index.php">http://www.chnm.gmu.edu/digitalhistory/audience/index.php</ref> (accessed October 28, 2011).</bibl>

<bibl><hi rend="bold">Conway, P., N. Fraistat, P. Galloway, K. Kraus, et al.</hi> (2010). Digital Humanities Internships: Creating a Model Ischool-Digital Humanities Center Partnership. <hi rend="italic">Digital Humanities 2010</hi>. London, UK.</bibl>

<bibl><hi rend="bold">Guiliano, J.</hi> (2012). Neh Project Director’s Meeting: Lessons for Promoting Your Project. <ref type="url" target="http://mith.umd.edu/neh-project-directors-meeting-lessons-for-first-time-pis/">http://mith.umd.edu/neh-project-directors-meeting-lessons-for-first-time-pis/</ref> (accessed </bibl>

<bibl><hi rend="bold">Guthrie, K., R. Griffiths, and N. Maron</hi> (2008). <hi rend="italic">Sustainability and Revenue Models for Online Academic Resources: An Ithaka Report</hi>, New York: Ithaka.</bibl>

<bibl><hi rend="bold">Ihistory Tours</hi> (2010a). About the Team. <ref type="url" target="http://www.ihistorytours.com/about/">http://www.ihistorytours.com/about/</ref> (accessed October 28, 2011).</bibl>

<bibl><hi rend="bold">Ihistory Tours</hi> (2010b). Niagara 1812. <ref type="url" target="http://www.ihistorytours.com/">http://www.ihistorytours.com/</ref> (accessed October 13, 2011).</bibl>

<bibl><hi rend="bold">Internet Shakespeare Editions</hi> (2010). Support the Internet Shakespeare Editions. <ref type="url" target="http://internetshakespeare.uvic.ca/Foyer/donate.html">http://internetshakespeare.uvic.ca/Foyer/donate.html</ref> (accessed February 2, 2011).</bibl>

<bibl><hi rend="bold">Iter</hi> (2011). Iter: Gateway to the Middle Ages &amp; Renaissance. <ref type="url" target="http://www.itergateway.org/">http://www.itergateway.org/</ref> (accessed October 13, 2011).</bibl>

<bibl><hi rend="bold">Ithaka S&amp;R</hi> (2009). Sustaining Digital Resources: A Briefing Paper for Leaders of Projects with Scholarly Content. <ref type="url" target="http://sca.jiscinvolve.org/wp/files/2009/10/sca_bp_projects_scholarly_content_sep09_v1-02.pdf">http://sca.jiscinvolve.org/wp/files/2009/10/sca_bp_projects_scholarly_content_sep09_v1-02.pdf</ref> (accessed October 12, 2011).</bibl>

<bibl><hi rend="bold">Kretzschmar Jr., W. A.</hi> (2009). Large-Scale Humanities Computing Projects: Snakes Eating Tails, or Every End Is a New Beginning? <hi rend="italic">Digital Humanities Quarterly</hi>, <hi>3 (2)</hi>.</bibl>

<bibl><hi rend="bold">Leblanc, M.</hi> (2011). Re: [Humanist] 25.382 Intro Topics and Texts. <ref type="url" target="http://www.digitalhumanities.org/humanist/Archives/Current/Humanist.vol25.txt">http://www.digitalhumanities.org/humanist/Archives/Current/Humanist.vol25.txt</ref> (accessed October 17, 2011).</bibl>

<bibl><hi rend="bold">Leon, S. M.</hi> (2011). Project Management for Humanists: Preparing Future Primary Investigators. <ref type="url" target="http://mediacommons.futureofthebook.org/alt-ac/pieces/project-management-humanists">http://mediacommons.futureofthebook.org/alt-ac/pieces/project-management-humanists</ref> (accessed June 24, 2011).</bibl>

<bibl><hi rend="bold">Liu, Y., and J. Smith</hi> (2007). Aligning the Agendas of Humanities and Computer Science Research: A Risk/Reward Analysis. <hi rend="italic">SDH-SEMI 2007</hi>. Saskatoon, SK.</bibl>

<bibl><hi rend="bold">Maron, N., and M. Loy</hi> (2011a). <hi rend="italic">Funding for Sustainability: How Funders' Practices Influence the Future of Digital Resources</hi>, Ithaca, NY: Ithaka S&amp;R.</bibl>

<bibl><hi rend="bold">Maron, N., and M. Loy</hi> (2011b). <hi rend="italic">Revenue, Recession, Reliance: Revisiting the Sca/Ithaka S&amp;R Case Studies in Sustainability</hi>. Ithaca, NY: Ithaka S&amp; R.</bibl>

<bibl><hi rend="bold">Maron, N., K. K. Smith, and M. Loy</hi> (2009). <hi rend="italic">Sustaining Digital Resources: An on-the-Ground View of Projects Today</hi>, Ithaca, NY: Ithaka S&amp;R.</bibl>

<bibl>Mccarty, W. (2005). <hi rend="italic">Humanities Computing</hi>, New York: Palgrave MacMillan.</bibl>

<bibl><hi rend="bold">McCarty, W.</hi> (2011). [Humanist] 25.370 Intro Topics and Texts. <ref type="url" target="http://www.digitalhumanities.org/humanist/Archives/Current/Humanist.vol25.txt">http://www.digitalhumanities.org/humanist/Archives/Current/Humanist.vol25.txt</ref> (accessed October 17, 2011).</bibl>

<bibl><hi rend="bold">Mith</hi> (2012). Welcome to Dhwi. <ref type="url" target="http://mith.umd.edu/dhwi/">http://mith.umd.edu/dhwi/</ref> (accessed </bibl>

<bibl><hi rend="bold">National Endowment for the Humanities</hi> (2010). <hi rend="italic">Digital Humanities Implementation Grants.</hi>
 <ref type="url" target="http://www.neh.gov/grants/guidelines/digitalhumanitiesimplementation.html">http://www.neh.gov/grants/guidelines/digitalhumanitiesimplementation.html</ref> (accessed October 12, 2011).</bibl>

<bibl><hi rend="bold">National Endowment for the Humanities Office of Digital Humanities</hi> (2010). <hi rend="italic">Summary Findings of Neh Digital Humanities Start-up Grants (2007-2010).</hi> Washington, D.C.: National Endowment for the Humanities.</bibl>

<bibl><hi rend="bold">Pannapacker, W.</hi> (2012). No Dh, No Interview. <ref type="url" target="http://chronicle.com/article/No-DH-No-Interview/132959/">http://chronicle.com/article/No-DH-No-Interview/132959/</ref> (accessed </bibl>

<bibl><hi rend="bold">Rovira, J.</hi> (2011). Re: [Humanist] 25.370 Intro Topics and Text. <ref type="url" target="http://www.digitalhumanities.org/humanist/Archives/Current/Humanist.vol25.txt">http://www.digitalhumanities.org/humanist/Archives/Current/Humanist.vol25.txt</ref> (accessed October 17, 2011).</bibl>

<bibl><hi rend="bold">Ruecker, S., and M. Radzikowska</hi> (2007). The Iterative Design of a Project Charter for Interdisciplinary Research. <hi rend="italic">DIS 2008</hi>. Cape Town, South Africa.</bibl>

<bibl><hi rend="bold">Ruecker, S., M. Radzikowska, and S. Sinclair</hi> (2008). Hackfests, Designfests, and Writingfests: The Role of Intense Periods of Face-to-Face Collaboration in International Research Teams. <hi rend="italic">Digital Humanities 2008</hi>. Oulu, Finland.</bibl>

<bibl><hi rend="bold">Sample, M.</hi> (2012). Digital Humanities at Mla 2013. <ref type="url" target="http://www.samplereality.com/2012/10/17/digital-humanities-at-mla-2013/">http://www.samplereality.com/2012/10/17/digital-humanities-at-mla-2013/</ref> (accessed </bibl>

<bibl><hi rend="bold">Scholarly Communication Institute</hi> (2012). Landscape of Alternate-Curriculum Graduate Training Programs.
 <ref type="url" target="https://docs.google.com/document/d/1NVPiPHeOWbvMBBpFiNXRsqsjzVZ2t2E6mtxb-p89iSQ/edit">https://docs.google.com/document/d/1NVPiPHeOWbvMBBpFiNXRsqsjzVZ2t2E6mtxb-p89iSQ/edit</ref> (accessed </bibl>

<bibl><hi rend="bold">Scholars' Lab</hi> (2011). The Praxis Program at the Scholars' Lab. <ref type="url" target="http://praxis.scholarslab.org/">http://praxis.scholarslab.org/</ref> (accessed September 12, 2011).</bibl>

<bibl><hi rend="bold">Shane, S.</hi> (2004). <hi rend="italic">Academic Entrepreneurship: University Spinoffs and Wealth Creation</hi>, Cheltenham, UK, Edward Elgar.</bibl>

<bibl><hi rend="bold">Siemens, L.</hi> (2009). 'It's a Team If You Use "Reply All": An Exploration of Research Teams in Digital Humanities Environments. <hi rend="italic">Literary &amp; Linguistic Computing</hi>. 24(2). 225-233.</bibl>

<bibl><hi rend="bold">Siemens, L.</hi> (2010). Developing Academic Capacity in Digital Humanities: Thoughts from the Canadian Community. <hi rend="italic">Digital Humanities 2010</hi>. London, UK.</bibl>

<bibl><hi rend="bold">Siemens, L., R. Cunningham, W. Duff, and C. Warwick</hi> (2011a). A Tale of Two Cities: Implications of the Similarities and Differences in Collaborative Approaches within the Digital Libraries and Digital Humanities Communities <hi rend="italic">Literary &amp; Linguistic Computing</hi>, 26(3). 335-348.</bibl>

<bibl><hi rend="bold">Siemens, L., and Inke Research Group</hi> (2010). Understanding Long Term Collaboration: Reflections on Year 1 and Before <hi rend="italic">INKE 2010</hi>. The Hague, Netherlands.</bibl>

<bibl><hi rend="bold">Siemens, L., R. G. Siemens, and H. Wen</hi> (2011b). "The Apex of Hipster Xml Geekdom: Tei-Encoded Dylan and Understanding the Scope of an Evolving Community of Practice. <hi rend="italic">Journal of the TEI Encoding Initiative</hi>, 1(1).</bibl>

<bibl><hi rend="bold">Spiro, L.</hi> (2011). Knowing and Doing: Understanding the Digital Humanities Curriculum. <ref type="url" target="http://digitalscholarship.files.wordpress.com/2011/06/spirodheducationpresentation2011-4.pdf">http://digitalscholarship.files.wordpress.com/2011/06/spirodheducationpresentation2011-4.pdf</ref> (accessed October 17, 2011).</bibl>

<bibl><hi rend="bold">Tei-C</hi> (nd-a). Tei Badges. <ref type="url" target="http://www.tei-c.org/About/Badges/">http://www.tei-c.org/About/Badges/</ref> (accessed October 14, 2011).</bibl>

<bibl><hi rend="bold">Tei-C</hi> (nd-b). Tei Workgroups. <ref type="url" target="http://www.tei-c.org/Activities/Workgroups/index.xml">http://www.tei-c.org/Activities/Workgroups/index.xml</ref> (accessed October 14, 2011).</bibl>

<bibl><hi rend="bold">Thaller, M., P. Sahle, F. Clavaud, T. Clement, et al.</hi> (2012). Digital Humanities as a University Degree: The Status Quo and Beyond. <hi rend="italic">Digital Humanities 2012</hi>. Hamburg, Germany.</bibl>

<bibl><hi rend="bold">The Modernist Versions Project</hi> (nd). It’s All About You(Lysses). <ref type="url" target="http://web.uvic.ca/~mvp1922/you/">http://web.uvic.ca/~mvp1922/you/</ref> (accessed </bibl>

<bibl><hi rend="bold">The Praxis Program at the Scholars' Lab</hi> (2012). About Praxis. <ref type="url" target="http://praxis.scholarslab.org/about.html">http://praxis.scholarslab.org/about.html</ref> (accessed </bibl>

<bibl><hi rend="bold">Transcribe Bentham</hi> (2011). Transcribe Bentham. <ref type="url" target="http://www.ucl.ac.uk/transcribe-bentham/">http://www.ucl.ac.uk/transcribe-bentham/</ref> (accessed October 28, 2011).</bibl>

<bibl><hi rend="bold">Warwick, C., M. Terras, P. Hunginton, N. Pappa, et al.</hi> (2006). <hi rend="italic">The Lairah Project: Log Analysis of Digital Resources in the Arts and Humanities, Final Report to the Arts and Humanities Research Council</hi>, London: University College.</bibl>

<bibl><hi rend="bold">Williford, C., and C. Henry</hi> (2012). <hi rend="italic">One Culture: Computationally Intensive Research in the Humanities and Social Sciences: A Report on the Experiences of First Respondents to the Digging into Data Challenge</hi>, Council on Library and Information Resources.</bibl>

<bibl><hi rend="bold">Zotero</hi> (nd). Get Involved with Zotero. <ref type="url" target="http://www.zotero.org/getinvolved/">http://www.zotero.org/getinvolved/</ref> (accessed October 14, 2011).</bibl>


</listBibl>
</div>

<div type="Notes">
<note xml:id="n01" n="1">The meta-methodological commons is centred around McCarty’s (2005) articulation of the Digital Humanities Methodological Commons.</note>

</div>

</back>
</text>
</TEI>

