<?xml version="1.0" encoding="utf-8"?>
<?oxygen RNGSchema="http://jetson.unl.edu/cdrh/schemas/tei_all.rng" type="xml"?>
<TEI xmlns="http://www.tei-c.org/ns/1.0" xml:id="ab-154">

<teiHeader>
<fileDesc>
<titleStmt>
<title>Against the Binary of Gender: A Case for Considering the Many Dimensions of Gender in DH Teaching and Research</title>
<author>
<name><surname>Radzikowska</surname>, <forename>Milena</forename></name>
<affiliation>Mount Royal University, Canada</affiliation>
<email>mradzikowska@gmail.com</email>
</author>
<author>
<name><surname>Sostar</surname>, <forename>Tiffany</forename></name>
<affiliation>University of Calgary, Canada</affiliation>
<email>possibly.t@gmail.com </email>
</author>
<author>
<name><surname>Ruecker</surname>, <forename>Stan</forename></name>
<affiliation>Illinois Institute of Design</affiliation>
<email>sruecker@id.iit.edu</email>
</author>
</titleStmt>
<publicationStmt>
<authority></authority>
<publisher>University of Nebraska-Lincoln</publisher>
<distributor>
<name>Center for Digital Research in the Humanities</name>
<address>
<addrLine>319 Love Library</addrLine>
<addrLine>University of Nebraska&#8211;Lincoln</addrLine>
<addrLine>Lincoln, NE 68588-4100</addrLine>
<addrLine>cdrh@unl.edu</addrLine>
</address>
</distributor>
<pubPlace>Lincoln, Nebraska</pubPlace> 
<address>
<addrLine>University of Nebraska-Lincoln</addrLine>
<addrLine>Lincoln, NE 68588-4100</addrLine>
</address>
<availability>
<p></p>
</availability>
</publicationStmt>

<notesStmt><note type="abstract">In this paper, we argue that the digital humanities community, which has an ongoing interest in studying the literary dimensions of gender, is at an opportune moment to join the conversation on gender theories from other disciplines. Moreover, we suggest that DH can take a leadership role in moving beyond the assumptions of binary gender, and instead engage with non-binary gender in meaningful and tangible ways through DH teaching and research.</note></notesStmt>

<sourceDesc>
<p>No source: created in electronic format.</p>
<p>
<date when="20130717"></date>
<time when="10:30:00"></time>
</p>
<p n="session">LP05</p>
</sourceDesc>
</fileDesc>

<profileDesc>
<textClass>
<keywords scheme="original" n="category">
<term>Paper</term>
</keywords>
<keywords scheme="original" n="subcategory">
<term>Long Paper</term>
</keywords>
<keywords scheme="original" n="keywords">
<term>gender</term>
<term>user engagement</term>
<term>feminism</term>
<term>non-binary</term>
</keywords>
<keywords scheme="original" n="topic">
<term>gender studies</term>
<term>digital humanities - nature and significance</term>
<term>interface and user experience design</term>
<term>user studies / user needs</term>
<term>digital humanities - pedagogy and curriculum</term>
</keywords>
</textClass>
</profileDesc>

<revisionDesc>
<change>
<date when="2013-04-03"></date>
<name>Laura Weakly</name>
<desc>Initial encoding</desc>
</change>
</revisionDesc>
</teiHeader>

<text type="paper">
<body>
<div>

<p>There are genders beyond masculinity and femininity. Genderqueers, bois, gurls and otherwise gender variant people explore and express a wide variety of non-binary gender identities. Joy Johnson and Robin Repta note that “gender is typically theorized as a multidimensional, context-specific factor that changes according to time and place”, but in research practice, gender “is routinely assumed to be a homogeneous category … measured by a single check box” (28). The non-binary gender communities are untapped, underserved, and underrepresented by most scholarly activities. Digital humanities scholars have the potential to move beyond assumptions and to engage with non-binary gender in meaningful and tangible ways. This engagement can help the digital humanities live up to its promise, to “enhance the impact of [scholars’] work and engage with new audiences” (Prescott 63). </p>

<p>Though gender variance is not new, “exposure to new gender norms and social scripts has transformed the ways that some young individuals make sense of gender and gender non-conformity” (Shapiro 21). Shapiro cites technology as a tool that offers “new physical and social possibilities for gender” (24). The technology used in the field of digital humanities is part of this process of renegotiation and understanding, but it is necessary for digital humanities scholars to understand and accommodate these news ways of knowing and being. Mussell (writing about periodicals) notes that “there has been a fundamental transformation in the terms of access” (202) in the digital humanities classroom. This “fundamental transformation” applies to all aspects of knowledge compiled within the digital humanities, and it is perhaps the right moment now for the field to undertake the next step toward a comprehensive and nuanced engagement with new understandings of gender.</p>

<p>This paper is not only a call to catch up to complex understandings of non-binary gender in other disciplines such as queer and feminist theory (Butler), medical research (Johnson and Repta), child psychology (Wiseman and Davidson) and marketing and consumer research (Bettany, Dobscha, O’Malley and Prothero). It is a call to exceed the reach of these existing engagements. We must answer the same challenge Wiseman and Davidson have issued to clinical psychologists, “to continually reflect and discuss the multiplicity that is possible within human experience, recognizing the ways of thinking and knowing that we are embedded in” (536).  Because the digital humanities influence how scholars do their work and how students frame their research questions, we are in a strong position to create a comprehensive discipline-wide conceptualization of non-binary gender. This is asking much of the digital humanities. The difficulty of engaging meaningfully with non-binary gender is highlighted by contradictions such as statements that “gender is to be considered as a two-sided coin, as constructions of masculinity, and what it is to be male, inevitably generate and constitute constructions of femininity, and what it is to be female” (Bettany et al 16) resulting from a conference entitled “Moving Beyond Binary Opposition: Exploring the Tapestry of Gender in Consumer Research and Marketing.” What is demonstrated here is the embeddedness of the binary construction of gender that the conference sought to explore and move beyond. It is that very embeddedness that digital humanities should seek to confront and overcome. We have the power to shape views through our construction of digital humanities classrooms and research projects. We should try to answer the challenge offered by Ryka Aoki; “[w]e should provide [genderqueer, trans, and gender variant people] the chance and even some guidance to find their own answers… let us give people the support and affirmation that they may never have experienced” (sec. 4).</p>

<p>Our paper proposes four ways that the digital humanities can engage scholars, research participants, and students in considering the non-binary nature of gender. First, we suggest that the design and development of tools for digital humanities scholarship should enable the exploration of texts according to gender identity, gender expression, biological sex, and sexual orientation. In addition, such exploration should be considered a multi-dimensional spectrum, not a series of on-off switches. Second, when constructing engagements with potential users of DH tools, we should employ design testing methods that move beyond assumptions of the gender binary. Third, in designing DH experiments, we might choose to privilege content from non-binary gender sources. Fourth, we can acknowledge non-binary gender in DH classes and seminars and, where possible, include relevant readings and explore the re-imagining of existing DH tools according to non-binary gender. Though these measures cannot provide a comprehensive response to the many issues that Digital Humanities scholarship must address regarding non-binary gender and gender inclusivity, they do represent important first steps towards an inclusive and collaborative solution.</p>
                
</div>

</body>

<back>
<div type="References">
<listBibl>

<bibl><hi rend="bold">Aoki, R.</hi> (2010). “On Living Well and Coming Free.” In <hi rend="bold">Bornstein, K. and Bergman, S. B.</hi> (eds). <hi rend="italic">Gender Outlaws</hi>. Berkeley: Seal Press.</bibl>

<bibl><hi rend="bold">Bettany, S., S. Dobscha, L. O’Malley, and A. Prothero</hi> (2010). “Moving Beyond Binary Opposition: Exploring the Tapestry of Gender in Consumer Research and Marketing.” <hi rend="italic">Marketing Theory</hi> 10 3-28. Sage. (accessed 14 Oct. 2012).</bibl>

<bibl><hi rend="bold">Butler, J.</hi> (2004). <hi rend="italic">Undoing Gender</hi>. New York: Routledge.</bibl>

<bibl><hi rend="bold">Johnson, J. L. and R. Repta</hi> (2012). “Sex and Gender: Beyond the Binaries.” In <hi rend="bold">Oliffe, J. L. and Greaves, L.</hi> (eds). <hi rend="italic">Designing and Conducting Gender, Sex, and Health Research</hi>. New York: Sage Publications: 17-37. Sage. (accessed 14 Oct. 2012.)</bibl>

<bibl><hi rend="bold">Mussell, J.</hi> (2012). Teaching Nineteenth-Century Periodicals Using Digital Resources: Myths and Methods. <hi rend="italic">Victorian Periodicals Review</hi> 45 201-209. Project Muse. (accessed 25 Oct. 2012).</bibl>

<bibl><hi rend="bold">Prescott, A.</hi> (2011). “Consumers, Creators or Commentators?: Problems of Audience and Mission in the Digital Humanities.” <hi rend="italic">Arts and Humanities in Higher Education</hi> 11 61-75. Sage.  (accessed 24 Oct. 2012.)</bibl>

<bibl><hi rend="bold">Shapiro, E.</hi> (2010).<hi rend="italic">Gender Circuits: Bodies and Identities in a Technological Age</hi>. New York: Routledge.</bibl>

<bibl><hi rend="bold">Wiseman, M. and S. Davidson</hi> (2011). Problems With Binary Gender Discourse: Using Context to Promote Flexibility and Connection in Gender Identity. <hi rend="italic">Clinical Child Psychology and Psychiatry</hi> 17  528-537. Sage. (accessed 14 Oct. 2012).</bibl>

</listBibl>
</div>
</back>
</text>
</TEI>

