<?xml version="1.0" encoding="utf-8"?>
<?oxygen RNGSchema="http://jetson.unl.edu/cdrh/schemas/tei_all.rng" type="xml"?>
<TEI xmlns="http://www.tei-c.org/ns/1.0" xml:id="ab-155">

<teiHeader>
<fileDesc>
<titleStmt>
<title>Exquisite Haiku: Experiments with Real-Time, Collaborative Poetry Composition</title>
<author>
<name><surname>McClure</surname>, <forename>David William</forename></name>
<affiliation>Scholars&#039; Lab, University of Virginia Library, United States of America</affiliation>
<email>david.mcclure@virginia.edu</email>
</author>
</titleStmt>
<publicationStmt>
<authority></authority>
<publisher>University of Nebraska-Lincoln</publisher>
<distributor>
<name>Center for Digital Research in the Humanities</name>
<address>
<addrLine>319 Love Library</addrLine>
<addrLine>University of Nebraska&#8211;Lincoln</addrLine>
<addrLine>Lincoln, NE 68588-4100</addrLine>
<addrLine>cdrh@unl.edu</addrLine>
</address>
</distributor>
<pubPlace>Lincoln, Nebraska</pubPlace> 
<address>
<addrLine>University of Nebraska-Lincoln</addrLine>
<addrLine>Lincoln, NE 68588-4100</addrLine>
</address>
<availability>
<p></p>
</availability>
</publicationStmt>

<notesStmt><note type="abstract">Algorithmic text generators, Oulipo forms, and collaborative art practice has created “authorless” texts that deliberately reject the unity and “sensefulness” of single-author works. I explore the opposite question: Is it possible to create an authorless text that looks and acts exactly like a conventional, authored work?

I present Exquisite Haiku, a real-time web application that makes it possible for groups to work together to compose short poems. Drawing inspiration from the Exquisite Corpse, a classic Surrealist parlor game, the software pushes the collaborative process down to the level of individual word selections.

I argue that this creates “unattributable” texts that lack authors and yet cannot be distinguished from “normal” texts. Far from being without origin, though, the game that produces them can be understood as a real-world enactment, at the level of artistic praxis, of 20th century critical frameworks that formulate meaning as something produced by readers and their communities.</note></notesStmt>

<sourceDesc>
<p>No source: created in electronic format.</p>
<p>
<date when="20130717"></date>
<time when="13:30:00"></time>
</p>
<p n="session">LP07</p>
</sourceDesc>
</fileDesc>

<profileDesc>
<textClass>
<keywords scheme="original" n="category">
<term>Paper</term>
</keywords>
<keywords scheme="original" n="subcategory">
<term>Long Paper</term>
</keywords>
<keywords scheme="original" n="keywords">
<term>literary theory</term>
<term>exquisite corpse</term>
<term>surrealism</term>
<term>electronic literature</term>
</keywords>
<keywords scheme="original" n="topic">
<term>literary studies</term>
<term>text generation</term>
<term>linguistics</term>
<term>creative and performing arts</term>
<term>including writing</term>
<term>crowdsourcing</term>
</keywords>
</textClass>
</profileDesc>

<revisionDesc>
<change>
<date when="2013-04-03"></date>
<name>Laura Weakly</name>
<desc>Initial encoding</desc>
</change>
</revisionDesc>
</teiHeader>

<text type="paper">
<body>
<div>


<div>
<head>Introduction</head>

<p>There is a long tradition of artistic practices that have tried to reduce or remove the role of the author. Text generators produce poems according to algorithmic recipes; Oulipo procedures shuffle existing texts into new, unanticipated combinations; and collaborative processes produce collages, mash-ups, and other hybrid formats that combine a collection of individual voices into a single work. These author-reducing practices often take the form of rebellions against the “false prophets of genius and inspiration” (Motte, 203; qtd. Ramsay, 28), efforts to transcend the unity and rationality of single-author works and create new forms that “could not be created by one brain alone” (Breton, qtd. Waldberg, 95).</p>

<p>I ask the opposite question: Is it possible to create an “authorless” text that nonetheless looks and acts exactly like a single-author work? Drawing inspiration from the “Exquisite Corpse,” a Surrealist parlor game, I present Exquisite Haiku, a real-time, interactive web application that makes it possible for groups of people to compose short poems. The software enables an extremely granular form of literary collaboration in which the intentions of the individual players are scrambled beyond recognition “into” or “below” the individual word selections. By pushing the register of collaboration down to an extended process of deliberation that takes place for each word, I argue that the resulting texts lack authors in the sense that they are completely <hi rend="italic">unattributable</hi> &#8212; no individual person is responsible for any addressable part of the text. And yet they emerge from a completely deterministic, human-willed process and exhibit an “aura of sensefulness” (Ramsay, 30) and “closure in meaning” (Laxon, 30) that makes them indistinguishable from single-author texts.</p>
</div>

<div>
<head>The Exquisite Corpse and the “Fold”</head>

<p>First played by the friends of Andr&#233; Breton in Paris in the 1920’s, the Exquisite Corpse<ref type="note" target="n01">1</ref>  was one of the most influential of the Surrealist parlor games. A group sits at a table and passes around a sheet of paper &#8212; each player writes or sketches a new bit of material onto the page, and then folds the paper to conceal all but a small portion of the composite image. The end result is a phantasmagorical mash-up of the individual contributions, all highly individuated but bound together by a web of associations emerging from each player's partial knowledge of the whole. For Breton and the Surrealists, this disjointedness was a feature, not a bug &#8212; these “chain games” were efforts to invent new modes of artistic praxis that abandoned the constraints of single-author rationalism and moved towards a collaborative engagement with the <hi rend="italic">sur</hi>-reality of Freudian free-association, a hop-scotching movement among images and motifs (Kern, 3-28). To achieve this fragmentation, the “links” of the chain needed to be blocky, rough, and obviously collaborative.</p>

<p>Interestingly, though, these theoretical goals start to unravel as the Corpse becomes more “competent” from a technical standpoint. Susan Laxon describes a variation of the game introduced in the mid-1930’s by Valentine Hugo that tried to combine the energies of the individual players into a more unbroken, continuous form of collaboration. The physical “folds” were replaced with a system of discreet markings that protected the physical purity of the page, and the contour of the final image was traced over in an effort to conceal discontinuities and standardize the shading tech-nique (Laxon, 41). For Laxon, this essentially an artistic error, at least when held up against the intellectual goals of the movement &#8212; the effort to “smooth” or “improve” the collaboration has the paradoxical effect of pushing the final product back in the direction of single-author unity. The Corpse stakes its claim to originality on the abruptness and defamiliarization brought on by the juxtaposition of the separate sec-tions. As they bleed together and start to reassemble towards cohesion, the Corpse cedes its <hi rend="italic">raison d'&#234;tre</hi>.</p>

<p>The altered rule set never caught on; before long, the fold was reinstated and the error reversed. But what if the “mistake” had been allowed to continue? Hugo’s modified game points to an intriguing proposition: What if the collaboration actually became so granular &#8212; the individual contributions so completely pulverized into the text &#8212; that it would be impossible to draw a line between any discrete unit of meaning in the work and an intending consciousness? Is it really true that a <hi rend="italic">complete</hi> fragmentation of single authorship would, paradoxically, look almost identical to single authorship? Could this be achieved in a real artistic praxis? What kind of system or a game could actually reach this hypothetical endpoint? </p>
</div>

<div>
<head>Exquisite Haiku and Literary Consensus</head>

<p>In an effort to explore this question, I built Exquisite Haiku, a real-time web application written in JavaScript using Node.js that makes it possible for groups of people &#8212; as few as two, and theoretically as many as about 1,000 &#8212; to work together in an interactive, synchronous environment to compose three-line English haiku in a 5-7-5 syllable pattern. The words in the poem are selected one-by-one and in-order by a series of “word rounds,” structurally identical cycles of play that last for a fixed amount of time (1-10 minutes). At the end of each round, the word that emerges with the most points from a game-like process in which the group collectively evaluates the proposals of individual players is locked into the next position in the poem, and the process restarts for the next word.</p>

<p>At the start of each round, players are presented with the words that have already been selected, a countdown timer that shows the amount of time left for the current word selection, and a “points” counter (all players get the same number of points, replenished at the start of each round). Players submit words by typing into a box at the top of the screen, and the words are pushed onto a continuously updated stack of unique possibilities. Starting immediately, and continuing as more proposals are submitted, players can influence the ordering of the stack by spending out little bursts of positive or negative points, of variable size, onto individual words by clicking and dragging up or down.</p>

<p>As soon as a vote is cast, the software immediately propagates the player’s activity to all of the other players in the poem, all of whom see a millisecond-current interface designed to communicate a constant stream of information about the individual and aggregate sentiments of the players. The interface becomes a field of shifting, dilating, recoloring, reordering words that assembles the activity of the group into a single visual representation and sets the stage for an ongoing process of conversation, experimentation, and brinksmanship. Words are floated to the top and floated back down, tried out and then abandoned in favor of other ideas. A new submission or a large vote can trigger a sudden flurry of agreement or dissent. Competing factions form around words, the players tactically pacing their point expenditures to protect or bolster the position of a word in the stack.</p>

<p>Unlike other computer-assisted forms of writing, though, the software doesn’t actually <hi rend="italic">do</hi> anything at all &#8212; it doesn’t pick words, inject any element of randomness or chance, or <hi rend="italic">do</hi> anything else to materially impact the outcome of the process. It is essentially an elaborate scorekeeper or referee, a set of rules and processes according to which the sentiments of the players are collected, tallied, and redisplayed, with the final effect of distilling a single course of action from the divergent energies of the group. In this sense, the software becomes an exercise in applied political philosophy. It is a microcosmic legal or economic system, a legislative process for word selection, an artistic social contract that transplants the lowest-level mechanics of literary meaning-making &#8212; the raw, semiotic process of selecting signifiers and linking them together into syntagms &#8212; into a system of democratic governance.</p>

 

<figure><graphic url="ab-155.001"/><head>Figure 1:</head> <p>A screenshot of Exquisite Haiku in the middle of the second line of a poem, near the end of a word round. In three seconds, “white,” the top word in the main ranking stack below the poem, will get locked and the process will restart for the next word: “tell me about clouds / what white _____.”</p></figure>
</div>

<div>
<head>Authorless authorship</head>

<p>In the way that <hi rend="italic">e<hi rend="superscript">-x</hi></hi> approaches 0 as x increases, I argue that the texts that emerge from this process approach complete <hi rend="italic">unattributability</hi> as the number of players increases and the contribution of any individual becomes increasingly marginal. Unlike other “authorless” texts, though, the democratic nature of the game causes the poems to gyroscopically evolve in the direction of highly specific, concrete meanings. At any given point in the composition process, there is a strong social tendency for the players to form a majority consensus around words that are semantically coherent in the context of the words that have already been selected, and that set the stage for future word choices that will result in poems that hold together overall<ref type="note" target="n02">2</ref>:</p>


<lg>
<l>winter’s color is</l>
<l>a clanging echo of some</l>
<l>distant summer song</l>
</lg>

<lg>
<l>electrical days</l>
<l>arrive without incident</l>
<l>pass without pleasure</l>
</lg>

<lg>
<l>in all shades of love</l>
<l>some element of hazard</l>
<l>glows forever pale</l>
</lg>

<lg>
<l>despite quiet thought</l>
<l>quote roaring ideas that</l>
<l>compel agreement</l>
</lg>


<p>Although far from unequivocal (especially the fourth example, with the idiomatic strangeness of “quote” and “roaring”), there is an unmistakable structural firmness at play. At the level of pragmatic, ordinary-language interpretation, specific “theses” or “statements” are advanced.<ref type="note" target="n03">3</ref>  Compare to some of the classic outputs of the original Corpse, which, quite deliberately on the part of their creators, almost provide negative definitions of this notion of sensefulness:</p>

<quote>
<lg>
<l>The exquisite corpse will drink the young wine.</l>

<l>The dormitory of friable little girls puts the odious box right.</l>

<l>The Senegal oyster will eat the tricolor bread. </l></lg> (Rubin, 278)
</quote>

<p>I will argue that this tension between how the Exquisite Haiku are <hi rend="italic">produced</hi> and how they <hi rend="italic">behave</hi> as literary objects make them highly peculiar from a theoretical standpoint. They possess characteristics that seem to satisfy all of our intuitive requirements for “authored-ness” in the strong sense of the concept: They are formed exclusively by the volitional actions of human agents; there is no element of randomness or chance involved; they bear well-formed “sentence meanings” that say specific things. And yet they emerge from a radically collaborative process that in fact destroys exactly this concept of authorship.</p>
</div>
                
</div>

</body>

<back>
<div type="References">
<listBibl>
<bibl><hi rend="bold">Dowling, W. C.</hi> (1983). Intentionless Meaning. <hi rend="italic">Critical Inquiry</hi>. 9.4 (June, 1983): 784-789. </bibl>

<bibl><hi rend="bold">Fish, S. E.</hi> (1980). <hi rend="italic">Is There a Text In This Class? : The Authority of Interpretive Communities</hi>. Cambridge, MA: Harvard University Press. </bibl>

<bibl><hi rend="bold">Gadamer, H.-G.</hi> (1975). <hi rend="italic">Truth and Method</hi>, trans. Garrett Burden and John Cumming. New York: Crossroad.</bibl>

<bibl><hi rend="bold">Hayles, N. K.</hi> (2008). <hi rend="italic">Electronic Literature: New Horizons for the Literary</hi>. Notre Dame: University of Notre Dame Press. </bibl>

<bibl><hi rend="bold">Iser, W.</hi> (1972). The Reading Process: A Phenomenological Approach. <hi rend="italic">New Literary History</hi>. 3.2 (Winter, 1972): 279-299. </bibl>

<bibl><hi rend="bold">Kern, A. M.</hi> (2009). From One Exquisite Corpse (in)to Another: Influences and Transformations from Early to Late Surrealist Games. <hi rend="italic">The Exquisite Corpse: Chance and Collaboration in Surrealism's Parlor Game</hi>. Katana Kockhar-Lindgren, Davis Schneiderman and Tom Denlinger. Lincoln: University of Nebraska Press. 3-28. </bibl>

<bibl><hi rend="bold">Knapp, S., and W. B. Michaels</hi> (1982). Against Theory. <hi rend="italic">Critical Inquiry</hi>. 8.4 (Summer, 1982): 723-742. </bibl>

<bibl><hi rend="bold">Laxon, S.</hi> (2009). ‘This is not a drawing.’ <hi rend="italic">The Exquisite Corpse: Chance and Collaboration in Surrealism's Parlor Game</hi>. Katana Kockhar-Lindgren, Davis Schneiderman and Tom Denlinger. Lincoln: University of Nebraska Press. 29-48. </bibl>

<bibl><hi rend="bold">Mathews, H., and A. Brotchie.</hi> (1998). <hi rend="italic">Oulipo Compendium</hi>. London: Atlas Press. </bibl>

<bibl><hi rend="bold">Motte, W. F.</hi> (1998). <hi rend="italic">Oulipo : a Primer of Potential Literature</hi>. 1st Dalkey Archive ed. Normal, IL: Dalkey Archive Press.</bibl>

<bibl><hi rend="bold">Ramsay, S.</hi> (2011). <hi rend="italic">Reading Machines: Toward an Algorithmic Criticism</hi>. Urbana: University of Illinois Press. </bibl>

<bibl><hi rend="bold">Rubin, W. S.</hi> (1968). <hi rend="italic">Dada and Surrealist Art</hi>. New York: H. N. Abrams.</bibl>

<bibl><hi rend="bold">Searle, J. R.</hi> (1994). Literary Theory and Its Discontents. <hi rend="italic">New Literary History</hi>. 25.3, 25th Anniversary Issue (Part 1) (Summer, 1994): 637-667.</bibl>

<bibl><hi rend="bold">Waldberg, P. </hi> (1997).<hi rend="italic">Surrealism</hi>. New York: Thames and Hudson.</bibl>

</listBibl>
</div>

<div type="Notes">
<note xml:id="n01" n="1">  The name comes from the sentence that was produced the first time the game was played: “<hi rend="italic">Le ca-davre exquis boira le vin nouveau</hi>” (“The exquisite corpse will drink the new wine”).</note>

<note xml:id="n02" n="2">  No doubt these group dynamics reflect culturally informed values about what poetry should look like. It would be interesting to see if groups of players with different cultural backgrounds approach the game in different ways – both in terms of the types of poetry that the group attempts to produce, and in terms of how players engage with the political (and even ethical) process of choosing words.</note>

<note xml:id="n03" n="3">  This is not always the case; sometimes the process “fails” in this regard. For example: “<hi rend="italic">who told god that we / are capable of seeing / shapes in dead leaves that</hi>” – in this case, the players (I was one of them) miscounted the syllables in the last line, bringing the poem to a logical conclusion with “leaves,” even though there was still one syllable remaining on the line. The group basically just gave up, the final “that” perhaps a gesture towards an idea that the phrase could continue beyond the boundaries of the poem. This is a technical error – remove the last word, and the poem is actually quite well-formed. In other cases, though, the poem just fails to close towards any immediately obvious, top-level meaning: “<hi rend="italic">we intend just what / you would fear nothing at the / hour of meaning</hi>.”</note>

</div>

</back>
</text>
</TEI>

