<?xml version="1.0" encoding="utf-8"?>
<?oxygen RNGSchema="http://jetson.unl.edu/cdrh/schemas/tei_all.rng" type="xml"?>
<TEI xmlns="http://www.tei-c.org/ns/1.0" xml:id="ab-127">

<teiHeader>
<fileDesc>
<titleStmt>
<title>Evaluating Natural Light in Historic Structures through Digital Simulation</title>
<author>
<name><surname>VanZee</surname>, <forename>Lisa</forename></name>
<affiliation>Purdue University, United States of America</affiliation>
<email>lvanzee@purdue.edu</email>
</author>
</titleStmt>
<publicationStmt>
<authority></authority>
<publisher>University of Nebraska-Lincoln</publisher>
<distributor>
<name>Center for Digital Research in the Humanities</name>
<address>
<addrLine>319 Love Library</addrLine>
<addrLine>University of Nebraska&#8211;Lincoln</addrLine>
<addrLine>Lincoln, NE 68588-4100</addrLine>
<addrLine>cdrh@unl.edu</addrLine>
</address>
</distributor>
<pubPlace>Lincoln, Nebraska</pubPlace> 
<address>
<addrLine>University of Nebraska-Lincoln</addrLine>
<addrLine>Lincoln, NE 68588-4100</addrLine>
</address>
<availability>
<p></p>
</availability>
</publicationStmt>

<notesStmt><note type="abstract">This research addresses how historic structures have utilized natural light as an effective lighting solution. The methodology was as follows: structure selection; 3D computer models of selected structures; physical site visits; daylight simulation software selection; exterior and interior lighting analysis. Autodesk Ecotect was the software chosen for this research study, which is billed as sustainable design analysis software offering a variety of simulation tools. The structure of the buildings studied reveal that natural light is integral to the success of the interior and acts as a major unifying element within the spaces and can be applied to contemporary built environments.</note></notesStmt>

<sourceDesc>
<p>No source: created in electronic format.</p>
</sourceDesc>
</fileDesc>

<profileDesc>
<textClass>
<keywords scheme="original" n="category">
<term>Poster</term>
</keywords>
<keywords scheme="original" n="keywords">
<term>daylighting</term>
<term>natural light</term>
<term>interior design</term>
<term>historic structures</term>
<term>visualization</term>
</keywords>
<keywords scheme="original" n="topic">
<term>art history</term>
<term>visualisation</term>
</keywords>
</textClass>
</profileDesc>

<revisionDesc>
<change>
<date when="2013-04-03"></date>
<name>Laura Weakly</name>
<desc>Initial encoding</desc>
</change>
</revisionDesc>
</teiHeader>

<text type="poster">
<body>
<div>
<p>The search for sustainable solutions to current design problems has been an ongoing focus within the architectural and interior design communities. Returning to historical uses of natural resources is one way to solve these problems. Natural light, which can be defined as light from a natural source (sun, moon, atmosphere) is a resource that has advantages and disadvantages, both aesthetically and physically, in terms of use as a valuable light source to illuminate spaces. The goal of this research was to address how past and present structures have utilized natural light as an effective lighting solution, and then apply these methods to future structures by means of digital simulation and quantifiable data. Through the analysis of exterior façade systems, fenestration design, interior spaces, and building orientation, past and present structures can help provide a complete picture of both successful and unsuccessful daylighting solutions.</p> 

<p>Current methods to evaluate daylight prior to the design phase of a building project are wide-ranging and not standardized nor regulated.  To effectively study daylighting methods, computer simulation models needed to be developed of past and present structures. Measuring the amount of light from an electric or artificial source can often be straightforward, but daylight is highly variable with many factors to consider and there is not one universal method to calculating quality or quantity. Lighting calculation tools must be able to account for these variables in order to provide an effective lighting solution that can both reduce energy and ensure adequate light levels. The methodology and procedures for this research was conducted as follows: structure selection; three-dimensional computer models of selected structures; physical site visits where applicable; daylight simulation software selection; exterior and interior lighting analysis. Autodesk Ecotect was the software chosen for this research study, which is billed as sustainable design analysis software that offers a variety of simulation and building functionalities.</p>

<p>Data extracted from the digital simulations focused on the amount of interior illuminance in footcandles (one footcandle is equal to the illumination produced by one candle at a distance of one foot), as well as the amount of solar radiation (sunlight) available at each site, average temperatures, and solar geometry (path of travel of the sun). The software data shows that the natural daylight within the buildings as a sole light source can provide adequate illumination levels for tasks completed within the space during daylight hours under varying sky conditions. Site visits were conducted with physical light meters to determine the accuracy of the digital simulations. The techniques employed in the historic structures to control natural light (oculus windows, clerestory windows, site orientation, roof overhangs) were then applied to a current building environment, which was additionally analyzed on daylighting implementation.</p>

<p>Analyzing the success of daylight as a light source before physical construction is difficult in the design industry because there are various units of measurement when dealing with lighting that pertains to different factors (such as climate, weather conditions, time of year). These types of variables can produce a large amount of data in digital simulations, which can alter the perception of the data analysis, where the lighting levels might be extremely low during a winter storm or extremely high at noon in the summer. Determining which data to use and analyze was a large portion of the research in this project. Although standards exist today to attempt to measure the quality and quantity of light within a space, such as illuminance level (footcandle) recommendations and daylight factor ratios (the amount of light available indoors verses outdoors), there is still a great deal of trial and error when designing for daylight. The results of the study were used to verify that the use of current technology, in the format of digital simulation and analysis, on existing historic structures can be reliable indicator of the success of natural lighting solutions for future buildings. From the perspective of energy savings, environmental benefit and occupant comfort, the need for additional studies and research in daylighting metrics in buildings is needed to for natural light to become a viable lighting source.</p>
                
</div>

</body>

<back>
<div type="References">

<listBibl>

<bibl><hi rend="bold">Bhavani, R. G., and M. A. Khan</hi> (2011). Advanced lighting simulation tools for daylighting purposes: Powerful features and related issues.<hi rend="italic"> Trends in Applied Sciences Research</hi> 6 345-363.</bibl>

<bibl><hi rend="bold">Galasiu, A. D., and M. R. Atif</hi> (2002). Applicability of daylighting computer modeling in real case studies: Comparison between measured and simulated daylight availability and lighting consumption.<hi rend="italic"> Building Environ.,</hi> 37. 363-377.</bibl>

<bibl><hi rend="bold">Reinhart, C. F., and A. Fitz</hi> (2006). Findings from a survey on the current use of daylight simulations in building design. <hi rend="italic">Energy and Buildings</hi>, 38. 824-835.</bibl>

<bibl><hi rend="bold">Seward, A.</hi> (2011). Light meter.<hi rend="italic"> Eco-structure.</hi> 9. 21-24.</bibl>

<bibl><hi rend="bold">Webb, A.</hi> (2006). Considerations for lighting in the built environment: Non-visual effects of light.<hi rend="italic"> Energy and Buildings, </hi> 38. 721-727.</bibl>

</listBibl>
</div>
</back>
</text>
</TEI>

