<?xml version="1.0" encoding="UTF-8"?>

<?oxygen RNGSchema="http://jetson.unl.edu/cdrh/schemas/tei_all.rng" type="xml"?>
<TEI xmlns="http://www.tei-c.org/ns/1.0" xml:id="ab-151">
    
<teiHeader>
<fileDesc>
<titleStmt>
<title>A Community Fab Lab: Introductions to Making</title>
<author>
<name><surname>McGrath</surname>, <forename>Robert E.</forename></name>
<affiliation>Champaign Urbana Community Fab Lab, United States of America</affiliation>
<email>robert.mcgrath216@gmail.com</email>
</author>
</titleStmt>
<publicationStmt>
<authority></authority>
<publisher>University of Nebraska-Lincoln</publisher>
<distributor>
<name>Center for Digital Research in the Humanities</name>
<address>
<addrLine>319 Love Library</addrLine>
<addrLine>University of Nebraska&#8211;Lincoln</addrLine>
<addrLine>Lincoln, NE 68588-4100</addrLine>
<addrLine>cdrh@unlnotes.unl.edu</addrLine>
</address>
</distributor>
<pubPlace>Lincoln, Nebraska</pubPlace> 
<address>
<addrLine>University of Nebraska-Lincoln</addrLine>
<addrLine>Lincoln, NE 68588-4100</addrLine>
</address>
<availability>
<p></p>
</availability>
</publicationStmt>

<notesStmt><note type="abstract">Low cost digital fabrication has led to the emergence of a global network of small, local workshops, which are redefining and reintegrating art, design, engineering, business, and handicraft. This paper considers an example of a local community-based Fab Lab, in which we are developing an approach to fostering collaboration and creativity.</note></notesStmt>

<sourceDesc>
<p>No source: created in electronic format.</p>
<p>
<date when="20130719"></date>
<time when="08:30:00"></time>
</p>
<p n="session">SP14</p>
</sourceDesc>
</fileDesc>

<profileDesc>
<textClass>
<keywords scheme="original" n="category">
<term>Paper</term>
</keywords>
<keywords scheme="original" n="subcategory">
<term>Short Paper</term>
</keywords>
<keywords scheme="original" n="keywords">
<term>digital fabrication</term>
<term>fab lab</term>
<term>maker space</term>
<term>tools in the hands of workers</term>
<term>maker</term>
</keywords>

<keywords scheme="original" n="topic">
<term>teaching and pedagogy</term>
<term>other</term>
<term>internet / world wide web</term>
<term>interdisciplinary collaboration</term>
<term>cultural studies</term>
<term>cultural infrastructure</term>
</keywords>
</textClass>
</profileDesc>

<revisionDesc>
<change>
<date when="2013-03-29"></date>
<name>Erin Pedigo</name>
<desc>Initial encoding</desc>
</change>
</revisionDesc>
</teiHeader>

<text type="paper">
<body>
<div>

<div>
<head>Introduction</head>

    <p>Digital technology is revolutionizing both the study of Humanities and the practices of “humanistic” disciplines (Schreibman, Siemens et al. 2004), enabling new forms of creative and scholarly communities (e.g. HASTAC (HASTAC 2013), The Pool (New Media Collective 2013), (Gauntlett 2011)) and new forms of expression (e.g. (Craig 2013; Latulipe, Wilson et al. 2010; Schiphorst 2009; Sherman and Craig 2003; Smith 2011)). Furthermore, as more digital technologies become ubiquitous, humanistic practices are reintegrating the living culture of contemporary life in many ways, including syntheses such as “ArtScience” (Edwards 2008), “Alternative Reality” (McGonigal 2011), and “Learn to Teach, Teach to Learn” (PBworks 2013). This paper considers one example of such reintegration in progress, a local community-based Fab Lab, in which we are developing an approach to fostering collaboration and creativity.</p>
</div>
    
<div>
<head type="sub">Digital Fabrication Technology</head>


    <p>In recent years, digital fabrication technology has become widely available at moderate prices, opening the era of<hi rend="Italic"> personal fabrication</hi> (Anderson 2012; Gershenfeld 2005; Mota 2011; Rischau 2011). Personal fabrication technology is seen as revolutionary; potentially reordering the manufacturing economy and changing the relationship between designer, producer and consumer (Anderson 2012; Gauntlett 2011; Johnson 2010; Rischau 2011). From the perspective of a humanist, this technology can be viewed as transforming creativity and &#8212; literally &#8212; putting tools in the hands of workers; by empowering every individual to fabricate whatever he or she desires, provided he or she learns how to do so.</p>
    <p>Digital Fabrication technology crosses the boundaries between physical and virtual worlds, and this crossing is decisive. Once something (in this case, the design for making an artifact) is digitized, it becomes possible not only to manipulate it, but also to mix, remix, sell, and share it. Just as digital music and video have become universally available, nearly for free, uploaded as well as consumed; the ability to design and make things will be universally shareable.</p>
    <p>The availability of low-cost digital fabrication technology has led to the emergence of a variety of community-based social spaces, including Fab Labs affiliated with MIT (FabWiki 2013), independent Maker Spaces (HackerspaceWiki 2013), and similar groups (e.g. (BioCurious 2013)). These spaces deploy low-cost digital design and fabrication techniques in small, community-based workshops featuring an empowering and creative “do it yourself” ethos within a supportive, diverse, and multidisciplinary setting.  Digital technology can enhance and magnify long existing creative drives because knowledge can be shared in a very direct way: knowledge (i.e., designs) can be uploaded and then downloaded and “executed” (e.g. from Shapeways (Shapeways 2013), Thingiverse (Makerbot Industries 2013) or Instructables (Instructables 2013)), thereby directly connecting local labs, businesses, and individuals world wide (Anderson 2012; Gauntlett 2011; Gershenfeld 2005).</p>
</div>    

<div>
<head type="sub">A Local Community Fab Lab</head>

    <p>The Champaign Urbana Community Fab Lab (CUCFL), located on the University of Illinois Urbana campus, is a volunteer-operated, open community of people who like to design and make things (CUCFL 2013; Ginger, McGrath et al. 2012; Watson 2011). The CUCFL makes available to the local community resources, including skilled volunteers, computers, computer-controlled machines, and electronics assembly tools. These high tech tools, and an open, informal environment, make it possible for people of all ages and skill levels to learn to imagine, design, and build.</p>
    <p>The CUCFL is affiliated with the International Fab Lab Network that originated at MIT (FabFolk 2013). The more than 140 member labs around the world are operated independently, sharing and cooperating through standards and a common vision (FabWiki 2013). In addition to the MIT affiliated Fab Labs, hundreds of independent “Maker Spaces” and “Hacker Spaces”, which provide similar creative environments (HackerspaceWiki 2013). These spaces form a large, informal, global community of makers, who share a plethora of information and enthusiasm via the Internet. </p>
</div> 
   
<div>
<head type="sub"><hi rend="italic">Who Does What in the CUCFL</hi></head>


    <p>The CUCFL has built a community of people with a range of expertise and a desire to share; volunteers who love to learn how to make things, and who love to share their knowledge with others. On any given day you may find kids and parents, University students and staff, artisans, entrepreneurs, school teachers, and retirees; working side by side on projects of their own design; learning and teaching.</p>
    <p>An important goal of the CUCFL is to provide an environment in which everyone, including young women and kids from underserved communities, can imagine, make, and share; learn and, in turn, become a teacher. The CUCFL serves kids from youth groups, schools, and home school groups, as well as hobbyists, handicrafters, inventors developing prototypes of new products, and artists exploring and fabricating new creations.</p>
    <p>In keeping with a humanistic spirit, many projects develop collaboratively in the lab, through free-wheeling discussion, experimentation, and iteration, which can produce eclectic explorations of academic, technological, and artistic concepts (e.g. (McGrath, Rischau et al. 2012)). The CUCFL hosts workshops and design sessions, such as a one-day “Fab Off”, attended by participants from other Fab Labs in the region (CUCFL 2011). Several founders of the CUCFL have graduated University and founded a local design and prototyping company (The Product Manufactory 2013).</p>
</div>
    
<div>
<head type="sub"><hi rend="italic">How We Introduce People to Making</hi></head>


    <p>We work hard to make the CUCFL something you “do”, not something you “watch,” therefore, one of the most important activities is inviting new users to begin making. Many first time visitors find a Fab Lab to be an alien environment; with an exciting but daunting array of high tech tools. And, at first, many people have little notion of what can be done, and might imagine that they are incapable of creating their own designs.</p>
<p>Introductory sessions consist of an introduction to the lab, followed by a hands-on project tutored by experienced volunteers.  Based on the principle of “show, don’t tell”, the novice has the opportunity to, and is strongly encouraged to, design and make a simple object, such as a personalized key ring or sticker &#8212; to actually go through the process of making something <hi rend="italic">on the first day</hi>. These objects are insignificant in themselves, but are highly meaningful because of who made them and how: the experience of making is simultaneously empowering and an encouraging introduction into our (humanistic) community of makers.</p>
</div>   
 
<div>
<head type="sub"><hi rend="italic">The "Fab Lab to Lab Fab" Initiative</hi></head>


    <p>In 2011, the global Fab Lab initiative proposed a challenge to see if labs could be created according to the power of ten; if and how labs might be created at a series of scales, roughly designated by levels of cash outlay: $100, $1000, $10,000, <hi rend="italic">etc</hi>. In effect, this extends the Global Fab Lab Network with another layer of “capillaries”. Inspired by this challenge, the CUCFL, in collaboration with the Center for Digital Inclusion of the University of Illinois at Urbana Champaign, is creating a network of mini labs in a variety of local venues targeted at students from 8 to 18 years of age, including school classrooms, public libraries and dedicated clubhouse/community centers (Ginger, McGrath et al., 2012).</p>
    <p>The CUCFL and the collaborative sites have a mutual set of responsibilities. The mini labs commit to use their resources in the promotion and development of skills and capabilities that align with the Fab Lab mission: personal growth, economic development and cross-cultural understanding. In return, each local mini lab receives a starter set of equipment and supplies that will enable the people at that site to create a variety of objects of their own design. The main CUCFL provides training, assistance and materials, including tutorials and starter project kits, and, as users develop skills, they will be able to use the larger capabilities of the main lab.</p>
</div>

<div>  
<head type="sub">Conclusion</head>


    <p>Fab Labs provide technology within a local, informal community of knowledge, to encourage and enable innovation and creativity by the people who work in or in cooperation with the labs, and, we believe, enabling personal growth, economic development and cross-cultural understanding. The Champaign Urbana Community Fab Lab is one such lab, where we are exploring how to create and sustain a community of learners and makers, with deep local roots, and wide global connections.</p>
<p>These technologically enabled networks of local workshops represent an important trend in the contemporary practices of humanism, (re-)integrating art, design, engineering, and entrepreneurship, and crossing the boundaries between physical and virtual creativity, through social interaction, and knowledge sharing. Beyond the technical and economic implications, these technologies can have profound and exciting psychological and cultural effects. It is thrilling when a kid’s face lights up and he or she holds up an object and says, possibly for the first time in their life, “<hi rend="italic">I</hi> made this”. And that is only the beginning &#8212; the kids inevitably teach other kids (and adults).</p>
</div>
 
<div> 
<head type="sub">Notes</head>

<p>Thanks to Betty J. Barrett, Jeff Ginger, and Peter Organisciak for reading and discussing the drafts of this paper.  Thanks to all the volunteers and community partners who make the CUCFL possible.</p>
</div>    


<div><head type="sub">Funding</head>


<p>This work was partly supported by the Office of the Provost, Office of Public Engagement, and the Center for Digital Inclusion of the University of Illinois, Urbana-Champaign.</p>
</div>
</div>
    
</body>
    
<back>
<div type="References">
<listBibl>

<bibl><hi rend="bold">Anderson, C.</hi> (2012). <hi rend="italic">Makers</hi>. New York: Random House.</bibl>

<bibl><hi rend="bold">BioCurious.</hi> (2013). <hi rend="italic">BioCurious &#8212; your Bay Area hackerspace for biotech</hi>.<ref type="url" target="http://biocurious.org/">http://biocurious.org/</ref>(accessed February 12, 2013).</bibl>

<bibl><hi rend="bold">Craig, A. B.</hi> (2013). <hi rend="italic">Understanding Augmented Reality: Concepts and Applications (forthcoming)</hi>. San Francisco: Morgan Kaufman.</bibl>

<bibl><hi rend="bold">CUCFL.</hi> (2011). <hi rend="italic">Fab Off Slideshow!</hi> <ref type="url" target="http://cucfablab.org/blog/fab-slideshow">http://cucfablab.org/blog/fab-slideshow</ref>(accessed February 12, 2013).</bibl>

<bibl><hi rend="bold">CUCFL.</hi> (2013). <hi rend="italic">Champaign Urbana Community Fab Lab</hi> <ref type="url" target="http://cucfablab.org/">http://cucfablab.org/</ref>(accessed February 12, 2013).</bibl>

<bibl><hi rend="bold">Edwards, D.</hi> (2008). <hi rend="italic">Artscience: Creativity in the Post-Google Generation</hi>. Cambridge: Harvard University Press.</bibl>

<bibl><hi rend="bold">FabFolk. </hi> (2013). <hi rend="italic">The International Fab Lab Association</hi>. <ref type="url" target="http://fablabinternational.org/">http://fablabinternational.org/</ref>(accessed February 12, 2013).</bibl>

<bibl><hi rend="bold">FabWiki.</hi> (2013). <hi rend="italic">Labs</hi>. <ref type="url" target="http://wiki.fablab.is/wiki/Portal:Labs">http://wiki.fablab.is/wiki/Portal:Labs</ref>(accessed February 12, 2013).</bibl>

<bibl><hi rend="bold">Gauntlett, D.</hi> (2011). <hi rend="italic">Making is Connecting: The social meaning of creativity from DIY and knitting to YouTube and Web 2.0</hi>. Cambridge: Polity.</bibl>

<bibl><hi rend="bold">Gershenfeld, N. </hi> (2005). <hi rend="italic">Fab: The Coming Revolution On Your Desktop &#8212; From Personal Computing to Personal Fabrication</hi>. New York: Basic Books.</bibl>

<bibl><hi rend="bold">Ginger, J., et al.</hi> (2012). <hi rend="italic">Mini Labs: Building Capacity for Innovation Through A Local Community Fab Lab Network.</hi> 'World Fab Conference (Fab8)'. held 22-28 August 2012 in Wellington, NZ.</bibl>

<bibl><hi rend="bold">HackerspaceWiki.</hi> (2013). <hi rend="italic">hackerspaces</hi>. <ref type="url" target="http://hackerspaces.org/wiki/Hackerspaces">http://hackerspaces.org/wiki/Hackerspaces</ref>(accessed February 12, 2013).</bibl>

<bibl><hi rend="bold">HASTAC.</hi> (2013). <hi rend="italic">Humanities, Arts, Science Advanced Collaboratory</hi>. <ref type="url" target="http://hastac.org">http://hastac.org</ref>(accessed February 12, 2013).</bibl>

<bibl><hi rend="bold">Instructables.</hi> (2013). <hi rend="italic">Instructables &#8212; Make, How To, and DIY</hi>. <ref type="url" target="http://www.instructables.com">http://www.instructables.com/</ref> (accessed February 12, 2013).</bibl>

<bibl><hi rend="bold">Johnson, J.</hi> (2010). <hi rend="italic">Atoms Are Not Bits; Wired Is Not A Business Magazine</hi>. <ref type="url" target="http://gizmodo.com/5457461/atoms-are-not-bits-wired-is-not-a-business-magazine">http://gizmodo.com/5457461/atoms-are-not-bits-wired-is-not-a-business-magazine</ref>(accessed February 12, 2013).</bibl>

<bibl><hi rend="bold">Latulipe, C., et al.</hi> (2010). <hi rend="italic">Exploring the design space in technology-augmented dance.</hi> 'CHI '10 Extended Abstracts on Human Factors in Computing Systems'. held in 2010 in Atlanta, Georgia.</bibl>

<bibl><hi rend="bold">Makerbot Industries.</hi> (2013). <hi rend="italic">Thingiverse</hi>. <ref type="url" target="http://www.thingiverse.com/">http://www.thingiverse.com/</ref> (accessed February 12, 2013).</bibl>

<bibl><hi rend="bold">McGonigal, J.</hi> (2011). <hi rend="italic">Reality is broken: why games make us better and how they can change the world</hi>. New York: Penguin Press.</bibl>

<bibl><hi rend="bold">McGrath, R. E., J. Rischau, and A. B. Craig.</hi> (2012). Transforming Creativity: Personalized Manufacturing Meets Embodied Computing. <hi rend="italic">Knowledge Management and E-Learning</hi> <hi>4.2</hi>: 157-173.</bibl>

<bibl><hi rend="bold">Mota, C.</hi> (2011). <hi rend="italic">The Rise of Personal Fabrication.</hi> Creativity &amp; Cognition. held November 3-6 in Atlanta.</bibl>

<bibl><hi rend="bold">New Media Collective.</hi> (2013). <hi rend="italic">the pool</hi>.<ref type="url" target="http://pool.newmedia.umaine.edu">http://pool.newmedia.umaine.edu/</ref> (accessed February 12, 2013).</bibl>

<bibl><hi rend="bold">PBworks.</hi> (2013). <hi rend="italic"> Learn 2 Teach, Teach 2 Learn</hi>. <ref type="url" target="http://learn2teach.pbworks.com/w/page/15779288/Learn%202%20Teach%2C%20Teach%202%20Learn">http://learn2teach.pbworks.com/w/page/15779288/Learn%202%20Teach%2C%20Teach%202%20Learn</ref> (accessed February 12, 2013).</bibl>

<bibl><hi rend="bold">Rischau, J.</hi> (2011). <hi rend="italic">Custom Digital Fabrication in Industrial Design</hi>. MFA thesis. Urbana-Champaign: University of Illinois.</bibl>

<bibl><hi rend="bold">Schiphorst, T.</hi> (2009). Body Matters: The Palpability of Invisible Computing. <hi rend="italic">Leonardo</hi> 42(3): 225-230.</bibl>

<bibl><hi rend="bold">Schreibman, S., R. G. Siemens, and J. Unsworth.</hi> (eds.) (2004). <hi rend="italic">A companion to digital humanities</hi>. Malden, MA: Blackwell Publishing.</bibl>

<bibl><hi rend="bold">Shapeways, I.</hi> (2013). <hi rend="italic">shapeways</hi>. <ref type="url" target="http://www.shapeways.com/about/">http://www.shapeways.com/about/</ref> (accessed February 12, 2013).</bibl>

<bibl><hi rend="bold">Sherman, W. R. and A. B. Craig.</hi> (2003). <hi rend="italic">Understanding Virtual Reality: Interface Application and Design</hi>. San Francisco: Morgan Kaufmann.</bibl>

<bibl><hi rend="bold">Smith, B. D.</hi> (2011). <hi rend="italic">Telematic Composition</hi>. Ph.D. thesis. Urbana-Champaign: University of Illinois.</bibl>

<bibl><hi rend="bold">The Product Manufactory.</hi> (2013). <hi rend="italic">The Product Manufactory</hi>.<ref type="url" target="http://www.theproductmanufactory.com">http://www.theproductmanufactory.com/</ref> (accessed February 12, 2013).</bibl>

<bibl><hi rend="bold">Watson, G.</hi> (2011). The Champaign-Urbana Community Fab Lab. <hi rend="italic">ACM interactions</hi> <hi>18.5</hi>: 86-87.</bibl>
    
</listBibl>
</div>
</back>
</text>
</TEI>
    
