<?xml version="1.0" encoding="UTF-8"?>

<?oxygen RNGSchema="http://jetson.unl.edu/cdrh/schemas/tei_all.rng" type="xml"?>
<TEI xmlns="http://www.tei-c.org/ns/1.0" xml:id="ab-160">
    
<teiHeader>
<fileDesc>
<titleStmt>
<title>Inspired by DH: The Day of Archaeology</title>
<author>
<name><surname>Richardson</surname>, <forename>Lorna-Jane</forename></name>
<affiliation>UCL Centre for Digital Humanities, United Kingdom</affiliation>
<email>l.richardson@ucl.ac.uk</email>
</author>
</titleStmt>
            
<publicationStmt>
<authority></authority>
<publisher>University of Nebraska-Lincoln</publisher>
<distributor>
<name>Center for Digital Research in the Humanities</name>
<address>
<addrLine>319 Love Library</addrLine>
<addrLine>University of Nebraska&#8211;Lincoln</addrLine>
<addrLine>Lincoln, NE 68588-4100</addrLine>
<addrLine>cdrh@unlnotes.unl.edu</addrLine>
</address>
</distributor>
<pubPlace>Lincoln, Nebraska</pubPlace> 
<address>
<addrLine>University of Nebraska-Lincoln</addrLine>
<addrLine>Lincoln, NE 68588-4100</addrLine>
</address>
<availability>
<p></p>
</availability>
</publicationStmt>

<notesStmt><note type="abstract">The Day of Digital Humanities has become part of the Digital Humanities landscape: Inspired by the project, the Day of Archaeology (DoA) was established by a group of professional digital archaeologists and PhD students in 2011. With over 500 participants, the web project aims to collate archaeological experiences and connect archaeologists across the world, using a variety of digital technologies. The participants record and share their Day on the Wordpress-based DoA website: <ref type="url" target="www.dayofarchaeology.com">www.dayofarchaeology.com</ref>, alongside photo-sharing sites, Facebook, YouTube and Twitter. This paper will explore how the Day of Digital Humanities model has translated into a more defined discipline; what the DoA has learned from Day of Digital Humanities; the difficulties and benefits of the web-based model when applied to archaeology; how social media has been used; and what impact the DoA has had, and will have as it develops, for participants, the archaeology community and the wider public.</note></notesStmt>
    
<sourceDesc>
<p>No source: created in electronic format.</p>
<p>
<date when="20130717"></date>
<time when="08:30:00"></time>
</p>
<p n="session">SP01</p>
</sourceDesc>
</fileDesc>
    
<profileDesc>
<textClass>
<keywords scheme="original" n="category">
<term>Paper</term>
</keywords>
<keywords scheme="original" n="subcategory">
<term>Short Paper</term>
</keywords>
<keywords scheme="original" n="keywords">
<term>archaeology</term>
<term>Day of Digital Humanities</term>
<term>online community</term>
<term>social media</term></keywords>
            
<keywords scheme="original" n="topic">
<term>archaeology</term>
<term>audio</term>
<term>video</term>
<term>multimedia</term>
<term>knowledge representation</term>      
<term>internet / world wide web</term>   
<term>social media</term>   
<term>crowdsourcing</term> 
         
</keywords>
</textClass>
</profileDesc>
    
<revisionDesc>
<change>
<date when="2013-03-29"></date>
<name>Erin Pedigo</name>
<desc>Initial encoding</desc>
</change>
</revisionDesc>
</teiHeader>
    
<text type="paper">

<body>
<div>

<head><hi>Inspired by DH: The Day of Archaeology</hi></head>

    <p>The Day of Digital Humanities has become part of the Digital Humanities landscape: Inspired by the success of the Day of Digital Humanities project, the Day of Archaeology (DoA) was established as a voluntary project by a group of professional digital archaeologists and PhD students in 2011.  The project is organised and run for free, and server space and staff time is donated and voluntary. The aim of the DoA was to utilise digital and participatory technologies, using a simple Wordpress-based platform, that would enable even the least digitally-minded archaeologist to share their work within the archaeology community and with the wider public. The web project aims to collate archaeological experiences and connect archaeologists across the world, using a variety of digital technologies. The participants record and share their Day on the Wordpress-based DoA website: <ref type="url" target="http://www.dayofarchaeology.com">www.dayofarchaeology.com</ref>, alongside photo-sharing sites, Facebook, YouTube and Twitter.</p>
    <p>The Day of Archaeology <ref type="url" target="http://www.dayofarchaeology.com">www.dayofarchaeology.com</ref> has subsequently developed into an annual Public Archaeology event, which offers a unique insight into the working day of archaeologists worldwide.  Participant-archaeologists have come from Asia, North and South America, Europe, Australia and Africa.  They have written about their day from excavations, offices, museums, community projects, the tourist industry, local government and voluntary groups. The project participants aim to answer a simple question in their contribution; “what do archaeologists do?”.  Participants have contributed blog posts, films, photos, Tweets, Facebook pages, archive 'bingo' and 'ask an archaeologist'.   The first event was held on the July 29th 2011, where some 500 people working, studying or volunteering in archaeology projects around the world contributed blog posts describing their day. The published posts and text are not scripted by the organisers, and only minimally edited to avoid defamation or incorrect information being shared.</p>
    <p>The resulting website presents a behind-the-scenes view of archaeology that incorporates not only the exciting discoveries often showcased in Public Archaeology, but also everyday details of archaeological work in the real world. This project aims to move the public understanding of archaeology away from the 'Indiana Jones' model of excitement and object-oriented discovery, to one that can appreciate the painstaking and vital work undertaken by professionals and volunteers to protect, preserve and interpret our shared pasts.</p>
    <p>This paper will explore how the Day of Digital Humanities model has translated into a more defined discipline; what the DoA has learned from Day of Digital Humanities; it will presents details of the project, how it was organised and who participated; the difficulties and benefits of the web-based model when applied to archaeology; how social media has been used; critical reflections on how the project has engaged with different audiences and what impact the DoA has had, and will have as it develops, for participants, the archaeology community and the wider public.</p>
</div>

</body>
</text>
</TEI>            
