<?xml version="1.0" encoding="utf-8"?>
<?oxygen RNGSchema="http://jetson.unl.edu/cdrh/schemas/tei_all.rng" type="xml"?>
<TEI xmlns="http://www.tei-c.org/ns/1.0" xml:id="ab-180">

<teiHeader>
<fileDesc>
<titleStmt>
<title>Practical Interoperability: The Map of Early Modern London and the Internet Shakespeare Editions</title>
<author>
<name><surname>Holmes</surname>, <forename>Martin</forename></name>
<affiliation>Humanities Computing &amp; Media Centre, University of Victoria, Canada</affiliation>
<email>mholmes@uvic.ca</email>
</author>
<author>
<name><surname>Jenstad</surname>, <forename>Janelle</forename></name>
<affiliation>Department of English, University of Victoria, Canada</affiliation>
<email>jenstad@uvic.ca </email>
</author>
</titleStmt>
<publicationStmt>
<authority></authority>
<publisher>University of Nebraska-Lincoln</publisher>
<distributor>
<name>Center for Digital Research in the Humanities</name>
<address>
<addrLine>319 Love Library</addrLine>
<addrLine>University of Nebraska&#8211;Lincoln</addrLine>
<addrLine>Lincoln, NE 68588-4100</addrLine>
<addrLine>cdrh@unl.edu</addrLine>
</address>
</distributor>
<pubPlace>Lincoln, Nebraska</pubPlace> 
<address>
<addrLine>University of Nebraska-Lincoln</addrLine>
<addrLine>Lincoln, NE 68588-4100</addrLine>
</address>
<availability>
<p></p>
</availability>
</publicationStmt>

<notesStmt><note type="abstract">This paper presents a strategy for loosely coupling datasets in two mature digital projects by constructing a database of links between London toponyms mentioned in early modern dramatic texts in the Internet Shakespeare Editions and the placeography which is at the heart of the Map of Early Modern London project. The approach uses named entity recognition and similarity metrics, and will result in a new dataset which enables each project to integrate information from the other.</note></notesStmt>

<sourceDesc>
<p>No source: created in electronic format.</p>
<p>
<date when="20130717"></date>
<time when="10:30:00"></time>
</p>
<p n="session">LP06</p>
</sourceDesc>
</fileDesc>

<profileDesc>
<textClass>
<keywords scheme="original" n="category">
<term>Paper</term>
</keywords>
<keywords scheme="original" n="subcategory">
<term>Long Paper</term>
</keywords>
<keywords scheme="original" n="keywords">
<term>interoperability</term>
<term>loose coupling</term>
<term>toponym identification</term>
</keywords>
<keywords scheme="original" n="topic">
<term>encoding - theory and practice</term>
<term>natural language processing</term>
<term>xml</term>
<term>digitisation - theory and practice</term>
<term>maps and mapping</term>
<term>linking and annotation</term>
<term>standards and interoperability</term>
</keywords>
</textClass>
</profileDesc>

<revisionDesc>
<change>
<date when="2013-04-30"></date>
<name>Laura Weakly</name>
<desc>Initial encoding</desc>
</change>
</revisionDesc>
</teiHeader>

<text type="paper">
<body>
<div>


<p>While the promise of interoperability has been one of the major driving forces in the adoption of standards such as TEI, it has long been recognized that interoperability has only limited practicality (McDonough 2008; Sperberg-McQueen 2008). As large-scale digitization projects have matured, it has become apparent that the most effective approach to interoperability between them is based on loose coupling through APIs and metadata exchange services such as OAI-PMH, rather than wholesale convertibility or aggregation (see, for example, Bol, Hsiang and Fong 2012; Matei 2012).</p>

<p>The <hi rend="italic">Map of Early Modern London (MoEML)</hi> and the <hi rend="italic">Internet Shakespeare Editions (ISE)</hi> are mature projects, and both are under active development. While <hi rend="italic">MoEML</hi>'s text database is steadily growing, the literary texts in the ISE collection, on the same network and sharing some of the same research team, have become a tempting target for integration. MoEML’s goal is to give users a sense of the lived space of London, particularly as that space was invoked by the implied geography of early modern plays. Shakespeare’s ten history plays are rich in references to London places. <hi rend="italic">1 Henry IV</hi> moves between Eastcheap and Westminster; the title character of <hi rend="italic">Richard III</hi> bustles through London; and the Tower looms ominously over the action of nearly every play. Ingesting and mapping these references in the <hi rend="italic">MoEML</hi> environment would stimulate research questions about Shakespeare and London alike. How typical is Shakespeare’s invocation of London? How do his characters move through the urban environment? What is the relationship between London and the court in Shakespeare’s historical vision? How does this vision compare to that of other playwrights, such as Thomas Heywood, and to that of historians like Holinshed and Stow?</p>

<p><hi rend="italic">MoEML</hi> maps the streets, sites, and significant boundaries of London from 1560 to 1640, basing its interface on the Agas Map of London, which dates originally from the 1560s. The project incorporates a detailed gazetteer, topical essays, and digital texts from the period, and will soon include three editions of John Stow's <hi rend="italic">A Survey of London</hi>. At the heart of the project is an XML placeography incorporating over 720 streets, churches, wards, neighbourhoods, and sites of interest. Places are both geo-referenced and linked to the Agas Map.</p>

<p>One goal is to use the Agas Map as a platform on which to visualize the locations in texts of the period. To that end, <hi rend="italic">MoEML </hi>includes a library of early modern texts with all the toponyms identified and tagged. With dramatic texts, we have until now included only the “Dramatic Extracts” that contain London toponyms. It would be preferable, though, to extract toponyms dynamically from existing digital editions and plot them on the Agas map. The simple data visualization in Figure 1 shows a prototype for <hi rend="italic">Richard III</hi>, with each location sized according to the number of references to it, demonstrating the manner in which the Tower dominates the action.</p>

<figure>
<graphic url="ab-180.001"/>
<head>Figure 1:</head> <p>The London locations in <hi rend="italic">Richard III</hi> on the Agas Map, sized according to the number of references to them.</p></figure>

<p>The <hi rend="italic">Internet Shakespeare Editions</hi> is primarily an open-source digital anthology of Shakespeare's plays. The <hi rend="italic">ISE</hi>'s programming platform also runs the <hi rend="italic">Queen's Men's Editions (QME)</hi> and the <hi rend="italic">Digital Renaissance Editions (DRE)</hi>. Between these three projects, all the plays of Shakespeare and his contemporaries from 1500 to 1640 will be available in standardized XML base texts. At the heart of the projects are carefully edited texts of each play, in both their early printed forms and in modern editions with spelling and punctuation regularized. <hi rend="italic">ISE</hi> editors already tag the base texts with simple tags that are converted to XML. We could ask the <hi rend="italic">ISE</hi>, <hi rend="italic">DRE</hi>, and <hi rend="italic">QME</hi> editors to add in the London references; however, they are likely to turn to <hi rend="italic">MoEML</hi> for help with identifying specific locations, so it is preferable to process their XML files and identify the toponyms ourselves. We propose to begin our prototyping with the ten history plays because five of them are complete or nearly complete. </p>

<p>TEI versions of the <hi rend="italic">ISE</hi> plays  are currently indexed in an eXist XML database (like the <hi rend="italic">MoEML</hi> texts) in order to provide search capabilities. The ISE textbase also includes modern-spelling versions of the texts, and all its versions of each core text are linked using "through line numbers" (TLNs) based on the <hi rend="italic">First Folio</hi>. These features provide the basis for a comprehensive system to identify placename references throughout the texts.</p>

<p>We will use a multi-phase approach to identifying relevant placename instances. First, we will deploy a Named Entity Recognition tool such as the <hi rend="italic">Stanford Named Entity Recognizer</hi>, trained on a subset of texts selected to provide sufficient variety of genre and known to include a useful number of London place references. We will combine the results with the entries in a dictionary of spelling variants of London placenames extracted from our <hi rend="italic">MoEML</hi> collection. We will generate results in a form that includes:
<list type="unordered">
<item>Candidate placename</item>
<item>Surrounding context (paragraph, line selection, etc.)</item>
<item>Link to online version of the text using TLN</item>
<item>ID and name of candidate match location in <hi rend="italic">MoEML</hi> database (if there is one)</item>
<item>Link to <hi rend="italic">MoEML</hi> location data</item></list></p>

<p>This manner of reporting the results will allow research assistants to rapidly accept, reject, or correct the placename instance. Confirmed references will be stored in a TEI document in the form of <code>&lt;linkGrp&gt;</code> elements:
 
<code>&lt;linkGrp target="mol:CHAR1" n="Charing Cross"&gt;
 &lt;link target="ise:1H4/M/scene/2.1#tln-659|76-88"/&gt;
 &lt;/linkGrp&gt;</code>
</p>

<p>This tagging encodes a link between the <hi rend="italic">MoEML</hi> placeography (Charing Cross, which has the @xml:id "CHAR1") and the <hi rend="italic">ISE</hi>'s modern-spelling version of <hi rend="italic">Henry IV Part 1</hi>.  Any other links to the same location will be encoded using <code>&lt;link&gt;</code> elements inside the same <code>&lt;linkGrp&gt;</code>. These links use Private URI Schemes for the sake of convenience. The pointers prefixed with "<hi rend="italic">mol:</hi>" are dereferenced in the context of the <hi rend="italic">MoEML</hi> database through XPath (<code>//TEI[@xml:id="CHAR1"]</code> in this case). The "<code>ise:</code>" prefix can be similarly dereferenced to construct a full URI to the target location in the document: <ref type="url" target="http://internetshakespeare.uvic.ca/Library/Texts/1H4/M/scene/2.1#tln-659">http://internetshakespeare.uvic.ca/Library/Texts/1H4/M/scene/2.1#tln-659</ref>. The last component of the pointer contains the character offset range for the placename. A formal method for documenting and mechanically dereferencing private URI schemes and similar abbreviated pointers has been proposed (Holmes 2012) and is being considered for adoption by the TEI Council.</p>

<p>Once candidate placenames have been encoded for the modern-spelling editions of the plays, the TLN referencing system in use by the <hi rend="italic">ISE</hi> can be used to identify corresponding references in the other editions. We will use this automated process for identifications:
<list type="ordered">
<item>	1. Retrieve the text following the corresponding TLN from an original-spelling edition of the text.</item>
<item>	2. Search for the placename as it appears in the modern-spelling edition. If found, record its offsets and generate a <code>&lt;link&gt;</code>.</item>
<item>	3. If not found, try a search for each variant spelling of the placename known to the <hi rend="italic">MoEML</hi> database.</item>
<item>	4. If a match is still not found, tokenize the target text, create bigrams and trigrams, and run similarity metrics between the original-spelling placename and each n-gram. If a similarity threshold is reached, assume a match and create a <code>&lt;link&gt;</code>.</item></list></p>

<p>Various similarity metrics might be appropriate here, including the Universal Similarity Metric (USM; see Holmes 2010). Where a similarity metric is invoked, the results will be flagged for manual checking. Pursuing this particular example, the <hi rend="italic">First Folio</hi> has Charing Cross with the spelling "Charing-crosse". A Java implementation of the USM gives these a similarity score of 0.206, which represents high similarity (scores are between 0 and 1, with 0 representing identity). Processing the <hi rend="italic">First Folio</hi> edition would generate a second <code>&lt;link&gt;</code>:

<code> &lt;link target="ise:1H4/F1/scene/2.1#tln-660|37-50"/&gt;</code>

</p>

<figure>
<graphic url="ab-180.002" />
<head>Figure 2:</head> <p>A flowchart representing the placename identification process.</p></figure>




<figure>
<graphic url="ab-180.003" />
<head>Figure 3:</head> <p>Mapping placename identification in the modern-spelling texts onto original-spelling versions.</p></figure>

<p>The complete process is represented in the flow charts in Figures 2 and 3. This approach will enable us to generate a large number of matches and resulting links without excessive human labour. The link groups will be stored in the <hi rend="italic">MoEML</hi> database. No modification of <hi rend="italic">MoEML</hi> or <hi rend="italic">ISE</hi> texts is required; this is the "loose coupling" mentioned above. Links to instances of London placenames in the <hi rend="italic">ISE</hi> texts can be provided as part of <hi rend="italic">MoEML</hi>'s online placeography. Meanwhile, the <hi rend="italic">ISE</hi> team has expressed interest in linking out to <hi rend="italic">MoEML</hi> location data, which could easily be achieved either by processing the <hi rend="italic">MoEML</hi> link groups to add annotations directly into the <hi rend="italic">ISE</hi> texts, or (pursuing the loose coupling methodology) by making calls to an <hi rend="italic">API</hi> provided by <hi rend="italic">MoEML</hi> when rendering sections of <hi rend="italic">ISE</hi> texts to incorporate relevant links.</p>



                
</div>

</body>

<back>
<div type="References">
<listBibl>
<bibl><hi rend="bold">Bol, P. K., J. Hsiang, and G. Fong</hi> (2012). "Prosopographical Databases, Text-Mining, GIS and System Interoperability for Chinese History and Literature." <hi rend="italic">Digital Humanities 2012 Conference Abstracts</hi>, 43-51.</bibl>

<bibl><hi rend="bold">Hirsch, B. (ed.)</hi> <hi rend="italic">Digital Renaissance Editions</hi>. <ref type="url" target="http://digitalrenaissance.uvic.ca/">http://digitalrenaissance.uvic.ca/</ref>. </bibl>

<bibl><hi rend="bold">Holmes, M.</hi> (2010). Using the Universal Similarity Metric to Map Correspondences between Witnesses. <ref type="url" target="http://dh2010.cch.kcl.ac.uk/academic-programme/abstracts/papers/html/ab-693.html">http://dh2010.cch.kcl.ac.uk/academic-programme/abstracts/papers/html/ab-693.html</ref>.</bibl>

<bibl><hi rend="bold">Holmes, M.</hi> (2012). "Prefix Definition Proposal." <ref type="url" target="http://wiki.tei-c.org/index.php/Prefix_Definition_Proposal">http://wiki.tei-c.org/index.php/Prefix_Definition_Proposal</ref>.</bibl>

<bibl><hi rend="italic">The Map of Early Modern London</hi>. Dir. Janelle Jenstad. <ref type="url" target="http://mapoflondon.uvic.ca">http://mapoflondon.uvic.ca</ref>.</bibl>

<bibl><hi rend="bold">Matei, S. A.</hi> (2012). "ARTL@S and BasArt: A loose coupling strategy for digital humanities." <hi rend="italic">Artl@s Bulletin</hi>, 1: 27-30.</bibl>

<bibl><hi rend="bold">McDonough, J.</hi> (2008). “Structural Metadata and the Social Limitation of Interoperability: A Sociotechnical View of XML and Digital Library Standards Development.” Presented at Balisage: The Markup Conference 2008, Montr&#233;al, Canada, August 12 - 15. In <hi rend="italic">Proceedings of Balisage: The Markup Conference 2008</hi>. Balisage Series on Markup Technologies, 1. doi:10.4242/BalisageVol1.McDonough01. <ref type="url" target="http://www.balisage.net/Proceedings/vol1/html/McDonough01/BalisageVol1-McDonough01.html">http://www.balisage.net/Proceedings/vol1/html/McDonough01/BalisageVol1-McDonough01.html</ref>.</bibl>

<bibl><hi rend="bold">Ostovich H., A. Griffin, P. Cockett, and J. Roberts-Smith (eds.)</hi>  Queen's Men Editions. <ref type="url" target="http://qme.internetshakespeare.uvic.ca/">http://qme.internetshakespeare.uvic.ca/</ref>. </bibl>

<bibl><hi rend="bold">Rasmussen, E., M. Best, et al. (eds.)</hi>  <hi rend="italic">Internet Shakespeare Editions</hi> <ref type="url" target="http://internetshakespeare.uvic.ca">http://internetshakespeare.uvic.ca</ref>.</bibl>

<bibl><hi rend="bold">Sperberg-McQueen, C. M.</hi> (2008). “But wait, there's more!” Presented at Balisage: The Markup Conference 2008, Montr&#233;al, Canada, August 12 - 15. In <hi rend="italic">Proceedings of Balisage: The Markup Conference 2008</hi>. Balisage Series on Markup Technologies, 1. doi:10.4242/BalisageVol1.Sperberg-McQueen02. <ref type="url" target="http://www.balisage.net/Proceedings/vol1/html/Sperberg-McQueen02/BalisageVol1-Sperberg-McQueen02.html">http://www.balisage.net/Proceedings/vol1/html/Sperberg-McQueen02/BalisageVol1-Sperberg-McQueen02.html</ref>.</bibl>

</listBibl>
</div>
</back>
</text>
</TEI>

