<?xml version="1.0" encoding="utf-8"?>
<?oxygen RNGSchema="http://jetson.unl.edu/cdrh/schemas/tei_all.rng" type="xml"?>
<TEI xmlns="http://www.tei-c.org/ns/1.0" xml:id="ab-161">

<teiHeader>
<fileDesc>
<titleStmt>
<title>The Network is Everting: the Death of Cyberspace and the Emergence of the Digital Humanities</title>
<author>
<name><surname>Jones</surname>, <forename>Steven Edward</forename></name>
<affiliation>Loyola University Chicago, United States of America</affiliation>
<email>sjones1@luc.edu</email>
</author>
</titleStmt>
<publicationStmt>
<authority></authority>
<publisher>University of Nebraska-Lincoln</publisher>
<distributor>
<name>Center for Digital Research in the Humanities</name>
<address>
<addrLine>319 Love Library</addrLine>
<addrLine>University of Nebraska&#8211;Lincoln</addrLine>
<addrLine>Lincoln, NE 68588-4100</addrLine>
<addrLine>cdrh@unl.edu</addrLine>
</address>
</distributor>
<pubPlace>Lincoln, Nebraska</pubPlace> 
<address>
<addrLine>University of Nebraska-Lincoln</addrLine>
<addrLine>Lincoln, NE 68588-4100</addrLine>
</address>
<availability>
<p></p>
</availability>
</publicationStmt>

<notesStmt><note type="abstract">This paper (with slides) is drawn from a book in progress (under contract at Routledge) about an important cultural context for the digital humanities, the eversion of cyberspace. It argues that the emergence of DH in its newly prominent forms during the past decade is closely connected to this larger shift in the collective imagination of the network. This context helps us understand the public role that DH might play in exploring multiple connections between digital and physical materialities out in the world. After summarizing he eversion and connected developments in DH, in conclusion I’ll suggest that games offer ways to think about the active role of DH in the ongoing eversion of the network, and about the engagement of humanities research with developments in the wider world.</note></notesStmt>

<sourceDesc>
<p>No source: created in electronic format.</p>
<p>
<date when="20130717"></date>
<time when="08:30:00"></time>
</p>
<p n="session">LP01</p>
</sourceDesc>
</fileDesc>

<profileDesc>
<textClass>
<keywords scheme="original" n="category">
<term>Paper</term>
</keywords>
<keywords scheme="original" n="subcategory">
<term>Long Paper</term>
</keywords>
<keywords scheme="original" n="keywords">
<term>eversion</term>
<term>DH</term>
<term>history</term>
<term>games</term>
</keywords>
<keywords scheme="original" n="topic">
<term>digital humanities - nature and significance</term>
<term>literary studies</term>
<term>virtual and augmented reality</term>
<term>internet / world wide web</term>
<term>games and meaningful play</term>
<term>cultural studies</term>
<term>history of Humanities Computing/Digital Humanities</term>
<term>cultural infrastructure</term>
</keywords>
</textClass>
</profileDesc>

<revisionDesc>
<change>
<date when="2013-04-29"></date>
<name>Laura Weakly</name>
<desc>Initial encoding</desc>
</change>
</revisionDesc>
</teiHeader>

<text type="paper">
<body>
<div>


<p>This paper (with slides) is drawn from a book in progress (under contract at Routledge) about an important cultural context for the digital humanities. It argues that the emergence of DH in its newly prominent forms during the past decade is closely connected to a larger shift in the collective imagination of the network. This context helps us understand the public role that DH might play in exploring multiple connections between digital and physical materialities out in the world. </p>

<p>“Cyberspace is everting,” as William Gibson has said, turning inside out and leaking out into the physical world (2007; 2001). Cyberspace was always a notional nonspace, a consensual hallucination. a metaphor for our relationship to the global network. But it was a powerful metaphor that made a material difference in both technology and culture. In 2007, Gibson overwrote his own metaphor in <hi rend="italic">Spook Country</hi>, thirty years after he coined the term cyberspace (1984). As he now notes, the term cyberspace is fading from use as the network <hi rend="italic">everts</hi>, turns itself inside out. More than a literary metaphor, this eversion of cyberspace marks a profound shift in our collective understanding of the digital network&#8212;from an online world apart to a pervasive part of the world, from a transcendent virtual reality to a ubiquitous grid of data we move through every day. </p>

<p>	We can even roughly date the shift to 2005-2006, when a number of important developments occurred: the quintessential virtual world Second Life began to decline; Nintendo’s motion-control Wii was introduced and helped to usher in the era of casual gaming; so-called “Web 2.0” social networks and mobile platforms, first introduced in 2004-2005, came into their own and gained a mass user base; the Google Maps API was launched in 2005; the iPhone was previewed in 2006 and introduced in January 2007; again, Gibson’s <hi rend="italic">Spook Country</hi> was published early in 2007, its story based on augmented reality and locative art and media. More recently, this same shift in the collective imagination has been tracked by proponents of the so-called New Aesthetic (2012), which notes the increasing appearances of glitches, pixel art, and so on, as signs of “the irruption of the digital into the physical.” These and other emerging expressions are part of a larger cultural change whose effects we are still experiencing, a multi-platform shift in the nature of our relation to technology, corresponding to what N. Katherine Hayles has called a fourth phase in the history of cybernetics, a phase of “mixed reality” in terms of cultural perception and material technology (148).</p> 

<p>	At about that same historical moment, the digital humanities gained public attention, emerging out of the longer tradition of humanities computing, marked by the rise of the term “digital humanities”&#8212;which was coined in 2001 but reached public consciousness and institutional weight between 2004-2007&#8212;with an emphasis on data analysis, distant reading, the maker movement, and the spatial turn, as well as a sometimes unacknowledged debt to video games and game theory. </p>

<p>	These juxtaposed events have nothing to do with an argument for technological determinism. They’re just meant to suggest that the emergence of the new digital humanities isn’t an isolated academic phenomenon. The institutional and disciplinary changes are part of a larger cultural shift, a rapid cycle of emergence an convergence in technology and culture. The new DH is both a response to and a contributing cause of the ongoing eversion. Seen in context, the newer forms of supposedly practical or instrumental DH were produced in the first place by younger scholars working with a keen awareness of the developments I’m grouping under the concept of the eversion, and a sense of what these meant at the time for various technology platforms of interest to humanists (Gold). In the era of social networks, casual gaming, distributed cognition, augmented reality, the internet of things, the geospatial turn, one segment of new digital humanities work took a hands-on, practical turn, yes (“more hack, less yack”), but arguably based on theoretical insight, as a kind of deliberate rhetorical gesture&#8212;a dialectical counter-move to the still-prevailing idealisms associated with the cyberculture studies of the 1990s. Much of the practical DH work during the decade that followed was undertaken not in avoidance of theory or in pursuit of scientistic instrumentalism, but <hi rend="italic">against disembodiment</hi>, against the ideology of cyberspace. The new DH was deliberately figured as digital not just <hi rend="italic">digitized</hi>, moving from a perceived separation between the stuff of the humanities&#8212;books, manuscripts, artifacts, works of art&#8212;and the digital medium, to more of a mixed-reality model, characterized by two-way transactions between the two realms, crossing multiple materialities (Kirschenbaum; Svensson; Gold). </p>

<p>	This kind of mixed-reality reciprocal interaction between data and artifacts, algorithm and world, has been effectively modeled for decades in video games. My paper will triangulate (1) the eversion of the network and the (2) rise of the new digital humanities by way of (3) the increasing role of video games in the contemporary media landscape. If possible, I’ll demonstrate the games live as part of the slide presentation, as examples of interdimensional transit and play across the boundaries of different materialities, citing Fez, an independent platformer with a toggling 2D/3D game world that includes QR codes incorporated in it; Wii U games and 3DS AR Games&#8212;which experiment with augmented and mixed reality in console gaming; and Skylanders, with collectible fantasy figurines, prototyped using 3D printers, containing RFID and NFC chips that create a “Hertzian field” (Dunne) within which to translate characters into and back out of the game world. As part of establishing context, I’ll also cite recent fiction about the interdimensional relation of games and the world by Neal Stephenson, Ernest Cline, and China Mieville. In conclusion I’ll suggest that games offer ways to think about the active role of DH in the ongoing eversion of the network, and about the engagement of humanities research with developments in the wider world. </p>


                
</div>

</body>

<back>
<div type="References">
<listBibl>


<bibl><hi rend="bold">Cline, E. </hi> (2011). <hi rend="italic">Ready Player One</hi>. New York: Crown Publishers.</bibl>

<bibl><hi rend="bold">Dunne, A.</hi> (2005). <hi rend="italic">Hertzian Tales: Electronic Products, Aesthetic Experience, and Critical Design</hi>. Cambridge, MA: MIT Press; rept. 2008.</bibl>

<bibl><hi rend="bold">Farman, J. </hi> (2011). <hi rend="italic">Mobile Interface Theory</hi>. New York: Routledge.</bibl>

<bibl><hi rend="bold">Gibson, W.</hi> (2011).  Interviewed by David Wallace-Wells in <hi rend="italic">The Paris Review</hi>, 197 (Summer 2011), 107-149.</bibl>

<bibl><hi rend="bold">Gibson, W.</hi> <hi rend="italic">Neuromancer</hi>. New York: Ace Books, 1984.</bibl>

<bibl><hi rend="bold">Gibson, W.</hi> <hi rend="italic">Spook Country</hi>. New York: Putnam, 2007.</bibl>

<bibl><hi rend="bold">Gold, M. K.</hi> (ed). (2012). <hi rend="italic">Debates in the The Digital Humanities</hi>. Minneapolis: University of Minnesota Press.</bibl>

<bibl><hi rend="bold">Gordon, E. and A. de Souza-Silva</hi> (2011). <hi rend="italic">Net Locality: Why Location Matters in a Networked World</hi>. Boston: Wiley-Blackwell.</bibl>

<bibl><hi rend="bold">Greenfield, A.</hi> (2006). <hi rend="italic">Everyware: The Dawning Age of Ubiquitous Computing</hi>. Berkeley, CA: New Riders. </bibl>

<bibl><hi rend="bold">Hayles, N. K.</hi> (2010). Cybernetics. In <hi rend="italic">Critical Terms for Media Studies</hi>.  Mitchell, W. J. T., and M. B. N. Hansen (eds.),  Chicago: University of Chicago Press, 145-56.</bibl>

<bibl><hi rend="bold">Kirschenbaum, M.</hi> (2008). <hi rend="italic">Mechanisms: New Media and the Forensic Imagination</hi>. Cambridge, MA: MIT Press.</bibl>

<bibl><hi rend="bold">Mieville, C.</hi> (2009). <hi rend="italic">The City and the City</hi>. New York: Del Ray.</bibl>

<bibl><hi rend="bold">Sterling, B.</hi> (2005). <hi rend="italic">Shaping Things</hi>. Cambridge, MA: MIT Press.</bibl>

<bibl><hi rend="bold">Stephenson, N. </hi> (2011). <hi rend="italic">Reamde</hi>. New York: William Morrow.</bibl>

<bibl><hi rend="bold">Svensson, P.</hi> (2009). Humanities Computing as Digital Humanities. <hi rend="italic">DHQ</hi> 3.3 <ref type="url" target="http://www.digitalhumanities.org/dhq/vol/3/3/000065/000065.html">http://www.digitalhumanities.org/dhq/vol/3/3/000065/000065.html</ref>.</bibl>

</listBibl>
</div>
</back>
</text>
</TEI>

