<?xml version="1.0" encoding="UTF-8"?>

<?oxygen RNGSchema="http://jetson.unl.edu/cdrh/schemas/tei_all.rng" type="xml"?>
<TEI xmlns="http://www.tei-c.org/ns/1.0" xml:id="ab-186">
    
<teiHeader>
<fileDesc>
<titleStmt>
<title>eBook as Ecosystem of Digital Scholarship</title>
<author>
<name><surname>Long</surname>, <forename>Christopher P.</forename></name>
<affiliation>The Pennsylvania State University, United States of America</affiliation>
<email>longc@psu.edu</email>
</author>
</titleStmt>
<publicationStmt>
<authority></authority>
<publisher>University of Nebraska-Lincoln</publisher>
<distributor>
<name>Center for Digital Research in the Humanities</name>
<address>
<addrLine>319 Love Library</addrLine>
<addrLine>University of Nebraska&#8211;Lincoln</addrLine>
<addrLine>Lincoln, NE 68588-4100</addrLine>
<addrLine>cdrh@unlnotes.unl.edu</addrLine>
</address>
</distributor>
<pubPlace>Lincoln, Nebraska</pubPlace> 
<address>
<addrLine>University of Nebraska-Lincoln</addrLine>
<addrLine>Lincoln, NE 68588-4100</addrLine>
</address>
<availability>
<p></p>
</availability>
</publicationStmt>            
            
<notesStmt><note type="abstract">My enhanced digital book, Socratic and Platonic Political Philosophy: Practicing the Politics of Reading , is under contract at Cambridge University Press. The book argues that Platonic writing, like Socratic speaking, is designed to turn us towards ideals of speaking and acting capable of transforming our lives and the community in which we live. In this short paper, I propose to offer a brief overview of the basic philosophical argument of the book in order then to turn in more detail to the logistics of how the enhanced digital book will be designed to further cultivate a community of readers capable of performing the politics of reading and writing for which the book itself argues. Conclusions will be drawn about the affordances and limitations of using digital media, particularly social media, to perform rigorous and public scholarly research in philosophy.</note></notesStmt>
            
<sourceDesc>
<p>No source: created in electronic format.</p>
<p>
<date when="20130719"></date>
<time when="08:30:00"></time>
</p>
<p n="session">SP13</p>
</sourceDesc>
</fileDesc>
        
<profileDesc>
<textClass>
<keywords scheme="original" n="category">
<term>Paper</term>
</keywords>
<keywords scheme="original" n="subcategory">
<term>Short Paper</term>
</keywords>
<keywords scheme="original" n="keywords">
<term>Reading</term>
<term>Politics</term>
<term>Ancient Philosophy</term>
<term>Social Media</term>
<term>Podcast</term>
</keywords>
    
<keywords scheme="original" n="topic">
<term>classical studies</term>
<term>audio</term>
<term>video</term>
<term>multimedia</term>  
<term>interface and user experience design</term>
<term>philosophy</term>
<term>publishing and delivery systems</term>
<term>internet/world wide web</term>
<term>social media</term>
<term>networks</term>
<term>relationships</term>
<term>graphs</term>
                    
</keywords>
</textClass>
</profileDesc>
        
<revisionDesc>
<change>
<date when="2013-03-29"></date>
<name>Erin Pedigo</name>
<desc>Initial encoding</desc>
</change>
</revisionDesc>
</teiHeader>
    
<text type="paper">
<body>
<div>
    
    <p><hi rend="italic">Socratic and Platonic Political Philosophy: Practicing the Politics of Reading</hi> (forthcoming Cambridge University Press) is an enhanced digital book that attempts to use digital media technology to cultivate the political practice of collaborative reading for which it argues.</p>
    <p>The book’s central argument is that there is an analogy between the ways Socrates practices politics with those he encounters in the dialogues and the ways Platonic writing turns us as readers toward ideals of speaking and acting capable of transforming our lives and the community in which we live. For Socrates, politics involves speaking words to individuals that will require them to turn their attention to questions of justice, beauty and the good, ideals that are at once alluring and yet always also elusive. For Plato, politics involves writing words to readers that will require us to do the same. The book traces the practices of Socratic political speaking and Platonic political writing through five dialogues: <hi rend="italic">Protagoras, Gorgias, Phaedo, Apology</hi> and <hi rend="italic">Phaedrus.</hi></p>
    <p>This short paper will begin with a very brief overview of the basic philosophical argument of the book and the prior Digital Humanities scholarship from which it emerges. We will then turn to the technologies the enhanced digital book will deploy to further cultivate a community of readers capable of performing the politics of reading and writing for which the book itself argues. In the final third of the paper, deeper philosophical questions will be raised about the nature and limitations of authorial authority and about the connection between the book’s design and the ideals of reading and writing for which it advocates.</p>
    <p>The book begins with what I call an “Overture” designed to open a space into which the reader is invited to enter. This space is intended to extend beyond the physical book into an online digital community of dialogue both with me as the author of a reading of Plato, and also with others interested in the possibilities raised by the book. This online community already exists in the ecosystem of online digital spaces I have created over the past five years (via Twitter, Facebook, Google Plus, Flickr, YouTube, and my system of blogs called the Long Road)<ref type="note" target="n01">1</ref>. During this time I have sought not simply to push information to others about my scholarly work, but rather to engage in substantive digital dialogue with a wider community about issues in which we share an interest.</p>
    <p>So a community of scholarly and educated readers has already been cultivated in the course of the writing of the book itself, because the research for it was facilitated by an ongoing public dialogue with colleagues who joined me in discussion on my podcast, the Digital Dialogue<ref type="note" target="n02">2</ref>. There are currently 57 episodes of the podcast<ref type="note" target="n03">3</ref>, eleven of which are explicitly referenced in the book itself. In producing these podcasts, I invited scholars to join me to talk about their work and in the course of our discussion, my work was enriched and I came away with new or deepened perspectives.</p>
    <p>The publication of the enhanced digital book is designed to further cultivate and enlarge the influence of this community of readers. A book that argues for reading as a collaborative endeavor should be published in a way that performs and enables collaborative reading.</p>
    <p>To do this, the Cambridge University Press and I are developing a dynamic enhanced digital book that will embed the audio of the eleven podcasts into the digital book itself, enabling readers to listen to the podcasts directly as they encounter them in the text. In order to cultivate a community of collaborative reading, the enhanced digital book will also enable the reader to make all highlighting and annotations public if desired. Those annotations and markings will then themselves generate a feed that interfaces with a blog plug-in like Comment Press or some other form of integration by which the annotations and highlights can appear in public in ways that are open to further response. Although readers might decide to publish the annotations to a preferred social media site, the annotations should also be accessible to a blog I manage and moderate so that I can respond to and engage with readers as they engage with the book itself.</p>
    <p>The publication of this enhanced digital book is designed to facilitate an ongoing dialogue about the book, its ideas and the larger questions of what I call in the book the “politics of reading.” As the conversation develops, I would envision recording new episodes of the Digital Dialogue podcast with readers who have had particularly insightful annotations or comments. Those podcasts too, if desired, could be made available in the enhanced digital book.</p>
<p>I envision the printed version of the book as another way to give readers access to this enhanced digital version and the community of dialogue to which it is intimately connected. We hope to include QR codes or some other method of moving the reader from the physical book to the online conversation. The hope is that the enhanced digital book will interface with existing systems of curated annotations as those found on the Kindle via <ref type="url" target="http://amazon.com">Amazon.com</ref> and sites like <ref type="url" target="http://findings.com">Findings.com</ref> and Apple’s iBookstore.</p>
    <p>Finally, the question of authorial authority emerges as central to this project. On one hand, by inviting readers to become active participants in an ongoing conversation about the ideas articulated in the book, the enhanced digital book is designed to recognize and cultivate the hermeneutical imagination of its readers and open new perspectives on the text for the author. In this sense, the publication of the book is designed to open a site of ongoing scholarly dialogue in which the author is but one of multiple interlocutors. On the other hand, by affording the author ongoing opportunities to moderate and shape the discussion associated with the book, its mode of publication could be taken to further reinforce the centrality and authority of the author. A central question thus emerges: how can digital technologies be deployed that will ensure civil, deliberative dialogue without re-inscribing the hegemony of the author into the published text?</p>
    <p>The ideals of reading for which the book argues &#8212; the importance of attentively caring for individuals as such, of cultivating ethical imagination, and of orienting our lives toward ideals of justice, beauty and the good &#8212; cannot simply be argued for, they must be put into practice. This short paper at DH2013 will be part of the larger attempt to engage an audience of interested scholars in order to further augment the community of active readers on which the success of the project ultimately depends.</p>
</div>
<div>

<head>Notes</head>

<note xml:id="n01" n="1">See: <ref type="url" target="http://www.la.psu.edu/chrislong">http://www.la.psu.edu/chrislong</ref></note>
<note xml:id="n02" n="2">See: <ref type="url" target="http://www.personal.psu.edu/cpl2/blogs/digitaldialogue/blog/">http://www.personal.psu.edu/cpl2/blogs/digitaldialogue/blog/</ref></note>
<note xml:id="n03" n="3">See: <ref type="url" target="http://ets.tlt.psu.edu/wiki/Digital_Dialogue">http://ets.tlt.psu.edu/wiki/Digital_Dialogue</ref></note>
</div>
</body>
</text>
</TEI>    
    
