<?xml version="1.0" encoding="utf-8"?>
<?oxygen RNGSchema="http://jetson.unl.edu/cdrh/schemas/tei_all.rng" type="xml"?>
<TEI xmlns="http://www.tei-c.org/ns/1.0" xml:id="ab-194">

<teiHeader>
<fileDesc>
<titleStmt>
<title>Slave Biographies: Atlantic Database Network</title>
<author>
<name><surname>Rehberger</surname>, <forename>Dean</forename></name>
<affiliation>Michigan State University, United States of America</affiliation>
<email>rehberge@msu.edu</email>
</author>
<author>
<name><surname>Hawthorne</surname>, <forename>Walter</forename></name>
<affiliation>Michigan State University, United States of America</affiliation>
<email>walterh@msu.edu</email>
</author>
<author>
<name><surname>Midlo Hall</surname>, <forename>Gwendolyn</forename></name>
<affiliation>Michigan State University, United States of America</affiliation>
<email>ghall1929@gmail.com</email>
</author>
<author>
<name><surname>LaChance</surname>, <forename>Paul</forename></name>
<affiliation>University of Ottawa, Canada</affiliation>
<email>lachance1943@rogers.com</email>
</author>
<author>
<name><surname>Foley</surname>, <forename>Catherine</forename></name>
<affiliation>Michigan State University, United States of America</affiliation>
<email>Catherine.Foley@matrix.msu.edu</email>
</author>
</titleStmt>
<publicationStmt>
<authority></authority>
<publisher>University of Nebraska-Lincoln</publisher>
<distributor>
<name>Center for Digital Research in the Humanities</name>
<address>
<addrLine>319 Love Library</addrLine>
<addrLine>University of Nebraska&#8211;Lincoln</addrLine>
<addrLine>Lincoln, NE 68588-4100</addrLine>
<addrLine>cdrh@unl.edu</addrLine>
</address>
</distributor>
<pubPlace>Lincoln, Nebraska</pubPlace> 
<address>
<addrLine>University of Nebraska-Lincoln</addrLine>
<addrLine>Lincoln, NE 68588-4100</addrLine>
</address>
<availability>
<p></p>
</availability>
</publicationStmt>

<notesStmt><note type="abstract">The NEH supported Slave Biographies: Atlantic Database Network project provides a platform for researchers of African slaves in the Atlantic World to upload, analyze, visualize, and utilize data they have collected, and to link it to other datasets, which together complement each other in such a way as to create a much richer resource than the individual datasets alone. This DH2013 presentation on the Slave Biographies project will not only give a comprehensive overview of the project but will outline the challenges of dealing with large historical datasets. However, what is most exciting about the project is that by bringing together large sets of data, we cannot only do large calculations and visualizations about the historical practices of slavery, but we can drill down to find rich representations of individuals and families, giving life to the individual biographies of slaves and their relations and contexts.</note></notesStmt>

<sourceDesc>
<p>No source: created in electronic format.</p>
<p>
<date when="20130719"></date>
<time when="10:30:00"></time>
</p>
<p n="session">LP24</p>
</sourceDesc>
</fileDesc>

<profileDesc>
<textClass>
<keywords scheme="original" n="category">
<term>Paper</term>
</keywords>
<keywords scheme="original" n="subcategory">
<term>Long Paper</term>
</keywords>
<keywords scheme="original" n="keywords">
<term>history</term>
<term>datasets</term>
<term>database</term>
<term>metadata</term>
<term>visualization</term>
</keywords>
<keywords scheme="original" n="topic">
<term>archives</term>
<term>repositories</term>
<term>sustainability and preservation</term>
<term>databases &amp; dbms</term>
<term>historical studies</term>
<term>metadata</term>
<term>visualisation</term>
<term>anthropology</term>
<term>maps and mapping</term>
<term>data mining/ text mining</term>
</keywords>
</textClass>
</profileDesc>

<revisionDesc>
<change>
<date when="2013-04-08"></date>
<name>Laura Weakly</name>
<desc>Initial encoding</desc>
</change>
</revisionDesc>
</teiHeader>

<text type="paper">
<body>
<div>

<div>
<head>1) Overview</head>

<p>The NEH supported <hi rend="italic">Slave Biographies: Atlantic Database Network</hi> project provides a platform
for researchers of African slaves in the Atlantic World to upload, analyze, visualize, and utilize
data they have collected, and to link it to other datasets, which together complement each other in
such a way as to create a much richer resource than the individual datasets alone. During the past
two decades, there has been a seismic change in perception about what we can know about
African slaves and their descendants throughout the Atlantic World (Africa, Europe, North and
South America). Scholars have realized that, far from being either non-existent or extremely
scarce, various types of documentation about African slaves and their descendants abound in
archives, courthouses, churches, government offices, museums, ports, and private collections
spread throughout the Atlantic World. Since the 1980s, a number of major databases were
constructed in original digital format and used in major publications by their creators, but they
lacked a platform for preservation and therefore are at risk of being lost as their creators retire.
Also, a number of collections of original manuscript documents are beginning to be digitized and
made accessible online free of charge. However, our task as historians is more than to preserve
images of primary sources; it is to interpret those sources by finding new ways to organize, share,
mine and analyze as well as to preserve original materials which might otherwise be discarded or
lost.</p>

<p>The <hi rend="italic">Slave Biographies</hi> digital repository has developed a core metadata schema describing
enslaved peoples. The fields have been defined based on six datasets and a distinguished group
of historians, serving on the project's Advisory Board. The digital repository schema, fields, and
search interface will be made available in English and shortly thereafter in Spanish, Portuguese,
and French.</p>

<p><hi rend="italic">Slave Biographies</hi> addresses two major challenges that historians increasingly face: first, to create
models for collaborative research in a field that has been dominated by a methodology of&#8212;and
rewards for&#8212;individual research and, second, to analyze vast quantities of data that can now be
accessed digitally. The project makes tools available to perform calculations and visualize the
data to encourage and assist collaborative, international studies of these numerous but widely
scattered collections of materials. The stories about lives of slaves as well as the analyses of
slavery emerging from this network will be a unique resource for linguists, creolists,
anthropologists, economic historians, sociologists, geographers, cartographers, creative writers,
and genealogists searching for their African ancestors as well as for historians of slavery.</p>

<p>This DH2013 presentation on the <hi rend="italic">Slave Biographies</hi> project will not only give a comprehensive
overview of the project but will outline the challenges of dealing with large historical datasets.
However, what is most exciting about the project is that by bringing together large sets of data,
we cannot only do large calculations and visualizations about the historical practices of slavery,
but we can drill down to find rich representations of individuals and families, giving life to the
individual biographies of slaves and their relationships and contexts. That is, the promise of big
data may not be to bury people in blizzards of numbers but to recover the lives of individuals.</p>
</div>

<div>
<head>2) Significance</head>
<p>Never before has it been more important to the humanities to try, as NEH Chairman Jim Leach
has recently noted, “to manage a deluge of data and turn bits of information into useful
knowledge.” This is particularly true of history. Historians, their students and the public at large
are awash in the materials available in digital archives and databases, a flood of data enhanced by
global scholarly networks and better access to archives and collections around the world. More
than ever, it is crucial to find ways to preserve and manage large stores of quantitative and
qualitative data and to make it accessible in ways that important research questions can be asked
and well-formed answers derived. To be sure, the task of accumulating, organizing, and making
sense of mountains of information from scattered corners of the globe cannot be handled by any
one researcher. If the humanities are to advance in transformative ways in this age of
globalization, humanists must find new ways to collaborate&#8212;to work together on large,
international projects. If international collaboration is to occur, humanists in the wealthy countries
with best access to new networking and data-analyzing technologies must find ways to make
them available to their colleagues in poorer countries. <hi rend="italic">Slave Biographies</hi>, to this end, provides
both a collaborative, international project that is building a data network available to scholars,
teachers, students, and genealogists in the U.S. and abroad, and a platform for addressing the
difficult practical, ethical, methodological and, especially, hermeneutic problems scholars face
when turning their attention to collecting and analyzing data about African slaves and their
descendants.</p>
</div>

<div>
<head>Answering important historical questions</head>

<p>For several decades after the publication in 1969 of Philip D. Curtin's seminal book, <hi rend="italic">The Trans-
Atlantic Slave Trade: A Census</hi>, much scholarly attention and resources have been focused on
quantitative studies of trans-Atlantic slave trade voyages. This research has yielded considerable
important scholarship, discussed in the following section about related databases. However, these
sources contain relatively little information about individual enslaved Africans.</p>

<p>Recently, a growing number of scholars have been unearthing important data from other sources,
such as notarial documents; plantation inventories; police reports; testimony by runaway slaves,
conspirators and rebels against slavery, church books of baptism, death and marriage, church
Inquisition testimony, government and church censuses, which reveal much about slave life in the
New World <hi rend="italic">and</hi> about African slaves’ lives in parts of the Old World. These sources focus on
individual slaves. When records about many individuals are combined, patterns can be discerned.
Data about ethnicities tell us from where within Africa many slaves hailed; data about slave
residence in the Americas tell us where members of particular groups ended up and where and
how they were housed; data about marriages tell us with whom Africans and their descendants
chose to partner; data about skills tell us what slaves did and their contributions to agriculture,
trade and the economy beyond brute labor. And this list could go on for pages.</p>

<p>Among the questions that might be asked and answered from multiple, large-scale datasets are:</p>

<list type="unordered">
<item>What percentage of people by African ethnic group was skilled in X?</item>
<item>On X plantation, what was the gender ratio of slaves by African ethnic group?</item>
<item>What percentage of Africans married people of the same ethnic group?</item>
<item>What were the gender ratios of slaves identified as being of XXXX ethnicity?</item>
<item>What injuries did people performing X type of work most commonly have?</item>
<item>In X period, what was the percentage of slaves in Y place by ethnic group?</item>
<item>In what records does the slave named XXXX appear? What were XXXX's professions?</item>
<item>What places did he live? Who were his/her children and children’s children?</item>
<item>What was the value of slaves by ethnicity in X period? By skills and gender?</item>
</list>

<p>Making statistical data easily available and securely preserved is, then, one aspect of the project.
Making that data understandable is another. Scholars and students&#8212;and anyone with Internet
access&#8212;can search and browse (or download) individual datasets or the entire collection of
datasets. Users can formulate questions (like those spelled out in section I.A. above), and get
calculated answers not only in the form of numbers but also visual graphs: pie and line charts and
histograms. The project also has a visualization platform that connects slaves to family members
creating a complex web of social and kinship networks. This functionality affords nuanced views
of the interconnectedness of individual slaves within the larger data collection.</p>

<p>By aggregating multiple datasets about slaves and developing tools that allow users to visualize
and analyze this information, <hi rend="italic">Slave Biographies</hi> empowers users to see broad patterns within a
big set of data and identify small stories about individual slaves and their families. Ultimately
with <hi rend="italic">Slave Biographies</hi> scholars will be able to ask and answer unexpected questions that arise
from the mass of biographic data in the repository and give life to slave experiences in the
Atlantic World through their biographies contain in the data.</p>

<p>Into the future, <hi rend="italic">Slave Biographies</hi> intends to enhance the visualization layer of the platform to
allow users to map the data; maps of the Americas and Africa will illustrate from the places
where individual slaves (based on ethnic identifications) hailed and to where they were finally
brought. A time scrubber will enable scholars and students to see temporal and spatial shifts in
patterns, a visualization of the slave trade attached to names and individuals. Another frontier for
the project marries the geo-spatial mapping layer with richly illustrated slave biographies in an
iPad application as well as a Windows Surfaces version for museum exhibition. Prototyping is
already underway for this experience, which we hope will provide an engaging access point into
the repository for general audiences.</p>
</div>
                
</div>

</body>

</text>
</TEI>

