<?xml version="1.0" encoding="UTF-8"?>

<?oxygen RNGSchema="http://jetson.unl.edu/cdrh/schemas/tei_all.rng" type="xml"?>
<TEI xmlns="http://www.tei-c.org/ns/1.0" xml:id="ab-293">
    
<teiHeader>
<fileDesc>
<titleStmt>
<title>Lexomics: Integrating the research and teaching spaces</title>
<author>
<name><surname>LeBlanc</surname>, <forename>Mark D.</forename></name>
<affiliation>Wheaton College (Norton, MA) United States of America</affiliation>
<email>mleblanc@wheatoncollege.edu</email>
</author>
<author>
<name><surname>Drout</surname>, <forename>Michael</forename></name>
<affiliation>Wheaton College (Norton, MA) United States of America</affiliation>
<email>mdrout@wheatoncollege.edu</email>
</author>
<author>
<name><surname>Kahn</surname>, <forename>Michael</forename></name>
<affiliation>Wheaton College (Norton, MA) United States of America</affiliation>
<email>mkahn@wheatoncollege.edu</email>
</author>
<author>
<name><surname>Herbert</surname>, <forename>Alicia</forename></name>
<affiliation>Wheaton College (Norton, MA) United States of America</affiliation>
<email>herbert_alicia@wheatoncollege.edu</email>
</author>
<author>
<name><surname>Neal</surname>, <forename>Richard</forename></name>
<affiliation>Wheaton College (Norton, MA) United States of America</affiliation>
<email>neal_richard@wheatoncollege.edu</email>
</author>
</titleStmt>
<publicationStmt>
<authority></authority>
<publisher>University of Nebraska-Lincoln</publisher>
<distributor>
<name>Center for Digital Research in the Humanities</name>
<address>
<addrLine>319 Love Library</addrLine>
<addrLine>University of Nebraska&#8211;Lincoln</addrLine>
<addrLine>Lincoln, NE 68588-4100</addrLine>
<addrLine>cdrh@unlnotes.unl.edu</addrLine>
</address>
</distributor>
<pubPlace>Lincoln, Nebraska</pubPlace> 
<address>
<addrLine>University of Nebraska-Lincoln</addrLine>
<addrLine>Lincoln, NE 68588-4100</addrLine>
</address>
<availability>
<p></p>
</availability>
</publicationStmt>
            
<notesStmt><note type="abstract">LEXUS is a flexible web-based lexicon tool tailored for documenting endangered languages but can be used as a lexicographical tool for any other language. LEXUS does not enforce any pre-described schema structure to the user, however it supports the creation of lexicon within the structure of the proposed ISO-LMF standard and promotes the usage of concept names proposed by the ISO data categories. LEXUS has distinct possibilities for visualization. Its support for multimedia allows for local or archived images/movie clips to be attached to different elements of a lexical entry. Its support for customizable views allows for different ways of styling lexicon. Finally LEXUS allows shared access to a given lexicon, suitable for collaboration among researchers as it facilitates concurrent work on a given language by allowing multiple users access to the lexicon. These features make LEXUS a promising online shared-access multimedia encyclopedic lexicon tool for language documentation projects.</note></notesStmt>
            
<sourceDesc>
<p>No source: created in electronic format.</p>
<p>
<date when="20130718"></date>
<time when="10:30:00"></time>
</p>
<p n="session">SP09</p>
</sourceDesc>
</fileDesc>
        
<profileDesc>
<textClass>
<keywords scheme="original" n="category">
<term>Paper</term>
</keywords>
<keywords scheme="original" n="subcategory">
<term>Short Paper</term>
</keywords>
<keywords scheme="original" n="keywords">
<term>lexomics</term>
<term>clustering</term>
<term>dendrograms</term>
<term>interdisciplinary</term>
<term>teaching</term>
</keywords>
<keywords scheme="original" n="topic">
<term>teaching and pedagogy</term>
<term>medieval studies</term>
<term>interdisciplinary collaboration</term>
<term> digital humanities &#8212; pedagogy and curriculum</term>  
<term>data mining/ text mining</term>
                   
                    
</keywords>
</textClass>
</profileDesc>
        
<revisionDesc>
<change>
<date when="2013-03-29"></date>
<name>Erin Pedigo</name>
<desc>Initial encoding</desc>
</change>
</revisionDesc>
</teiHeader>
    
<text type="paper">
<body>
<div>

    <p>Integrating research and teaching is exciting, time intensive, and a prescription for energizing faculty and students. We present outcomes of a six-year effort in multidisciplinary collaboration centered on the digital humanities as experienced in our teaching and research. Rooted in a set of “connected” courses between English and Computer Science (LeBlanc, et al. 2010) and three summers of NEH-funded research, our Lexomics Research Group has developed a modest set of web-based applications for scholars of digitized texts. We report here on the iterative development of the open-source toolset, how scholars both in and outside our group have used these tools to make significant discoveries, and perhaps most important how our research and teaching collaborations introduce a spirit of experimentation to the digital humanities.</p>
    <p>Our current website is both a repository for our tool set as well as an evangelistic platform and teaching resource: http://lexomics.wheatoncollege.edu. We continue to develop online tools for three independent, but logically connected functions that lead scholars through the steps needed for performing hierarchical cluster analyses of texts and/or sections of texts. At this point, our cluster analysis tools are more narrowly focused than other toolsets, <hi rend="italic">c.f.</hi> Voyant Tools and the data-intensive flow execution environment of Meandre. Our <hi rend="italic">scrubber</hi> tool (PHP, CSS) accepts texts in multiple formats (.txt, .html, .docx) and handles preprocessing steps including stripping tags, removing stop words, and applying lemma lists. A second tool, <hi rend="italic">diviText</hi> (ExtJS, PHP), accepts the output from <hi rend="italic">scrubber,</hi> cuts texts into “chunks” in one of three ways (fixed size chunks, a specific number of chunks, and/or by manually selecting locations between words for chunk breaks), computes word counts within each chunk, and allows users to merge chunks. The latter functionality has proved valuable for generating “virtual manuscripts”, that is, joining sections from different manuscripts. A third tool, <hi rend="italic">treeView</hi> (PHP, R) accepts output from <hi rend="italic">diviText,</hi> performs a number of variants of hierarchical cluster analysis, and returns a dendrogram plot in .pdf or phyloXML format.</p>
    <p>Based on feedback from scholars who are using our tools, the website now provides video and written tutorials to help new users get started. These tutorials have been especially valuable for introducing these tools to our undergraduates. In the spirit of evangelizing, our website offers a series of “best practices” videos, discussions and step-by-step diagrams that shred insight to the process of how textual analysis at this level of detail can lead to rich new questions. The instructional videos include “The Story of Daniel”, a discussion of one of our initial successes when using the tools where we showed that lexomic methods can accurately characterize the structure and relationships of texts that are already known, for example, identifying <hi rend="italic">Genesis B</hi> within the Old English <hi rend="italic">Genesis</hi> and the section of <hi rend="italic">Daniel</hi> that is paralleled in <hi rend="italic">Azarias</hi> (Drout, et al. 2011). Other videos include: “How to Read a Dendrogram”, “How to Create a Dendrogram”, “How to Read a Ribbon Diagram”, “Lexomics for Comparison”, and “Lexomics for Source Detection”. A much longer video, “Editions and Manuscripts,” addresses the challenges of choosing between different kinds of editions that may exist for a text that is found in multiple forms.</p>
    <p>We have made what we think are significant discoveries in a number of spaces, including <hi rend="italic">Beowulf,</hi> the poems of Cynewulf, Anglo-Saxon prose, a few Old Norse sagas, and Modern English texts including the Harlem Renaissance play <hi rend="italic">Mule Bone</hi> (by Zora Neale Hurston and Langston Hughes). Lexomics is both an excellent first step to augment traditional scholarship as well as a rich source of deep analysis.</p>
    <p>For example, previous lexomic analysis of several Old English poems suggests that there is a connection between dendrograms with an isolated, single leaf and poems that have an external source for one subsection of the poem different from the source or sources of the main body of the poem. We ﬁnd in the dendrogram of <hi rend="italic">Daniel</hi> a single-leaf clade corresponding to lines 299–455 of the poem. This section includes parts of <hi rend="italic">Daniel</hi> that have external Latin sources that are different from the source of the rest of the poem (the Latin Bible). Similarly, in the Anglo-Saxon poem <hi rend="italic">Christ III</hi>, a single-leaf clade that represents lines 1350–1510 has its source in Sermon 57 of <hi rend="italic">Cæsarius of Arles</hi> (lines 1379–1498), and a single-leaf clade in <hi rend="italic">Genesis A</hi> (lines 1079–1256) is associated with the genealogical lists from Adam to Noah that give the lineages of both Cain and Seth (lines 1055–1252), material that, for at least some of its content, must have a source different from the biblical text. These relationships were already known to scholars, but our investigation of the Old English poem <hi rend="italic">Guthlac A</hi> resolved a century-long critical controversy by demonstrating that a key section of this poem (when demons drag Guthlac to the mouth of hell) has a different proximate source than the rest of the poem and that <hi rend="italic">Guthlac A</hi>  therefore must have been composed after a separately circulating text similar in content to Vercelli Homily 23 (Downey <hi rend="italic">et al.,</hi> 2012).</p>
    <p>The toolset, instructional materials, and publications are obvious deliverables from our efforts. Yet, we submit that our collaborative experiences with faculty and undergraduate students are even more exciting and provide a significant use-case of how scholarship in the humanities is evolving from the stereotypical solitary scholar to a paradigm of community, collaboration, and experimentation (<hi rend="italic">cf.</hi> Unsworth, 1997). In our recent NEH- and locally-funded summer experience, humanities faculty in particular were pleasantly surprised with the intellectual environment that emerged. We got a glimpse of what it must have been like to work at a place like Bell Labs when they were making daily discoveries. This kind of collaborative, fast-moving research is unfortunately largely unknown in the humanities.</p>
   <p>So how to continue our own momentum as well as replicate a spirit of experimentation for others? Earhart (2010) rightly notes that “digital projects remain rare, often the product of tenacious participants rather than a <hi rend="italic">supportive academic environment</hi>”(emphasis added). We submit that faculty (not administrators nor technologists in the library) are the prime drivers and change must begin with our syllabi. Robust working relationships in the lab are strongest after students have already applied new modes of thinking in the classroom; for example, the importance of exposing undergraduate humanities students to computational thinking: problem decomposition, algorithmic thinking, and the success <hi rend="italic">and failures</hi> of experimentation. And we need not overplay the lab metaphor. Our image of the digital humanities lab need not include beakers and soapstone benches, rather, the “new lab” is a room filled with scholars from multiple disciplines and a whiteboard.</p>
    <p>Even if we had discovered nothing during our past summers in the lab, the intellectual thrill of the research group would have been a major accomplishment that these students (and we faculty) will never forget. But in fact we made discoveries, so many that there were days when participating faculty got none of their own work done because we were so busy bouncing from student to student seeing what they had found. Most critically, the experience continues to shape the way we share our disciplines with new cohorts of students. The solitary scholar still has a role to be sure, but that is no longer sufficient for the multidisciplinary demands and rewards to be gained from collaborations in the digital humanities: in our teaching, to our research, and back again.</p>
    <p> <hi rend="italic">lexomics</hi> &#8212; The term was originally coined by Betsey Dexter Dyer and ﬁrst appeared in  <hi rend="italic">Genome  Technology</hi> (2002). Since then ‘‘lexomics’’ has appeared on the internet and in some publications without attribution. Some of these appearances could be independent inventions of the term. </p>
</div>

</body>

<back>
<div type="References">
<listBibl>  

<bibl><hi rend="bold">Downey, S., M. Drout, M. Kahn, and M. D. LeBlanc</hi> (2012). 'Books Tell Us': Lexomic and Traditional Evidence for the Sources of Guthlac A. <hi rend="italic">Modern Philology</hi> 110: 1-29. </bibl>

<bibl><hi rend="bold">Drout, M., M. Kahn, M. D. LeBlanc, and C. Nelson</hi> (2011). Of  Dendrogrammatology: Lexomic Methods for Analyzing Relationships among Old English Poems, <hi rend="italic">Journal of English and Germanic Philology</hi> 110: 301–36. </bibl>

<bibl><hi rend="bold">Drout, M., M. D. LeBlanc, and M. Kahn</hi> (2011-2013). “Lexomic Tools and Methods for Textual Analysis: Providing Deep Access to Digitized Texts.” National Endowment for the Humanities–NEH PR-50112011.</bibl>

<bibl><hi rend="bold">Earhart, A.</hi> (2010). Challenging Gaps: Redesigning Collaboration in the Digital Humanities. In Earhart and Jewell (eds),<hi rend="italic">The American Literature Scholar in the Digital Age</hi> Ann Arbor: University of Michigan Press. <ref type="url" target="http://hdl.handle.net/2027/spo.9362034.0001.001">http://hdl.handle.net/2027/spo.9362034.0001.001</ref>.</bibl>

<bibl><hi rend="bold"><hi rend="italic">Genome Technology</hi></hi>  (2002). "In the News." in <hi rend="italic">Genome Technology</hi> 1(27), November 1, 2002.</bibl>

<bibl><hi rend="bold">LeBlanc, M. D., M. Gousie, and T. Armstrong</hi> (2010). <hi rend="italic">Connecting Across Campus.</hi> 'Proceedings of the 41st SIGCSE Technical Symposium on Computer Science Education' held in Milwaukee, WI.</bibl>

<bibl><hi rend="bold">LeBlanc, M. D., M. Drout, and M. Kahn</hi> (2008-2010). “Pattern Recognition through Computational Stylistics: Old English and Beyond.” National Endowment for the Humanities–NEH HD-50300-08.</bibl>

<bibl><hi rend="bold">Lexomics Research Group.</hi> <ref type="url" target="http://lexomics.wheatoncollege.edu">http://lexomics.wheatoncollege.edu</ref></bibl>

<bibl><hi rend="bold">Meandre</hi> <ref type="url" target="http://seasr.org/meandre/">http://seasr.org/meandre/</ref></bibl>

<bibl><hi rend="bold">Unsworth, J.</hi> (1997). Documenting the Reinvention of Text: The Importance of Failure. <hi rend="italic">Journal of Electronic Publishing,</hi> 3:2. <ref type="url" target="http://dx.doi.org/10.3998/3336451.0003.201">http://dx.doi.org/10.3998/3336451.0003.201</ref>.</bibl>

<bibl><hi rend="bold">Voyant Tools.</hi> <ref type="url" target="http://voyant-tools.org/">http://voyant-tools.org/</ref></bibl>

</listBibl>
</div>
</back>
</text>
</TEI>
