<?xml version="1.0" encoding="UTF-8"?>

<?oxygen RNGSchema="http://jetson.unl.edu/cdrh/schemas/tei_all.rng" type="xml"?>
<TEI xmlns="http://www.tei-c.org/ns/1.0" xml:id="ab-232">
    
<teiHeader>
<fileDesc>
<titleStmt>
<title>Digital Humanities Keywords: A Collaborative Community Web-based Project</title>
<author>
<name><surname>Garfinkel</surname>, <forename>Susan</forename></name>
<affiliation>Library of Congress, United States of America</affiliation>
<email>sgarfinkel@loc.gov</email>
</author>   
</titleStmt>
<publicationStmt>
<authority></authority>
<publisher>University of Nebraska-Lincoln</publisher>
<distributor>
<name>Center for Digital Research in the Humanities</name>
<address>
<addrLine>319 Love Library</addrLine>
<addrLine>University of Nebraska&#8211;Lincoln</addrLine>
<addrLine>Lincoln, NE 68588-4100</addrLine>
<addrLine>cdrh@unlnotes.unl.edu</addrLine>
</address>
</distributor>
<pubPlace>Lincoln, Nebraska</pubPlace> 
<address>
<addrLine>University of Nebraska-Lincoln</addrLine>
<addrLine>Lincoln, NE 68588-4100</addrLine>
</address>
<availability>
<p></p>
</availability>
</publicationStmt>
    
<notesStmt><note type="abstract">Raymond Williams&#039;s approach to the meaningful keywords of a community&#039;s shared discourse is an implicit challenge to any diverse yet conscientious community of practice: to deliberately and skillfully make ourselves aware of the multiple, hidden, sometimes divergent, and often hegemonic meanings of our basic shared terminology. The Digital Humanities Keywords project, set to launch in Spring 2013, takes up that challenge by creating a shared conversation space for exposing the underlying assumptions of the still-emergent digital humanities community. As a multi-authored online work engaging multiple collaborative features, this projects seeks to bring some well-considered &quot;yack back to hack.</note></notesStmt>          
<sourceDesc>
<p>No source: created in electronic format.</p>
</sourceDesc>
</fileDesc>
    
<profileDesc>
<textClass>
<keywords scheme="original" n="category">
<term>Poster</term>
</keywords><keywords scheme="original" n="subcategory">
<term></term>
</keywords>
<keywords scheme="original" n="keywords">
<term>keywords</term>
<term>glossaries</term>
<term>community</term>
<term>collaboration</term>
<term>digital humanities</term>
                    
</keywords>
<keywords scheme="original" n="topic">
<term>digital humanities&#8212;nature and significance</term>
<term>teaching and pedagogy</term>
<term>metadata</term>
<term>ontologies</term>
<term>publishing and delivery systems</term>
<term>scholarly editing</term>
<term>knowledge representation</term>
<term>interdisciplinary collaboration</term>
<term>digital humanities&#8212;pedagogy and curriculum</term>
<term>cultural studies</term>
<term>crowdsourcing</term>
<term>history of Humanities Computing/Digital Humanities</term>
                
</keywords>
</textClass>
</profileDesc>
    
<revisionDesc><change>
<date when="2013-03-29"></date>
<name>Erin Pedigo</name>
<desc>Initial encoding</desc>
</change>
</revisionDesc>
</teiHeader>
    
<text type="paper">
<body>
<div>  
    
<p>As the field of digital humanities has expanded dramatically in recent years, it has also struggled to define&#8212;or perhaps more correctly, to redefine&#8212;itself across a seemingly divergent set of its practitioners' backgrounds, interests, priorities, methodologies, and institutional settings that yet still have something fundamental in common.  From critical code studies to corpus linguistics to tool creation to online pedagogy, digital humanities practitioners surely share the <hi rend="italic">digital</hi> and the <hi rend="italic">humanities</hi> yet may work within different fundamental paradigms, asking different questions and using different methodologies in the service of achieving very different final goals (Gold, Kirschenbaum).  How, beneath the shared surface of this broadly cast "big tent" of digital humanities, can such a diverse community of practice come together in fruitful and mutually beneficial ways?  What can we as scholars do to facilitate this convergence in a broad discursive space where the ethic of "more hack, less yack" can sometimes discourage the meaningful exchanges of ideas that still need to happen, the collective negotiations of purpose that so often serve as the source of new insights?</p>
    <p>In his seminal book <hi rend="italic">Keywords: A Vocabulary of Culture and Society</hi> (first published in 1975), Raymond Williams defines his project as "the record of an inquiry into a vocabulary" (Williams, 15) and presents that inquiry as a series of short interpretive essays on carefully selected but commonly used significant words. Between them, his chosen keywords comprise "a general vocabulary ranging from strong, difficult and persuasive words in everyday usage to words which, beginning in particular specialized contexts, have become quite common in descriptions of wider areas of thought and experience." (Williams, 14) They are “significant, binding words in certain activities and their interpretations,” and they are “significant, indicative words in certain forms of thought." (Williams, 15) Keywords, then, are those terms that contain and naturalize the categories through which we form our ideas; in our daily speech they embody the assumptions through which our views of the world around us emerge.</p>
    <p>In Williams's approach to the meaningful keywords of a community's shared discourse is an implicit challenge to any diverse yet conscientious community of practice: to deliberately and skillfully make ourselves aware of the multiple, hidden, sometimes divergent, and often hegemonic meanings of our basic shared terminology. Our task becomes, like Williams’s, to inquire into our shared vocabulary rather than merely to use it. So, what are our “big tent” digital humanities community's strong, difficult, persuasive, yet overly-familiarized keywords? They are item-based terms like <hi rend="italic">code, data, object, document, archive, corpus,</hi> and <hi rend="italic">collection.</hi> They are activities such as <hi rend="italic">digitization, preservation, encoding, visualization, interpretation.</hi> They are action words: <hi rend="italic">hack, make, curate, catalog, blog</hi> and <hi rend="italic">tweet.</hi> They are <hi rend="italic">metadata</hi>; they are <hi rend="italic">keyword.</hi> They may also reside as absences, a significant subset of keyword yet to be fully explored (Klein).</p>
    <p>The Digital Humanities Keywords project, launching in June of 2013 at <ref type="url" target="http://www.dhkeywords.org">http://www.dhkeywords.org</ref>, seeks to take up that challenge by creating a shared space and collaborative conversation for working through and exposing the underlying assumptions&#8212;the points of agreement, the sites of tension, the unanswered questions&#8212;of the still-emergent and surprisingly complex digital humanities community, through focused attention to the building blocks of its shared discourse.</p>
    <p>Like other keywords projects started in the wake of Williams's work (Bennett, Grossberg and Morris; Burgett and Hendler; Garc&#237;a and Faherty), Digital Humanities Keywords will be a multi-authored work, but in addition will also engage the flexibility and collaborative features that many peer-based digital humanities projects now offer. As an open access, lightly edited, and openly peer-reviewed Web-site-turned-publication, Digital Humanities Keywords will function not only as an information resource, but as a site of active dialogue and a temporal record of shared communal content as it emerges over time. The project provides guidelines but no hard-and-fast-rules for contributions and it openly solicits beneficial interventions. Comments and dialogue and feedback will reside permanently side-by-side with the primary essays created for the site. Not so much a "how to" as a "how to think about," the Digital Humanities Keywords project explicitly seeks to bring some well-considered yack back to hack, in ways that take fullest advantage of the digital humanities community's existing strengths in open-source online collaboration.</p>
    <p>The Digital Humanities Keywords project is sponsored by the Digital Humanities Caucus of the American Studies Association, but is offered to the entire Digital Humanities community with no expectation of an American Studies focus.  The current poster presentation works to introduce the project to a broad cross section of the digital humanities community and to solicit participation&#8212;which is actively invited at all levels of involvement.</p>
</div>
    
</body>
    
<back>
<div type="References">
<listBibl>  
    
<bibl><hi rend="bold">Burgett, B., and G. Hendler. (eds).</hi> (2007). <hi rend="italic">Keywords for American Cultural Studies.</hi> New York: NYU Press.</bibl>
    
<bibl><hi rend="bold">Garcia, E., and D. Faherty (eds).</hi> (2011). Critical Keywords in Early American Studies. <hi rend="italic">Early American Literature</hi> 46(3): 601-632.</bibl>
    
<bibl><hi rend="bold">Gold, M. K.</hi> (2012). The Digital Humanities Moment. <hi rend="italic">Debates in Digital Humanities.</hi>  University of Minnesota Press. ix-xvi.</bibl>
    
<bibl><hi rend="bold">Kirschenbaum, M.</hi> (2012). What is Digital Humanities and What is it Doing in English Departments? <hi rend="italic">Debates in Digital Humanities.</hi> University of Minnesota Press. 3-11.</bibl>
    
<bibl><hi rend="bold">Williams, R.</hi> (1985). Keywords: A Vocabulary of Culture and Society. Oxford University Press.</bibl>
    
<bibl><hi rend="bold">Klein, L. F.</hi> (2012). American Studies after the Internet. <hi rend="italic">American Quarterly</hi> 64(4). 861-872. <ref type="url" target="http://muse.jhu.edu">http://muse.jhu.edu/</ref> (accessed 15 March 2013).</bibl>
    
<bibl><hi rend="bold">Bennett, T., L. Grossberg, and M. Morris (eds).</hi> (2005).  <hi rend="italic">New Keywords: A Revised Vocabulary of Culture and Society.</hi> Blackwell.</bibl>
    
</listBibl>
</div>
</back>
</text>
</TEI> 
