<?xml version="1.0" encoding="UTF-8"?>

<?oxygen RNGSchema="http://jetson.unl.edu/cdrh/schemas/tei_all.rng" type="xml"?>
<TEI xmlns="http://www.tei-c.org/ns/1.0" xml:id="ab-208">
    
<teiHeader>
<fileDesc>
<titleStmt>
<title>This is Not a Novel: Experimental Literature as Prototype</title>
<author>
<name><surname>Mauro</surname>, <forename>Aaron</forename></name>
<affiliation>University of Victoria, Electronic Textual Cultures Lab, Canada</affiliation>
<email>mauro@uvic.ca</email>
</author>
</titleStmt>
<publicationStmt>
<authority></authority>
<publisher>University of Nebraska-Lincoln</publisher>
<distributor>
<name>Center for Digital Research in the Humanities</name>
<address>
<addrLine>319 Love Library</addrLine>
<addrLine>University of Nebraska&#8211;Lincoln</addrLine>
<addrLine>Lincoln, NE 68588-4100</addrLine>
<addrLine>cdrh@unlnotes.unl.edu</addrLine>
</address>
</distributor>
<pubPlace>Lincoln, Nebraska</pubPlace> 
<address>
<addrLine>University of Nebraska-Lincoln</addrLine>
<addrLine>Lincoln, NE 68588-4100</addrLine>
</address>
<availability>
<p></p>
</availability>
</publicationStmt>
    
<notesStmt><note type="abstract">This short paper describes how digitizing experimental print texts can be used to innovate the aesthetics of the web, produce new models for human-computer interaction, and further theorize touch interfaces. While taking inspiration from popular manifestations of the web development, I turn to contemporary experimental literature as a means of grappling with the materiality of print and testing the limits of presentation semantics in web markup. This paper will present various web based prototypes of CSS styling to visualize Jonathan Safran Foer’s decidedly print text $2 (2010). Through a combination of 2D and 3D transforms and animations, I will show the complexity of this evolving web standard. In short, the purpose of my paper will be to show how this critique can be leveraged to produced innovative methods of web development.</note></notesStmt>
    
<sourceDesc>
<p>No source: created in electronic format.</p>
<p>
<date when="20130717"></date>
<time when="08:30:00"></time>
</p>
<p n="session">SP02</p>
</sourceDesc>
</fileDesc>
    
<profileDesc>
<textClass>
<keywords scheme="original" n="category">
<term>Paper</term>
</keywords>
<keywords scheme="original" n="subcategory">
<term>Short Paper</term>
</keywords>
<keywords scheme="original" n="keywords">
<term>Experimental literature</term>
<term>prototyping</term>
<term>method</term>
<term>web development</term>
<term>platform development</term>
</keywords>
<keywords scheme="original" n="topic">
<term>interdisciplinary collaboration</term>
<term>social media</term>
<term>networks</term>
<term>relationships</term>  
<term>graphs</term>
</keywords>
</textClass>
</profileDesc>
    
<revisionDesc>
<change>
<date when="2013-03-29"></date>
<name>Erin Pedigo</name>
<desc>Initial encoding</desc>
</change>
</revisionDesc>
</teiHeader>
    
<text type="paper">
<body>
<div>   

<head>Introduction</head>

<p>This short paper describes how digitizing experimental print texts can be used to innovate the aesthetics of the web, produce new models for human-computer interaction, and further theorize touch interfaces. Matthew Kirschenbaum has long identified the “tactile fallacy” often associated with digital media (43), but, as Sebastian Heath pointed out more recently at the 2011 Digital Humanities meeting, “‘digital materiality’ does not yet have a fixed meaning.” By building upon work by Katherine Hayles, Alan Liu, Marlene Manoff, and others, this paper will help account for the material metaphors of interface design and how touch interfaces have become a central concern for a supposedly immaterial medium. Because of the advanced design techniques used by commercial web developers and the universalized standards and backward compatibility of HTML markup, popular manifestations of the web have a great deal to teach academic discourses about the aesthetics of reading and visualizing the materiality of texts. I turn, therefore, to contemporary experimental literature as a means of grappling with the materiality of print and testing the limits of presentation semantics in web markup. As a first step, this paper will present various web based prototypes of CSS styling to visualize Jonathan Safran Foer’s decidedly print text <hi rend="italic">Tree of Codes</hi> (2010).</p>
   <p>At the core of my approach are two simple observations. First, since experimental authors have been pushing the limits of print and remaking traditional conceptions of the book for decades, any digital humanities discourse that presumes to revolutionize literature through a radical reshaping of its formal possibilities must also account for the long tradition of experimental literature. Second, contemporary fiction is published in an increasingly digital media environment, and contemporary authors are responding to this new context through a critique of digital publishing. As Elizabeth Eisenstein argues, the printing press has long been an agent of social and political change, but it is also becoming a tool for technological critique. In short, the purpose of my paper will be to show how this critique can be leveraged to produced innovative methods of web development.</p>
</div>

<div>
<head>Digitizing Experimental Literature as a Prototyping Framework</head>

<p>Specifically, this paper will present several style sheets in CSS 3 that attempt to digitize Foer’s <hi rend="italic">Tree of Codes</hi>. Since the failure of any perfect mimesis is a foregone conclusion, this failure demonstrates a method for producing new text forms but also offers a vantage point from which to make interpretations about the importance of materiality in Foer’s text. Through a combination of 3D transforms and animations made possible with CSS3 and canvas elements, I will work to show the complexity of our still new and evolving web standards. Technological experimentation makes manifest the purpose of all cultural and literary experimentation. Because literary traditions perform and inform the history of the book along with a broader technological context, prototyping experimental literature in the populist medium of the web is most capable of formally bridging reading technologies. It is, I argue, the points of rupture between mediums that signals new directions for development and experimentation. Furthermore, this methodology exists at the threshold between electronic literature community and the digital humanities, while offering a means of reconciling these often disparate discourses.</p>
</div>

<div>
<head>Web Development and Literary Authoring</head>

   <p>In a commercial context, developers like Mike Kuniavsky, Indi Young, Luke Wroblewski, Peter Merholz, Jeffrey Kalmikoff, and John Zeratsky have become the theorists of the ever emergent web. The tools that have thus far been created by engineers and designers must, however, incorporate a broader understanding of the function and purpose of literature and literacy. It is the role of academically informed web designers to interpret contemporary design culture through the history of the book. It is now well understood that digital literacy must not relegate pedagogical practice to simply teaching a new user interface. Because of the great potential for “computers as modelling machines” (McCarthy 27), prototyping and making digital books is a fundamental methodology of the digital humanities and, as Alan Galey has described it, “the design ethos of thinking through making” (111). In the context of Jerome McGann’s earlier claim that “The next generation of literary and aesthetic theorists who will most matter are people who will be at least as involved with making things as with writing texts” (19), I argue for literary authoring and web development to become a unified creative act. As Manoff has observed, “The content or text of a book cannot be separated from the physical object that houses it” (319). In a print context, the storage and delivery of content is linked absolutely, while authoring is a privileged external act. In a digital context, creative web development has the potential to link literary authoring and delivery into a single act, while storage and preservation becomes an external function of literary production taken up by digital humanists.</p>
</div>

<div>
<head>Platform Development and Repository Building</head>

<p>This paper represents only the earliest stages of a multi-year project to build an experimental literature web platform that hosts a repository of open source CSS modules and the tools to develop online literary projects. As a member of the multidisciplinary research team in The Electronic Textual Cultures Lab, I am currently seeking funds to mobilize the additional expertise required to complete a project of this size and complexity. Set within the context of the early prototyping and feasibility stages of a broader digital humanities project, this paper represents a template for the future implementation of this longer term development strategy with the technical support at the Humanities Computing and Media Centre at the University of Victoria.</p>
</div>

<div>
<head>Acknowledgements</head>

<p>I would also like to thank the generous input and mentorship of Raymond Siemens and Jentery Sayers at the University of Victoria during the development of this project. This work is supported by the Social Science and Humanities Research Council of Canada.</p>
</div>

</body>

<back>
<div type="References">
<listBibl>

<bibl><hi rend="bold">Foer, J. S. </hi> (2010). <hi rend="italic">Tree of Codes</hi>. Belgium and The Netherlands: Visual Editions.</bibl>

<bibl><hi rend="bold">Galey, A. and Ruecker, S.</hi> (2010). How a Prototype Argues. <hi rend="italic">Literary and Linguistic Computing</hi> <hi>25.4</hi> :405-424. </bibl>

<bibl><hi rend="bold">Gramazio, F. K. </hi> (2008). <hi rend="italic">Digital Materiality in Architecture</hi>. Baden: Lars M&#228;ller. .</bibl>

<bibl><hi rend="bold">Hayles, N. K.</hi> (2003). Translating Media: Why We should Rethink Textuality. <hi rend="italic">The Yale Journal of Criticism</hi> <hi>16.2</hi>: 263-290.</bibl>

<bibl><hi rend="bold">Heath, S.</hi> (2012). The Digital Materiality of Early Christian Visual Culture: Building on John 20:24-29. <ref type="url" target="http://dh2011abstracts.stanford.edu/xtf/view?docId=tei/ab-315.xml">http://dh2011abstracts.stanford.edu/xtf/view?docId=tei/ab-315.xml</ref>. (accessed October 25, 2012). </bibl>

<bibl><hi rend="bold">Kirschenbaum, M. G.</hi> (2002). Editing the Interface: Textual Studies and First Generation 	Electronic Objects. <hi rend="italic">Text: An Interdisciplinary Annual of Textual Studies</hi> <hi>14</hi>: 15-51.</bibl>

<bibl><hi rend="bold">Kuniavsky, M.</hi> (2010). <hi rend="italic">Smart Things: Ubiquitous Computing User Experience Design.</hi> Burlington: Morgan Kaufmann.</bibl>

<bibl><hi rend="bold">Leonardi, P. M.</hi> (2010). Digital Materiality? How Artifacts Without Matter, Matter. <hi rend="italic">First Monday</hi> 15.6(June 2010):<ref type="url" target="http://www.uic.edu/htbin/cgiwrap/bin/ojs/index.php/fm/article/viewArticle/3036/2567">http://www.uic.edu/htbin/cgiwrap/bin/ojs/index.php/fm/ 	article/viewArticle/3036/2567</ref>. Accessed October 25, 2012. Web.</bibl>

<bibl><hi rend="bold">Liu, A.</hi> (2004). Transcendental Data: Toward a Cultural History and Aesthetics of the New 	Encoded Discourse. <hi rend="italic">Critical Inquiry</hi> <hi>31.1</hi>:49-84.</bibl>

<bibl><hi rend="bold">Manoff, M.</hi> (2006). The materiality of digital collections: theoretical and historical 	perspectives. <hi rend="italic">Portal: Libraries and the Academy</hi> <hi>6.3</hi> 311-235. <ref type="url" target="http://dspace.mit.edu/handle/1721.1/35689">http://dspace.mit.edu/handle/1721.1/35689</ref>. (accessed October 25).</bibl>

<bibl><hi rend="bold">McCarthy, W.</hi> (2005). <hi rend="italic">Humanities Computing</hi>. London: Palgrave. </bibl>

<bibl><hi rend="bold">McGann, J.</hi> (2001). <hi rend="italic">Radiant Textuality: Literature After the World Wide Web.</hi> New York: Palgrave. </bibl>

<bibl><hi rend="bold">Merholz, P.</hi> (2008). <hi rend="italic">Subject To Change: Creating Great Products &amp; Services for an Uncertain World: Adaptive Path on Design.</hi> Sebastobol: O’Reilly. </bibl>

<bibl><hi rend="bold">Wroblewski, L.</hi> (2002). <hi rend="italic">Site-Seeing: A Visual Approach to Web Usability.</hi> New York: Hungry Minds.</bibl>

<bibl><hi rend="bold">Young, I.</hi> (2008). <hi rend="italic">Mental Models: Aligning Digital Strategy with Human Behaviour.</hi> New York: Rosenfeld.</bibl>

</listBibl>
</div>
</back>
</text>
</TEI>

