<?xml version="1.0" encoding="UTF-8"?>

<?oxygen RNGSchema="http://jetson.unl.edu/cdrh/schemas/tei_all.rng" type="xml"?>
<TEI xmlns="http://www.tei-c.org/ns/1.0" xml:id="ab-269">
    
<teiHeader>
<fileDesc>
<titleStmt>
<title>DARIAH-EU’s Virtual Competency Center on Research and Education</title>
<author>
<name><surname>Schöch</surname>, <forename>Christof</forename></name>
<affiliation>University of Würzburg</affiliation>
<email>c.schoech@gmail.com</email>
</author>
<author>
<name><surname>Costis</surname>, <forename>Dallas</forename></name>
<affiliation>Digital Curation Unit &#8212; IMIS, Athena Research Centre</affiliation>
<email>c.dallas@dcu.gr </email>
</author>
<author>
<name><surname>Munson</surname>, <forename>Matt</forename></name>
<affiliation>Göttingen Centre For  Digital Humanities (Gcdh)</affiliation>
<email>mmunson@gcdh.de</email>
</author>
<author>
<name><surname>Tasovac</surname>, <forename>Toma</forename></name>
<affiliation>Belgrade Center for Digital Humanities</affiliation>
<email>ttasovac@humanistika.org</email>
</author>
<author>
<name><surname>Champion</surname>, <forename>Erik Malcolm</forename></name>
<affiliation>DIGHUMLAB Denmark</affiliation>
<email>echampion@hum.au.dk</email>
</author>
<author>
<name><surname>Schreibman</surname>, <forename>Susan</forename></name>
<affiliation>Trinity College Dublin</affiliation>
<email>susan.schreibman@gmail.com</email>
</author>
<author>
<name><surname>Benardou</surname>, <forename>Agiatis</forename></name>
<affiliation>Digital Curation Unit &#8212; IMIS, Athena Research Centre</affiliation>
<email>agiati.benardou@gmail.com</email>
</author>
<author>
<name><surname>Huang</surname>, <forename>Marianne Ping</forename></name>
<affiliation>Aarhus University, Denmark</affiliation>
<email>mph@adm.au.dk</email>
</author>
<author>
<name><surname>Links</surname>, <forename>Petra</forename></name>
<affiliation>NIOD Institute for War, Holocaust and Genocide Studies</affiliation>
<email>p.Links@niod.knaw.nl</email>
</author>
</titleStmt>

<publicationStmt>
<authority></authority>
<publisher>University of Nebraska-Lincoln</publisher>
<distributor>
<name>Center for Digital Research in the Humanities</name>
<address>
<addrLine>319 Love Library</addrLine>
<addrLine>University of Nebraska&#8211;Lincoln</addrLine>
<addrLine>Lincoln, NE 68588-4100</addrLine>
<addrLine>cdrh@unlnotes.unl.edu</addrLine>
</address>
</distributor>
<pubPlace>Lincoln, Nebraska</pubPlace> 
<address>
<addrLine>University of Nebraska-Lincoln</addrLine>
<addrLine>Lincoln, NE 68588-4100</addrLine>
</address>
<availability>
<p></p>
</availability>
</publicationStmt>

<notesStmt><note type="abstract">The aim of this poster is to present one of the four primary contact points of DARIAH, the Virtual Competency Center Research and Education Liaison (VCC2). We would like to inform the DH community of our aims and encourage researchers to contact us and explore cooperation opportunities.</note></notesStmt>
    
<sourceDesc>
<p>No source: created in electronic format.</p>
</sourceDesc>
</fileDesc>
    
<profileDesc>
<textClass>
<keywords scheme="original" n="category">
<term>Poster</term>
</keywords>
<keywords scheme="original" n="subcategory">
<term></term>
</keywords>
<keywords scheme="original" n="keywords">
<term>DARIAH</term>
<term>research</term>
<term>education</term>
<term>infrastructure</term>
</keywords>
<keywords scheme="original" n="topic">
<term>archives</term>
<term>repositories</term>
<term>sustainability and preservation</term>
<term>digital humanities &#8212; institutional support</term>  
<term>digital humanities &#8212; pedagogy and curriculum</term>
<term>cultural infrastructure</term>
                
</keywords>
</textClass>
</profileDesc>
    
<revisionDesc>
<change>
<date when="2013-03-29"></date>
<name>Erin Pedigo</name>
<desc>Initial encoding</desc>
</change>
</revisionDesc>
</teiHeader>
    
<text type="poster">
<body>
<div>
<div>

    <p>DARIAH (Digital Research Infrastructure for the Arts in Humanities &#8212; <ref type="url" target="http://dariah.eu">http://dariah.eu</ref>) is a large-scale, long-term, pan-European endeavor aiming to enhance and support digitally-enabled research across the arts and humanities. DARIAH aims to develop and maintain an infrastructure in support of ICT-based research practices. It will explore and apply ICT-based methods and tools to enable new research, improve research opportunities through linking distributed digital source materials and tools, and exchange expertise, methodologies and practices across domains and disciplines.</p>
    <p>The aim of this poster is to present one of the four primary contact points of DARIAH, the <hi rend="italic">Virtual Competency Center Research and Education Liaison</hi> (VCC2). We would like to inform the DH community of our aims and encourage researchers to contact us and explore cooperation opportunities. The VCC is led by Susan Schreibman (Trinity College Dublin, Ireland) and Erik Champion (DIGHUMLAB, Denmark). The VCC’s activities fall into four areas, each of which has a coordinator who serves as the primary contact point.</p>
</div>

<div>
<head><hi rend="bold">Understanding Research Practices</hi></head>

    <p>VCC2 aims to develop an evidence-based foundation to ensure fitness for purpose of planned digital infrastructures for scholarly research.</p>
    <p>To achieve this objective, VCC2 will develop a research protocol and manual for transnational longitudinal research on scholarly practices and for digital tools and services user requirements elicitation. It will conduct baseline research on scholarly research practices, digital tools and services requirements for the arts and humanities across Europe. It will develop a knowledge base of empirically attested research practices in the arts and humanities, by tracking a) information access, use and curation processes, and their relations with disciplines, methods, research objects, tools and services, and b) researcher feedback and case studies on digital tools and services use.</p>
    <p>Work will build on earlier interview-based and questionnaire survey research in the “Preparing DARIAH” and EHRI projects, and on synergies with projects such as eCloud, ARIADNE, and NeDiMAH.</p>
</div>

<div>
<head><hi rend="bold">Training and Education Program</hi></head>

    <p>VCC2 aims to provide a training program for researchers in the methods, tools, and approaches needed to engage with the digital environment, including DARIAH services, tools, and content.</p>
        <p>The Training and Education Program will focus in particular on the development and delivery of international summer school programs; development of collaborative, consortium-wide online training materials; and activities that foster a better understanding of teaching DH across disciplinary, institutional, linguistic and cultural borders. In addition, the program will collaborate with institutions providing undergraduate and postgraduate training in the digital humanities to embed DARIAH tools and services in their courses and provide structured feedback on their use.</p>
    <p>As part of its effort to support academic mobility and international opportunities in DH education, the Training and Education Program will also create a registry of undergraduate and postgraduate DH courses in Europe.</p>
</div>

<div>
<head><hi rend="bold">Community Engagement</hi></head>

    <p>Engagement with digital tools, methods and content is an emerging practice for many arts and humanities researchers. VCC2 will seek to engage with these scholars about digital humanities, explain the added value digital data and methods can provide whilst seeking to foster exchange and cooperation within scholarly communities.</p>
    <p>To promote engagement with the increasingly large volume of research data being digitized, and in turn the research infrastructures designed to support the use of this data, we support communities of researchers in coming together to learn from each other and express their requirements.</p>
    <p>Services to this end include: a series of workshops aimed at younger researchers wishing to make the move towards digital research methods; expert meetings in which confirmed researchers focus on the further development of specific methods and tools; a publication series documenting results from DARIAH’s activities.</p>
</div>

<div>
<head><hi rend="bold">Virtual Research Environments</hi></head>

    <p>VREs are changing. What previously were closed systems where everything needed to be developed for that system are now becoming more modular systems where the appropriate outside tools can be plugged into a VRE platform.</p>
    <p>With this in mind, it seems counterproductive to attempt to create a one-size-fits-all VRE. Instead, VCC2 expects to produce a VRE Blueprint: a document that can be used to guide the conversations between humanities scholars who wish to develop a VRE and the computer developers who will help them to realize this goal.</p>
    <p>The blueprint will consist of a list of technical requirements that every VRE will have to meet, questions to guide the conversations between developers and scholars, an annotated bibliography, a list of common pitfalls in VRE development, and an end-user survey template to help developers get feedback from the VRE’s users.</p>
</div>
</div>
</body>
</text>
</TEI>

            
