<?xml version="1.0" encoding="utf-8"?>
<?oxygen RNGSchema="http://jetson.unl.edu/cdrh/schemas/tei_all.rng" type="xml"?>
<TEI xmlns="http://www.tei-c.org/ns/1.0" xml:id="ab-212">

<teiHeader>
<fileDesc>
<titleStmt>
<title>Exploring Digital Humanities Collaborations in the CIC</title>
<author>
<name>
<surname>Courtney</surname>, 
<forename>Angela</forename>
</name>
<affiliation>Indiana University, United States of America;</affiliation>
<email>ancourtn@indiana.edu</email>
</author>
<author>
<name>
<surname>Long</surname>, 
<forename>Christopher</forename>
</name>
<affiliation>Pennsylvania State University, United States of America</affiliation>
<email>cpl2@psu.edu</email>
</author>
<author>
<name>
<surname>Mueller</surname>, 
<forename>Martin</forename>
</name>
<affiliation>Northwestern University, United States of America</affiliation>
<email>martin.mueller@mac.com</email>
</author>
<author>
<name>
<surname>Rehberger</surname>, 
<forename>Dean</forename>
</name>
<affiliation>Michigan State University, United States of America</affiliation>
<email>rehberge@matrix.msu.edu</email>
</author>
<author>
<name>
<surname>Walter</surname>, 
<forename>Katherine L.</forename>
</name>
<affiliation>University of Nebraska-Lincoln, United States of America</affiliation>
<email>kwalter1@unl.edu</email>
</author>
<author>
<name>
<surname>Winet</surname>, 
<forename>Jon</forename>
</name>
<affiliation>University of Iowa, United States of America</affiliation>
<email>jon-winet@uiowa.edu</email>
</author>
</titleStmt>
<publicationStmt>
<authority></authority>
<publisher>University of Nebraska-Lincoln</publisher>
<distributor>
<name>Center for Digital Research in the Humanities</name>
<address>
<addrLine>319 Love Library</addrLine>
<addrLine>University of Nebraska&#8211;Lincoln</addrLine>
<addrLine>Lincoln, NE 68588-4100</addrLine>
<addrLine>cdrh@unl.edu</addrLine>
</address>
</distributor>
<pubPlace>Lincoln, Nebraska</pubPlace> 
<address>
<addrLine>University of Nebraska-Lincoln</addrLine>
<addrLine>Lincoln, NE 68588-4100</addrLine>
</address>
<availability>
<p></p>
</availability>
</publicationStmt>
<sourceDesc>
<p>No source: created in electronic format.</p>
</sourceDesc>
</fileDesc>

<profileDesc>
<textClass>
<keywords scheme="original" n="category">
<term>Poster</term>
</keywords>
<keywords scheme="original" n="subcategory">
<term></term>
</keywords>
<keywords scheme="original" n="topic">
<term>digital humanities - institutional support</term>
<term>interdisciplinary collaboration</term>
</keywords>
<keywords scheme="original" n="keywords">
<term>Interdisciplinary</term>
<term>collaborative</term>
<term>consortium</term>
</keywords>
</textClass>
</profileDesc>

<revisionDesc>
<change>
<date> when="2013-06-19</date>
<name>Laura Weakly</name>
<desc>Initial encoding</desc>
</change>
</revisionDesc>
</teiHeader>

<text type="paper">
<body>
<div>

<p>The CIC &#8212; the Big 10 plus the University of Chicago &#8212; is a consortium of some of the largest universities in the Midwest region of the United States.  Its members include:</p>

<table>
<row><cell>The University of Chicago</cell><cell><ref type="url" target="http://www.uchicago.edu">http://www.uchicago.edu</ref></cell></row>
<row><cell>University of Illinois Urbana Champaign</cell><cell><ref type="url" target="http://illinois.edu">http://illinois.edu</ref></cell></row>
<row><cell>Indiana University</cell><cell><ref type="url" target="http://www.indiana.edu/">http://www.indiana.edu/</ref></cell></row>
<row><cell>University of Iowa</cell><cell><ref type="url" target="http://www.uiowa.edu">http://www.uiowa.edu</ref></cell></row>
<row><cell>University of Michigan </cell><cell><ref type="url" target="http://www.umich.edu">http://www.umich.edu</ref></cell></row>
<row><cell>Michigan State University</cell><cell><ref type="url" target="http://www.msu.edu">http://www.msu.edu</ref></cell></row>
<row><cell>University of Minnesota</cell><cell><ref type="url" target="http://www1.umn.edu">http://www1.umn.edu</ref></cell></row>
<row><cell>University of Nebraska&#8211;Lincoln</cell><cell><ref type="url" target="http://www.unl.edu">http://www.unl.edu</ref></cell></row>
<row><cell>Northwestern University</cell><cell><ref type="url" target="http://www.northwestern.edu">http://www.northwestern.edu</ref></cell></row>
<row><cell>Ohio State University</cell><cell><ref type="url" target="http://www.osu.edu">http://www.osu.edu</ref></cell></row>
<row><cell>Pennsylvania State University</cell><cell><ref type="url" target="http://www.psu.edu">http://www.psu.edu</ref></cell></row>
<row><cell>Purdue University</cell><cell><ref type="url" target="http://www.purdue.edu">http://www.purdue.edu</ref></cell></row>
<row><cell>University of Wisconsin&#8211;Madison</cell><cell><ref type="url" target="http://www.wisc.edu">http://www.wisc.edu</ref></cell></row>
</table>			
		

<p>The CIC schools, enroll approximately half a million students each year and have over $7 billion in funded research, over 79 million library volumes, and employ 46,000 faculty. The CIC is home to the HathiTrust Research Center, funded by Indiana University and the University of Illinois at Urbana-Champaign, and boasts three major digital humanities centers: the Illinois Center for Humanities, Arts and Social Sciences (I-CHASS) at the University of Illinois at Urbana-Champaign (<ref type="url" target="http://ichass.illinois.edu/">http://ichass.illinois.edu/</ref>), Matrix: The Center for Humane Arts, Letters, and Social Sciences at Michigan State University (<ref type="url" target="http://matrix.msu.edu">http://matrix.msu.edu</ref>), the Center for Digital Research in the Humanities (CDRH) at the University of Nebraska-Lincoln (<ref type="url" target="http://cdrh.unl.edu">http://cdrh.unl.edu</ref>), and, as of July 1, 2103, Maryland Institute for Technology in the Humanities (MITH) at the University of Maryland (<ref type="url" target="http://mith.umd.edu">http://mith.umd.edu</ref>). CIC institutes are also home to a lively and varied assortment of digital humanities labs, institutes, and initiatives. </p>

<p>Despite the range of digital humanities activities in the CIC, little discussion concerning broad collaboration at a consortial level had occurred among the schools until the 2012 CIC Digital Humanities Summit was held to foster exchange of knowledge and experience across campuses and to discover basic common needs and vibrant shared objectives that could benefit from cross institutional collaboration. </p>

<p>In our poster session members of the CIC Digital Humanities Committee will discuss the impetus for the CIC Digital Humanities Initiative; describe recommended actions from the Summit; report on some responses from other CIC committees (specifically those on data storage and geospatial research) as well as responses of the deans and provosts of the universities to the action items in the report. We will outline preliminary actions of the universities and faculty as a result of the scan and the recommendations. This poster session provides an opportunity to discuss efforts to build digital humanities infrastructure as well as research within the context of a large academic consortium. Other CIC schools are beginning to invest, with widening DH education and research opportunities that will extend far outside the CIC. </p>

<p>In Fall 2011, a new CIC Digital Humanities Initiative was announced with the intent to form a stronger CIC faculty community and networks in digital humanities. Concurrently, an interdisciplinary CIC Digital Humanities Committee was appointed. Initially, this group developed an environmental scan that identifys CIC digital humanities centers and institutes; initiatives and laboratories; conferences and workshops; degrees, specialization &amp; certificate programs; recent grants; publishing initiatives; and digital humanities faculty members. Meant to be a dynamic report, the Scan has been shared widely within the CIC universities, especially among the leadership and the digital humanities faculty. Each school is being encouraged to add to the CIC Digital Humanities Environmental Scan, with the intent that this will be a living, changing document. One school is developing a database version for tracking their own activities and is sharing the code with others. </p>

<p>In April 2012, the CIC Digital Humanities Summit was co-hosted by the University of Nebraska-Lincoln and the CIC. Sixty representatives from twelve of the universities met, including deans, librarians, faculty conducting research in the humanities using technology, and directors of digital humanities centers, studios and labs. Among topics were the environmental scan and possible opportunities and challenges for digital humanities collaboration among the schools; and how to improve the environment and resources for the digital humanities in the CIC. Keynote addresses regarding trends in digital humanities and success and failure of digital humanities centers, and short talks on university publishing and on promotion and tenure characterized much of the Summit’s group discussions. It is notable that there was a great deal of enthusiasm expressed for collaboration and for open source approaches, with very few challenges identified by the participants.  </p>

<p>Following the summit, the CIC Digital Humanities Committee developed a report with action items based on Summit participants’ recommendations. The report is leading to campus-specific efforts as well as consortial activity. The CIC’s focus on digital humanities is significant for several reasons. The environmental scan demonstrates that traditionally strong humanities computing efforts in the CIC include an increasingly diverse range of digital humanities endeavors. Moreover, there appear to be a diversity of strengths across the CIC universities with excellent opportunities to provide mutual support and sharing of expertise, perhaps through a broadly conceived initiative such as a CIC Digital Humanities Commons. Faculty are spread across all the humanities disciplines and are in CIC libraries, archives, museums and iSchools, bringing substance to new coalitions and allowing us to reimagine relations with different audiences inside and outside the university. There was a broad acceptance of the importance of collaboration and transdisciplinarity, and a recognition that while it may be difficulty to create community around Digital Humanities at the local level, there is strength at a consortial level. </p> 

<p>In the poster, we will address these points and also present brief but concrete examples of mature and robust research programs and nascent efforts among the CIC universities.  </p>



                
</div>

</body>

</text>
</TEI>

