<?xml version="1.0" encoding="UTF-8"?>

<?oxygen RNGSchema="http://jetson.unl.edu/cdrh/schemas/tei_all.rng" type="xml"?>
<TEI xmlns="http://www.tei-c.org/ns/1.0" xml:id="ab-285">
    
<teiHeader>
<fileDesc>
<titleStmt>
<title>Elwood Redux: Introducing the Elwood Transcription/Text Encoding Modules as well as a Newly-revised, Browser-independent Version of the Elwood Viewer</title>
<author>
<name><surname>Lyman</surname>, <forename>Eugene W</forename></name>
<affiliation>Independent Scholar, United States of America</affiliation>
<email>eugene.lyman@gmail.com</email>
</author>
</titleStmt>
<publicationStmt>
<authority></authority>
<publisher>University of Nebraska-Lincoln</publisher>
<distributor>
<name>Center for Digital Research in the Humanities</name>
<address>
<addrLine>319 Love Library</addrLine>
<addrLine>University of Nebraska&#8211;Lincoln</addrLine>
<addrLine>Lincoln, NE 68588-4100</addrLine>
<addrLine>cdrh@unlnotes.unl.edu</addrLine>
</address>
</distributor>
<pubPlace>Lincoln, Nebraska</pubPlace> 
<address>
<addrLine>University of Nebraska-Lincoln</addrLine>
<addrLine>Lincoln, NE 68588-4100</addrLine>
</address>
<availability>
<p></p>
</availability>
</publicationStmt>
    
<notesStmt><note type="abstract">This session will be a demonstration of enhancements aimed to give access to the analytical tools available through the Elwood Viewer to a wider audience than that that which has heretofore consisted of readers making use of documentary editions produced by the Piers Plowman Electronic Archive.</note></notesStmt>
    
<sourceDesc>
<p>No source: created in electronic format.</p>
</sourceDesc>
</fileDesc>
    
<profileDesc>
<textClass>
<keywords scheme="original" n="category">
<term>Poster</term>
</keywords>
<keywords scheme="original" n="subcategory">
<term></term>
</keywords>
<keywords scheme="original" n="keywords">
<term>editing</term>
<term>transcription</term>
<term>markup</term>
</keywords>
<keywords scheme="original" n="topic">
<term>scholarly editing</term>
<term>stylistics and stylometry</term>
<term>text analysis</term>
<term>concording and indexing</term>  
           
</keywords>
</textClass>
</profileDesc>
    
<revisionDesc>
<change>
<date when="2013-03-29"></date>
<name>Erin Pedigo</name>
<desc>Initial encoding</desc>
</change>
</revisionDesc>
</teiHeader>
    
<text type="poster">
<body>
<div>
    
    <p>The ELWOOD VIEWER was created ten years ago as a tool to display the edited text and manuscript images associated with documentary editions produced by the Piers Plowman Electronic Archive (PPEA).  As originally written, it contained powerful regular expression search capabilities as well as display formats to enable sophisticated analysis of the texts that it presented.  ELWOOD has met with very positive reception during conference presentations and with glowing comment in reviews of individual editions produced by the PPEA, including that of one reviewer (George Shuffelton, <hi rend="italic">Speculum,</hi> (85) 2010, 285), who urged that the ELWOOD VIEWER represented “a major step forward in the delivery of digital editions” that “ought to be a model for future programs of this kind.”</p>
    <p>Although originally conceived as a general interface for electronic scholarly editions, to date ELWOOD has been available only as a dedicated viewer packaged in the PPEA's CD-ROM editions of the B-version of <hi rend="italic">Piers Plowman.</hi>  As such, it has not been available for use by other electronic editions . The poster proposed in this abstract highlights recent  steps taken to greatly broaden ELWOOD's potential usefulness in the display of scholarly editions available over the Internet. It will also introduce its audience to a new software module developed specifically to enable editors, as well as individuals seeking relatively straightforward means to transcribe and encode manuscript texts for use in their personal scholarship, to have access to the powerful analytical tools contained in the Elwood Viewer. The poster will also introduce a version of Elwood designed to run under all major Internet browsers (the original version could only be run under Microsoft’s Internet Explorer)and enhanced with improvements that draw upon the rich image-handling capacities made possible by HTML 5.</p>
    <p>Features that have been supported by the ELWOOD VIEWER for a number of years, including its tight linkage of manuscript image and edited text, are presented (with illustrative figures) in Lyman (2004). The added features to be demonstrated in this poster session include: the enlargement of the software's function from that of the display of single manuscripts to that of serving as an overall archive viewer possessing  the capacity to compare and move quickly between edited texts of different witnesses of a work, enhanced text and markup searching capacities along with the capability to export search results for further analysis, frequency counts, organized alphabetically or by descending order of frequency, of searched works or phrases, as well as other enhancements geared to assist readers in their navigation of edited text and manuscript images.</p>
</div>

</body>
    
<back>
<div type="References">
<listBibl>

<bibl><hi rend="bold">Duggan, H. and E. Lyman</hi> (2004). A Progress Report on The Piers Plowman Electronic Archive, <hi rend="italic">Digital Medievalist.</hi> <ref type="url" target="http://www.digitalmedievalist.org/journal/1.1/duggan/#dm.1.1.duggan.0200">http://www.digitalmedievalist.org/journal/1.1/duggan/#dm.1.1.duggan.0200</ref>
</bibl>

<bibl><hi rend="bold">Foys, M.</hi> (2012). forthcoming.  The Piers Plowman Electronic Archive and the Process of Durable Mutation, : (review essay). <hi rend="italic">Yearbook of LanglandStudies</hi> <hi>26</hi>. <ref type="url" target="http://tinyurl.com/kkmn8ap">http://tinyurl.com/kkmn8ap</ref></bibl>

<bibl><hi rend="bold">Langland, W.</hi> (2005). The Piers Plowman Electronic Archive, Vol 5: British Library Ms Additional 35287 (M). Woodbridge [England]: Medieval Academy of America and Boydell and Brewer.</bibl>

<bibl><hi rend="bold">Langland, W.</hi> (2011). The Piers Plowman Electronic Archive, Vol 7: Bodleian Library Ms Rawlinson Poetry 38 (R). Ed. Robert Adams, Woodbridge [England]: Medieval Academy of America and Boydell and Brewer.</bibl>

<bibl><hi rend="bold">Langland, W.</hi> (2004). The Piers Plowman Electronic Archive, Vol. 3: Ms Oriel College, Oxford 79 (0). Ed. Katherine Heinrichs. Woodbridge [England]: Medieval Academy of America and Boydell and Brewer.</bibl>

<bibl><hi rend="bold">Langland, W.</hi>  (2004). The Piers Plowman Electronic Archive, Vol. 4: Ms Laud Misc. 581 Bodleian Library S.C. 987 (L). Duggan, H. N., and R. Hanna III (eds.). Woodbridge [England]: Medieval Academy of America and Boydell and Brewer.</bibl>

<bibl><hi rend="bold">Langland, W.</hi> (2009). The Piers Plowman Electronic Archive, Vol. 6: Huntington Library Ms Hm 128 (Hm). Calabrese, M., H. N. Duggan and T. Turville-Petre (eds.). Woodbridge [England]: Medieval Academy of America and Boydell and Brewer.</bibl>

<bibl><hi rend="bold">Lyman, E.</hi> (2009). <hi rend="italic">Assistive Potencies: Reconfiguring the Scholarly Edition in a Digital Environment,</hi> Dissertation. University of Virginia.</bibl>

<bibl><hi rend="bold">Lyman, E.</hi>  (2004). In pursuit of radiance: Report on an interface developed for the <hi rend="italic">Piers Plowman Electronic Archive,</hi>   The Face of Text, Computer Assisted Text Analysis in the Humanities, Canadian Symposium on Text Analysis, November 19-21, McMaster University, 65-70. <ref type="url" target="http://tapor1.mcmaster.ca/~faceoftext/FOTfinal.pdf">http://tapor1.mcmaster.ca/~faceoftext/FOTfinal.pdf</ref></bibl>


<bibl><hi rend="bold">Lyman, E.</hi>  (2008). 'May the text rise up to meet you:' New ways of reading old manuscripts. <hi rend="italic">Digital Humanities Quarterly</hi>. <hi>3 (3)</hi> <ref type="url" target="http://www.digitalhumanities.org/dhq/vol/3/3/000058/000058.html">http://www.digitalhumanities.org/dhq/vol/3/3/000058/000058.html</ref> <lb/>

<ref type="url" target="http://www.digitalhumanities.org/dhq/vol/3/3/000058/resources/images/figure01.pdf">http://www.digitalhumanities.org/dhq/vol/3/3/000058/resources/images/figure01.pdf</ref></bibl>

<bibl><hi rend="bold">Shuffelton, G.</hi> (2010). Review of Vol  6 of the Piers Plowman Archive, <hi rend="underline">Speculum</hi>. (85): 984-986.</bibl>

</listBibl>
</div>
</back>
</text>
</TEI>
