<?xml version="1.0" encoding="utf-8"?>
<?oxygen RNGSchema="http://jetson.unl.edu/cdrh/schemas/tei_all.rng" type="xml"?>
<TEI xmlns="http://www.tei-c.org/ns/1.0" xmlns:xmt="http://www.cch.kcl.ac.uk/xmod/tei/1.0" xml:id="ab-276">

<teiHeader>
<fileDesc>
<titleStmt>
<title>Beyond Infrastructure: Modelling Scholarly Research and Collaboration</title>
<author>
<name><surname>Schreibman</surname>, <forename>Susan</forename></name>
<affiliation>Trinity College Dublin</affiliation>
<email>susan.schreibman@gmail.com</email>
</author>
<author>
<name><surname>Gradmann</surname>, <forename>Stefan</forename></name>
<affiliation>Humboldt University Berlin</affiliation>
<email>stefan.gradmann@ibi.hu-berlin.de </email>
</author>
<author>
<name><surname>Hennicke</surname>, <forename>Steffen</forename></name>
<affiliation>Humboldt University Berlin</affiliation>
<email>steffen.hennicke@staff.hu-berlin.de</email>
</author>
<author>  
<name><surname>Blanke</surname>, <forename>Tobias</forename></name>
 <affiliation>Kings College London</affiliation>
 <email>tobias.blanke@kcl.ac.uk</email>
</author>
<author>  
<name><surname>Chambers</surname>, <forename>Sally</forename></name>
  <affiliation>G&#246;ttingen University</affiliation>
  <email>sally.chambers@phil.uni-goettingen.de</email>
</author>
<author>  
<name><surname>Dunning</surname>, <forename>Alastair</forename></name>
<affiliation>The European Library</affiliation>
<email>Alastair.Dunning@kb.nl</email>
</author>
<author>  
<name><surname>Gray</surname>, <forename>Jonathan</forename></name>
<affiliation>Open Knowledge Foundation</affiliation>
<email>jonathan.gray@okfn.org</email>
</author>
<author>  
<name><surname>Lauer</surname>, <forename>Gerhard</forename></name>
<affiliation>G&#246;ttingen University</affiliation>
<email>Gerhard.Lauer@phil.uni-goettingen.de</email>
</author>
<author>  
<name><surname>Pichler</surname>, <forename>Alois</forename></name>
<affiliation>University of Bergen</affiliation>
<email>Alois.Pichler@fof.uib.no</email>
</author>
<author>  
<name><surname>Renn</surname>, <forename>J&#252;rgen</forename></name>
<affiliation>Max Planck Institute for the History of Science</affiliation>
<email>renn@mpiwg-berlin.mpg.de</email>
</author>
<author>  
<name><surname>Morbidoni</surname>, <forename>Christian</forename></name>
<affiliation>Net7</affiliation>
<email>christian.morbidoni@gmail.com</email>
</author>
<author>  
<name><surname>Romary</surname>, <forename>Laurent</forename></name>
<affiliation>INRIA</affiliation>
<email>laurent.romary@inria.fr</email>
</author>
<author>  
<name><surname>Sasaki</surname>, <forename>Felix</forename></name>
<affiliation>Language Technology Lab</affiliation>
<email>felix.sasaki@dfki.de</email>
</author>
<author>
<name><surname>Warwick</surname>, <forename>Claire</forename></name>
<affiliation>University College London</affiliation>
<email>c.warwick@ucl.ac.uk</email>
</author>
</titleStmt>
<publicationStmt>
<authority></authority>
<publisher>University of Nebraska-Lincoln</publisher>
<distributor>
<name>Center for Digital Research in the Humanities</name>
<address>
<addrLine>319 Love Library</addrLine>
<addrLine>University of Nebraska&#8211;Lincoln</addrLine>
<addrLine>Lincoln, NE 68588-4100</addrLine>
<addrLine>cdrh@unl.edu</addrLine>
</address>
</distributor>
<pubPlace>Lincoln, Nebraska</pubPlace> 
<address>
<addrLine>University of Nebraska-Lincoln</addrLine>
<addrLine>Lincoln, NE 68588-4100</addrLine>
</address>
<availability>
<p></p>
</availability>
</publicationStmt>

<notesStmt><note type="abstract">This paper addresses technically modelling traditional scholarly research within a digital medium while enabling new modes of scholarly work that could only be carried out within a digital medium. In the latter case, this means moving beyond the emulation of traditional methods of scholarship tied to the page (albeit with linking metaphors as in the first generation document-centric WWW), to new ways anchored in the web of Linked Data.</note></notesStmt>

<sourceDesc>
<p>No source: created in electronic format.</p>
<p>
<date when="20130719"></date>
<time when="13:30:00"></time>
</p>
<p n="session">LP27</p>
</sourceDesc>
</fileDesc>

<profileDesc>
<textClass>
<keywords scheme="original" n="category">
<term>Paper</term>
</keywords>
<keywords scheme="original" n="subcategory">
<term>Long Paper</term>
</keywords>
<keywords scheme="original" n="keywords">
<term>Infrastructure</term>
<term>Scholarly Primitives</term>
<term>Tool Development</term>
</keywords>
<keywords scheme="original" n="topic">
<term>data modeling and architecture including hypothesis-driven modeling</term>
<term>ontologies</term>
<term>semantic analysis</term>
<term>knowledge representation</term>
<term>content analysis</term>
<term>semantic web</term>
</keywords>
</textClass>
</profileDesc>

<revisionDesc>
<change>
<date when="2013-04-17"></date>
<name>Laura Weakly</name>
<desc>Initial encoding</desc>
</change>
</revisionDesc>
</teiHeader>

<text type="paper">
<body>
<div>
 

<p>Over the past decade considerable research has been carried out into creating infrastructure to support digital scholarship &#8212;  from the “Atkins report” (Atkins et. al. 2003) commissioned by the National Science Foundation, to the more specific humanities/social science focused  “Our Cultural Commonwealth” (Unsworth et. al. 2006), to the funding of large community-based infrastructure projects such as the Mellon-funded Bamboo and EU-supported DARIAH (Blanke et. al., 2011b). </p>

<p>The Atkins report introduced the following layered vision of the way technical research infrastructures are related to each other:</p>

<figure>
<graphic url="ab-276.001" />
</figure> 


<p>This “mother of all eScience layer cakes” introduced the hitherto canonical division between the blue area of supporting Cyberinfrastructure and the white area of discipline-specific applications. Most initiatives following the Atkins report were to focus more or less exclusively on the cyberinfrastructure layer.</p>
 
<p>The model of thought introduced by the two American-commissioned reports (Atkins and Unsworth) has been adopted in Europe, starting with the e-Science initiative in the UK that focused on the use of Grid technology (and which evolved in parallel with the NSF activity), and the German D-Grid initiative.</p>
 
<p>But it has become clear, however, that the focus on building infrastructure, while essential to support digital humanities scholarship, needs to be accompanied by a concomitant methodological emphasis. Rockwell (2010) pointed this out in the section of his contribution to “Dangers of Infrastructure”; i.e. that in building infrastructure we need to be aware of two major pitfalls:</p>

<list type="unordered"> 
<item><hi rend="bold">Research infrastructure is not research</hi> just as roads are not economic activity. We tend to forget when confronted by large infrastructure projects that they are not an end in themselves. [...]. </item>

<item><hi rend="bold">Infrastructure projects can become ends in themselves</hi> by developing into an industry that promotes continued investment. To sustain infrastructure there develops a class of people whose jobs are tied to infrastructure investment.</item>
 </list>
 
<p>This paper will thus explore what is needed to foster an acceptance of digital practices in the humanities beyond the creation of pure infrastructure, specifically in terms of understanding and technically modelling traditional scholarly research within a digital medium while enabling new modes of scholarly work that could only be carried out within a digitally-mediated environment.</p>
 
<p>In the latter case, this means moving beyond the emulation of traditional methods of scholarship tied to the page (albeit with linking metaphors as in the first generation document-centric WWW), to new ways anchored in the web of Linked Data which might be viewed as a combination of notebook and Memex proposed by Schraefel (2007), who is, of course, channelling Bush (1949).</p>
 
<p>In order to model this, we need to better understand how scholars undertake their research now and in the past, and how their functional framework might adequately translate into a digital context in order to attract them to new working modes.  Furthermore, this kind of activity needs to be an integral part of a research infrastructure, otherwise the infrastructure runs the risk of becoming a static environment rather than a dynamically evolving one that corresponds to ongoing and dynamic research needs.</p>
 
<p>John Unsworth (2000) conceptualized “scholarly primitives” as basic functions which are common to any scholarly activity in the humanities independent of discipline, theoretical orientation, or era. He suggested seven recursive and interrelated scholarly primitives &#8212;discovering, annotating, comparing, referring, sampling, illustrating, and representing &#8212; which he saw as the basis for tool-building enterprises for the Digital Humanities. Since then, Unsworth’s scholarly primitives have been often utilized and further revised.</p>
 
<p>As John Unsworth (2011) acknowledged in an interview almost a decade later, his list of scholarly primitives is not definitive. Subsequent research shows that there is no agreement on the exact definition or scope of scholarly primitives. However, the approach of using scholarly primitives or similar concepts proved to be a valuable and accepted means of structuring and conceptualizing the scholarly domain or aspects of it. Therefore we decided to use Unsworth’s conceptualization of scholarly primitives as a starting point for our own Scholarly Domain Model. In our model, however, the scholarly primitives represent some of the most generic humanistic functions which are further broken down into more granular sub-functions which resemble scholarly activities.</p>
 
 
<p>Our research is part of web of scholarship currently being carried out within research infrastructure projects to link researchers’ processes closer to the development of services and techniques (examples include Europeana Research Cloud and DARIAH’s VCC2). Our contribution is a systematic investigation into how we can model primary research activities embracing the assumption that understanding what John Unsworth had originally proposed in terms of “scholarly primitives” more than a decade ago is central to any such approach at modelling the digital scholarly domain.</p>
 
<p>This paper will examine how deeper modelling of research processes in the humanities could inform the development of tools to enhance and augment scholarship. In particular we will focus on models of how students and scholars conduct research can be used to inform tool development, particularly in the area of text-based scholarship (both of primary texts and metadata), focusing primarily on transcription, translation, annotation and curation.</p>
 
<p>Furthermore, our models will be enriched by ontological models which enable scholarly functions. Therefore, the aim is not only to provide a framework for categorizing and assessing tools for the Digital Humanities but also to formalize the model into a computational model in order to capture research activity and thereby also validate our Scholarly Domain Model.</p>
 
<p>Our Scholarly Domain model will go beyond <hi rend="italic">categorizing</hi> tools to create a formal model of interrelated research primitives and functions in order to implement operational scenarios in DM2E (see below). But, the one fundamental difference is the fact that our model is explicitly geared towards a web context, to linked data environments, as the future platforms of scholarly communication and collaboration. As a consequence it uses RDF, RDFS and OWL as “glue” in an effort to ontologically formalize the primitives and their attributes as well as the relations that can be established in such an environment.</p>
 
<p>Our research is being carried out within the EU-funded DM2E<ref target="n01">1</ref> project and its sister projects, which includes the development of a digital humanities collaboration environment, and the development of best of breed semantic sampling and annotation tools such as Korbo<ref target="n02">2</ref>  and Pundit<ref target="n03">3</ref> (originating from the SemLib project<ref target="n04">4</ref>). We will also share results of the JISC-funded TEXTUS<ref target="n05">5</ref>  project which has objectives similar to those of DM2E,  but extends the semantic annotation functionality into a shared citation and referencing system. And lastly, we will include the perspective of the “Virtual and Real Architecture of Knowledge”<ref target="n06">6</ref> activity within the “Image, Knowledge, Gestaltung” excellency cluster funded by DFG.</p>
 
<p>Among other objectives, one of the main goals of the DM2E project is to “work with digital humanities scholars and specialized application developers to explore usage scenarios of the content provided to Europeana in a specialised environment for humanities research generating digital heuristics and making data as well as heuristics available to specialised visualisation or reasoning environments”. The results of DM2E are intended to contribute to emerging distributed, interactive production and processing environments that go well beyond traditional working paradigms in the scholarly culture of the humanities.</p>
</div>

</body>

<back>
<div type="References">
<listBibl>
 
<bibl><hi rend="bold">Anderson, S., T. Blanke, and S. Dunn</hi> (2010). Methodological commons: arts and humanities e-Science fundamentals. In: <hi rend="italic">Philosophical Transactions of the Royal Society A: Mathematical, Physical and Engineering Sciences</hi>. <hi>368</hi>. 19-25.</bibl>

<bibl><hi rend="bold">Atkins, D. E., et al.</hi> (2003). Revolutionizing Science and Engineering Through Cyberinfrastructure. <hi rend="italic">Report of the National Science Foundation Blue-Ribbon Advisory Panel on Cyberinfrastructure. </hi><ref type="url" target="http://www.nsf.gov/od/oci/reports/atkins.pdf">http://www.nsf.gov/od/oci/reports/atkins.pdf</ref></bibl>

<bibl><hi rend="bold">Bamboo.</hi> (2010). Project Bamboo Scholarly Practice Report. Retrieved from <ref type="url" target="http://www.projectbamboo.org/wp-content/uploads/Project-Bamboo-Scholarly-Practices-Report.pdf">http://www.projectbamboo.org/wp-content/uploads/Project-Bamboo-Scholarly-Practices-Report.pdf</ref></bibl>

<bibl><hi rend="bold">Benardou, A., P. Constantopoulos, C. Dallas, and D. Gavrilis</hi> (2010). A Conceptual Model for Scholarly Research Activity. iConference 2010. Retrieved from <ref type="url" target="https://www.ideals.illinois.edu/handle/2142/14945">https://www.ideals.illinois.edu/handle/2142/14945</ref></bibl>

<bibl><hi rend="bold">Blanke, T., and M. Hedges</hi> (2011a). Scholarly primitives: Building institutional infrastructure for humanities e-Science. <hi rend="italic">Future Generation Computer Systems</hi>. doi:10.1016/j.future.2011.06.006</bibl>

<bibl><hi rend="bold">Blanke, T., M. Bryant, M. Hedges, A. Aschenbrenner, and M. Priddy</hi> (2011b). Preparing DARIAH. In IEEE 7th International Conference on e-Science, 2011.</bibl>

<bibl><hi rend="bold">Bush, V.</hi> As We May Think. <hi rend="italic">Atlantic Magazine</hi> (July 1945). <ref type="url" target="http://www.theatlantic.com/magazine/archive/1945/07/as-we-may-think/303881/">http://www.theatlantic.com/magazine/archive/1945/07/as-we-may-think/303881/</ref>.</bibl>

<bibl><hi rend="bold">Gradmann, S., and J. C. Meister</hi> (2008). Digital document and interpretation: re-thinking “text” and scholarship in electronic settings. <hi rend="italic">Poiesis Praxis</hi>. 5(2). doi:10.1007/s10202-007-0042-y</bibl>

<bibl><hi rend="bold">Rockwell, G. </hi> (2010). As Transparent as Infrastructure: On the research of cyberinfrastructure in the humanities. Retrieved from the Connexions Web site: <ref type="url" target="http://cnx.org/content/m34315/1.2/">http://cnx.org/content/m34315/1.2/</ref></bibl>

<bibl><hi rend="bold">Schraefel, M. C.</hi> (2007). What is an Analogue for the Semantic Web and Why is Having One Important? Manchester: ACM Hypertext 2007. Retrieved from <ref type="url" target="http://eprints.soton.ac.uk/264274/1/schraefelSWAnalogueHT07pre.pdf">http://eprints.soton.ac.uk/264274/1/schraefelSWAnalogueHT07pre.pdf</ref></bibl>

<bibl><hi rend="bold">Unsworth, J.</hi> (2000). Scholarly Primitives: what methods do humanities researchers have in common, and how might our tools reflect this? <hi rend="italic">Symposium on Humanities Computing formal methods experimental practice</hi>. Retrieved from <ref type="url" target="http://www3.isrl.illinois.edu/~unsworth/Kings.5-00/primitives.html">http://www3.isrl.illinois.edu/~unsworth/Kings.5-00/primitives.html</ref></bibl>

<bibl><hi rend="bold">Unsworth, J., et al.</hi> (2006). Our Cultural Commonwealth. Report of the American Council of Learned Societies Commission on Cyberinfrastructure for the Humanities and Social Sciences. Retrieved from <ref type="url" target="http://www.acls.org/cyberinfrastructure/cyber.htm">http://www.acls.org/cyberinfrastructure/cyber.htm</ref></bibl>

<bibl><hi rend="bold">Unsworth, J., and C. Tupman</hi> (2011). Interview with John Unsworth, April 2011, carried out and transcribed by Charlotte Tupman. In: Deegan, M. und W. McCarty (Hg.): <hi rend="italic">Collaborative research in the digital humanities</hi>. Farnham: Ashgate. </bibl>

</listBibl>
</div>

<div type="Notes">
<note xml:id="n01"> <ref type="url" target="http://dm2e.eu/">http://dm2e.eu/</ref></note>
<note xml:id="n02">  <ref type="url" target="http://dm2e.eu/">http://dm2e.eu/</ref></note>
<note xml:id="n03">  <ref type="url" target="http://thepund.it/">http://thepund.it/</ref></note>
<note xml:id="n04">  <ref type="url" target="http://thepund.it/">http://thepund.it/</ref></note>
<note xml:id="n05">  <ref type="url" target="http://textusproject.org/">http://textusproject.org/</ref></note>
<note xml:id="n06">  <ref type="url" target="http://www.interdisciplinary-laboratory.hu-berlin.de/en/Virtual-and-Real-Architecture-of-Knowledge">http://www.interdisciplinary-laboratory.hu-berlin.de/en/Virtual-and-Real-Architecture-of-Knowledge</ref></note>


</div>


</back>
</text>
</TEI>

