<?xml version="1.0" encoding="UTF-8"?>

<?oxygen RNGSchema="http://jetson.unl.edu/cdrh/schemas/tei_all.rng" type="xml"?>
<TEI xmlns="http://www.tei-c.org/ns/1.0" xml:id="ab-215">
    
<teiHeader>
<fileDesc>
<titleStmt>
<title>DH@WIT: Digital Humanities for Undergraduate Design, Engineering, and Management Students</title>
<author>
<name><surname>Gleason</surname>, <forename>Christopher Scott</forename></name>
<affiliation>Wentworth Institute of Technology, United States of America</affiliation>
<email>gleasonc@wit.edu</email>
</author>   
</titleStmt>
<publicationStmt>
<authority></authority>
<publisher>University of Nebraska-Lincoln</publisher>
<distributor>
<name>Center for Digital Research in the Humanities</name>
<address>
<addrLine>319 Love Library</addrLine>
<addrLine>University of Nebraska&#8211;Lincoln</addrLine>
<addrLine>Lincoln, NE 68588-4100</addrLine>
<addrLine>cdrh@unlnotes.unl.edu</addrLine>
</address>
</distributor>
<pubPlace>Lincoln, Nebraska</pubPlace> 
<address>
<addrLine>University of Nebraska-Lincoln</addrLine>
<addrLine>Lincoln, NE 68588-4100</addrLine>
</address>
<availability>
<p></p>
</availability>
</publicationStmt>
    
<notesStmt><note type="abstract">The Department of Humanities and Social Sciences at Wentworth Institute of Technology is currently working to develop and promote a digital humanities-inflected undergraduate curriculum. Unlike more traditional humanities programs, we are using digital humanities to prepare students for careers outside of academia. We are already a technology and design based institution immersed in a studio/lab-based culture, so, whereas most institutions with an interest in DH tend to bring technology to humanities, we are bringing humanities to technology. The proposed poster presentation will highlight the aspects of DH@WIT that we consider to be unique.</note></notesStmt>    
    
<sourceDesc>
<p>No source: created in electronic format.</p>
</sourceDesc>
</fileDesc>
    
<profileDesc>
<textClass>
<keywords scheme="original" n="category">
<term>Poster</term>
</keywords><keywords scheme="original" n="subcategory">
<term></term>
</keywords>
<keywords scheme="original" n="keywords">
<term>Pedagogy</term>
<term>Curriculum</term>
<term>Undergraduate</term>
<term>#Alt-academics</term>
<term>Interdisciplinary</term>
                    
</keywords>
<keywords scheme="original" n="topic">
<term>digital humanities &#8212; institutional support</term>
<term>digital humanities &#8212; pedagogy and curriculum</term>
              
</keywords>
</textClass>
</profileDesc>
    
<revisionDesc><change>
<date when="2013-03-29"></date>
<name>Erin Pedigo</name>
<desc>Initial encoding</desc>
</change>
</revisionDesc>
</teiHeader>
    
<text type="paper">
<body>
<div> 
    
    <p>Wentworth Institute of Technology (WIT), an independent, co-educational, technical design and engineering college located in Boston, Massachusetts, offers a comprehensive interdisciplinary, project-based education that integrates classroom, laboratory, studio, cooperative and experiential learning.  Our department of Humanities and Social Sciences (HUSS) is currently working to develop and promote a digital humanities-inflected undergraduate curriculum. Unlike more traditional humanities programs, we are using digital humanities to prepare students for careers <hi rend="italic">outside</hi> of academia. The proposed poster presentation will highlight the aspects of DH@WIT that we consider to be unique.</p>
    <p>We are already a technology and design based institution immersed in a studio/lab-based culture, so, whereas most institutions with an interest in DH tend to bring technology to humanities, we are <hi rend="italic">bringing humanities to technology.</hi></p>
    <p>Our department is already highly interdisciplinary and collaborative (with faculty offering courses in Literature, Art History, Film, Music, Philosophy, History, Psychology, Sociology, Political Science, Economics, Cultural Studies, and Communications), and thus we are not hampered by disciplinary boundaries that exist at many other institutions.</p>
    <p>In collaboration with our Office of Institutional Research, we have, to date, commissioned three feasibility studies from the Hanover Research Group:  <hi rend="bold"><hi rend="italic">New Media Programs in the Liberal Arts</hi></hi> (an initial industry survey of institutions that have led the way nationally in incorporating the study of new media into traditional higher education); <hi rend="bold"><hi rend="italic">Market Analysis for a BS in Digital Humanities</hi></hi> (a report analyzing the market for a bachelor’s degree program in digital humanities); and <hi rend="bold"><hi rend="italic">Job Opportunities for Digital Humanities Program Graduates</hi></hi> (which analyzes occupational demand for DH graduates in related industries, builds profiles of relevant positions in related industries, lists relevant local employers, examines the educational and work experience of current professionals with a professed interest in DH, and surveys the sponsored funding environment for DH programs).</p>
    <p>Our research suggests that DH graduates with a strong background in computer application design and programming are likely to have the best prospects for a job outside of academia. A more tech-training-oriented program would also align well with W.I.T.’s other institutional offerings. Including training in advanced technical skills such as graphic design or computer engineering, the DH@WIT curriculum offers significant advantages to students entering the workforce because their interests and skills are applicable to many opportunities in a wide range of industries. Overall, nationwide employment for occupations directly related to DH degree programs appears to be growing steadily. Thus, we are proposing a new degree program at Wentworth: a <hi>Bachelor of <hi rend="italic">Science</hi> in Digital Humanities.</hi> This would be an interdisciplinary program of study that combines theoretical and practical courses, with the goal of educating new digital and media specialists for the growing knowledge and information economy. Such a program would provide students with a multi-disciplinary foundation in visual and digital literacy and competency.</p>
    <p>Because the nature of DH work is applied and project-based, students in the BS program will have hands-on training in studio-based classes, in addition to the theoretical, critical, social, and ethical contexts for thinking about the making, and critique, of new knowledge through Digital Humanities/New Media research and applications. Learning outcomes will include digital literacy, visual literacy, rhetorical competence (visual and verbal), cultural awareness, creative self-direction, and intellectual curiosity.</p>
    <p>A BS in Digital Humanities will include a cooperative education (co-op) requirement. Wentworth offers one of the most comprehensive co-op programs of its kind in the nation. The experience complements traditional classroom learning with a chance to build important skills and professional connections. Co-op experiences are directly related to our students’ fields of study. Students earn income and do not pay tuition during co-op terms. This kind of co-op opportunity is rare for an undergraduate program in humanities.</p>
    <p>DH@WIT is conceived as our own unique response to the "two cultures" problem noted by Thomas Bartscherer in his introduction to <hi rend="italic">Switching Codes: Thinking Through Digital Technology in the Humanities and the Arts:</hi> "an attempt to bring scholars and artists into more robust dialogue with computer scientists and programmers"(2).  We will prepare our students to serve as cultural-technological inter<hi rend="italic">media</hi>ries. </p>
</div>

</body>
    
<back>
<div type="References">
<listBibl>
    
<bibl><hi rend="bold">Bartscherer, T., and R. Coover</hi> (2011). Switching Codes: Thinking Through Digital Technology in the Humanities and the Arts. Chicago: University of Chicago Press.</bibl>
    
<bibl><hi rend="bold"><hi rend="italic">Job Opportunities for Digital Humanities Program Graduates.</hi></hi> Hanover Research Group. Washington, DC. July 2012.</bibl>
    
<bibl><hi rend="bold"><hi rend="italic">Market Analysis for a BS in Digital Humanities.</hi></hi> (2011). Hanover Research Group. Washington, DC. September.</bibl>
    
<bibl><hi rend="bold"><hi rend="italic">New Media Programs in the Liberal Arts.</hi></hi> (2011). Hanover Research Group. Washington, DC.  February.</bibl>
    
</listBibl>
</div>
</back>
</text>
</TEI>
   
    
    