<?xml version="1.0" encoding="UTF-8"?>

<?oxygen RNGSchema="http://jetson.unl.edu/cdrh/schemas/tei_all.rng" type="xml"?>
<TEI xmlns="http://www.tei-c.org/ns/1.0" xml:id="ab-272">
    
<teiHeader>
<fileDesc>
<titleStmt>
<title>The Textual Communities Transcription workspace: a poster and demonstration</title>
<author>
<name><surname>Nelson</surname>, <forename>Brent</forename></name>
<affiliation>University of Saskatchewan, Canada</affiliation>
<email>brent.nelson@usask.ca</email>
</author>
<author>
<name><surname>Klaassen</surname>, <forename>Frank</forename></name>
<affiliation>University of Saskatchewan, Canada</affiliation>
<email>frank.klaassen@usask.ca</email>
</author>
<author>
<name><surname>Robinson</surname>, <forename>Peter</forename></name>
<affiliation>University of Saskatchewan, Canada</affiliation>
<email>peter.robinson@usask.ca</email>
</author>
</titleStmt>
<publicationStmt>
<authority></authority>
<publisher>University of Nebraska-Lincoln</publisher>
<distributor>
<name>Center for Digital Research in the Humanities</name>
<address>
<addrLine>319 Love Library</addrLine>
<addrLine>University of Nebraska&#8211;Lincoln</addrLine>
<addrLine>Lincoln, NE 68588-4100</addrLine>
<addrLine>cdrh@unlnotes.unl.edu</addrLine>
</address>
</distributor>
<pubPlace>Lincoln, Nebraska</pubPlace> 
<address>
<addrLine>University of Nebraska-Lincoln</addrLine>
<addrLine>Lincoln, NE 68588-4100</addrLine>
</address>
<availability>
<p></p>
</availability>
</publicationStmt>
    
<notesStmt><note type="abstract">This poster will present the beta version of the Textual Communities transcription tool, describing its underlying principles, its innovative structure, and its functionality. As its name suggests, the Textual Communities tool is designed for gathering and organizing multiple participants around a common editorial project. It is built on a data structure that uses RDF files built on the FRBR ontology to identify and relate the produced transcriptions (“texts”), the exemplars they derived from (“documents,” usually in the form of a digital image of a particular witness), and the intellectual construct they instantiate (the “work,&quot; or our preferred term, &quot;entity&quot;).</note></notesStmt>
    
<sourceDesc>
<p>No source: created in electronic format.</p>
</sourceDesc>
</fileDesc>
    
<profileDesc>
<textClass>
<keywords scheme="original" n="category">
<term>Poster</term>
</keywords>
<keywords scheme="original" n="subcategory">
<term></term>
</keywords>
<keywords scheme="original" n="keywords">
<term>transcription</term>
<term>tool</term>
<term>software</term>
</keywords>
<keywords scheme="original" n="topic">
<term>archives</term>
<term>repositories</term>
<term>sustainability and preservation</term>
<term>literary studies</term>  
<term>ontologies</term>
<term>scholarly editing</term>
<term>text generation</term>
<term>xml</term>
<term>bibliographic methods/textual studies</term>
<term>crowdsourcing</term>
                
</keywords>
</textClass>
</profileDesc>
    
<revisionDesc>
<change>
<date when="2013-03-29"></date>
<name>Erin Pedigo</name>
<desc>Initial encoding</desc>
</change>
</revisionDesc>
</teiHeader>
    
<text type="paper">
<body>
<div>
    
    <p>This poster will present the beta version of the Textual Communities transcription tool, describing its underlying principles, its innovative structure, and its functionality.</p>
    <p>Study of literary works that exist in many different forms is one of the most important and difficult tasks in the humanities.  The number of forms a work may have—eighty-four fifteenth-century manuscripts and printed texts of Chaucer’s <hi rend="italic">Canterbury Tales,</hi> more than eight hundred manuscripts of Dante’s <hi rend="italic">Comedia,</hi> and five thousand manuscripts of the Greek New Testament &#8212; is both testimony to their significance and a challenge to scholars. In order to understand these texts and how they relate, we have to discover as much as we can of how they came to be written and disseminated. Only then can we seek to establish how they might best be read and prepare texts (in the form of scholarly editions) for scholars to use.</p>
    <p>The work of building archives of primary materials for this kind of work is daunting and prohibitive in the old lone scholar method. At the same time that scholars working on large editing projects have opted for a team approach, several projects internationally have demonstrated the tantalizing possibilities of crowd-sourcing for processing large amounts of textual data. The challenge it to coordinate this work in a way that produces high-quality, useful results.</p>
    <p>The work of building archives of primary materials for this kind of work is daunting and prohibitive in the old lone scholar method. At the same time that scholars working on large editing projects have opted for a team approach, several projects internationally have demonstrated the tantalizing possibilities of crowd-sourcing for processing large amounts of textual data. The challenge it to coordinate this work in a way that produces high-quality, useful results.</p>
<p>The Textual Communities workspace is a tool, in the first instance, for defining, transcribing, and linking textual materials for a digital archive or edition and for marshaling and managing a community of participants with an array of community building tools.  </p>
    <p>There are many transcription tools under development and a few that are already functional. There are three defining features that make this tool different than the rest: its integrated participant and document management systems, and its mapping of fundamental document-entity structure. These features correspond to two underlying principles: that the work of amassing large corpora of textual materials is best accomplished by a well-managed community of interested participants from within, but also potential from outside the academy; and that for the resulting materials to be useful, their relationships must be clearly articulated.</p>
    <p>As its name suggests, the Textual Communities tool is designed for gathering and organizing multiple participants around a common editorial project. It supports a wide range of relational structures, from a carefully crafted team to ad hoc community built on crowd-sourcing. Crucially, it enables definition of roles in the project with varying degrees of access to project materials, and authority to do the work of pressing these materials, and oversight over other participants. It is also built on a data structure that uses RDF files built on the FRBR ontology to identify and relate the produced transcriptions (“texts”), the exemplars they derived from (“documents,” usually in the form of a digital image of a particular witness), and the intellectual construct they instantiate (the “work," or our preferred term, "entity"). Thus anyone interested in John Donne’s poem “The Good Morrow” will find various “texts” (transcriptions) of this work as found in the extant “documents” (the poem as it is found in each of the manuscripts and printed books that contain it).</p>
    <p>The tool itself enables uploading of digital images of primary documents in jpeg, tiff, or pdf, and linkage of these images with a transcription space. The user supplies information for each document, which produces an RDF file that defines the text that is to be transcribed and its relationship to the source <hi rend="italic">document</hi> and <hi rend="italic">entity.</hi> The user also defines the structure of the document, which is rendered behind the visible transcription in TEI conformant XML. The transcription area, which is automatically linked to the source image, can also support any XML markup that is desired or required for intelligent transcription of the source document.</p>
    <p>This open-source tool will be freely available free of charge for use and adaptation by anyone anywhere.  Development of this tool is funded by a generous grant from the Canadian Foundation for Innovation with the support of the Digital Research Centre at the University of Saskatchewan.</p>
    <p>This poster will be accompanied by a live demonstration of the transcription workspace.</p>
</div>
</body>
</text>
</TEI>    
    
    
    