<?xml version="1.0" encoding="UTF-8"?>

<?oxygen RNGSchema="http://jetson.unl.edu/cdrh/schemas/tei_all.rng" type="xml"?>
<TEI xmlns="http://www.tei-c.org/ns/1.0" xml:id="ab-243">
    
<teiHeader>
<fileDesc>
<titleStmt>
<title>Reverse Image Lookup, Paintings, Digitisation, Reuse</title>
<author>
<name><surname>Kirton</surname>, <forename>Isabella</forename></name>
<affiliation>University College London,  Information Studies, United Kingdom</affiliation>
<email>kirton134@googlemail.com</email>
</author>   
<author>
<name><surname>Terras</surname>, <forename>Melissa</forename></name>
<affiliation>University College London,  Information Studies, United Kingdom</affiliation>
<email>m.terras@ucl.ac.uk</email>
</author>   
</titleStmt>
<publicationStmt>
<authority></authority>
<publisher>University of Nebraska-Lincoln</publisher>
<distributor>
<name>Center for Digital Research in the Humanities</name>
<address>
<addrLine>319 Love Library</addrLine>
<addrLine>University of Nebraska&#8211;Lincoln</addrLine>
<addrLine>Lincoln, NE 68588-4100</addrLine>
<addrLine>cdrh@unlnotes.unl.edu</addrLine>
</address>
</distributor>
<pubPlace>Lincoln, Nebraska</pubPlace> 
<address>
<addrLine>University of Nebraska-Lincoln</addrLine>
<addrLine>Lincoln, NE 68588-4100</addrLine>
</address>
<availability>
<p></p>
</availability>
</publicationStmt>
            
<notesStmt><note type="abstract">We present a pilot study which tracked a sample of images from The National Gallery, London, to establish where they were reused on other webpages. In doing so, we assessed the current methods available for applying Reverse Image Lookup, establishing how useful it can be to the cultural and heritage sectors.</note></notesStmt>          
<sourceDesc>
<p>No source: created in electronic format.</p>
</sourceDesc>
</fileDesc>
        
<profileDesc>
<textClass>
<keywords scheme="original" n="category">
<term>Poster</term>
</keywords><keywords scheme="original" n="subcategory">
<term></term>
</keywords>
<keywords scheme="original" n="keywords">
<term>Reverse Image Lookup</term>
<term>Paintings</term>
<term>Digitisation</term>
<term>Reuse</term>
                       
</keywords>
<keywords scheme="original" n="topic">
<term>art history</term>
<term>digitisation</term>
<term>resource creation, and discovery</term>
<term>user studies/user needs</term>
<term>digitisation &#8212; theory and practice</term>
                    
</keywords>
</textClass>
</profileDesc>
        
<revisionDesc><change>
<date when="2013-03-29"></date>
<name>Erin Pedigo</name>
<desc>Initial encoding</desc>
</change>
</revisionDesc>
</teiHeader>
    
<text type="paper">
<body>
<div>
<div> 
    
    <p>Once digital images of cultural and heritage material are digitized and placed online, how can we tell if they are copied, disseminated, and reused? This poster explores Reverse Image Lookup (RIL) technologies &#8212; usually used to identify unlicensed reuse of commercial photography &#8212; to help in assessing the impact of digitized content. We report on a pilot study which tracked a sample of images from The National Gallery, London, to establish where they were reused on other webpages. In doing so, we assessed the current methods available for applying RIL, establishing how useful it can be to the cultural and heritage sectors.</p>
    <p>RIL technologies are those which allow you to track and trace image reuse online. The main commercial service, TinEye, available since 2008, finds ‘exact and altered copies of the image you submit, including those that have been cropped, colour adjusted, resized, heavily edited or slightly rotated’ (TinEye, n.d). Since 2007, Google Image Search has also provided a free service which can find similar images across the Internet. Can these tools provide a useful method for tracking reuse of images of paintings once they are placed online? Kousha et al (2010) published a pioneering study which assessed ‘image reuse value’ of academic scientific images. We believe ours is the first systematic study to use RIL to look at digitized heritage content.</p>
    <p>We choose two samples of paintings from the National Gallery: all paintings held in Room 34 entitled ‘Great Britain 1750-1850’, containing 26 paintings by 9 artists, just over 1% of their total number holdings (National Gallery, n.d.). We also created a random sample of 6 paintings, from different artistic periods and of varying levels of fame. We analysed the dissemination of these images using TinEye and Google Image Search, using Content Analysis (White and Marsh 2006) to discover the contexts for image reuse.</p>
    <p>We then triangulated findings using web access statistics from the National Gallery’s Google Analytics account, and from the commercial ISP analysis firm Hitwise. Our results show that the most popular paintings (by access) are the most commonly used elsewhere, but we also uncover a feedback loop which proves dissemination of images online provides direct traffic back to the National Gallery’s website. Our content analysis also provides a qualitative analysis of types of image reuse, such as commercial art publishers, blogs, reviews, tourism, image collections, encyclopaedias, other museum websites, DVD cover images, and beyond. We demonstrate that type and volume of image reuse is both subject and artist specific.</p>
    <p>This study has allowed us to establish what motivates image reuse in a digital environment. We recommend a framework for data collection that could be used by other organisations. However, we also show that there are limitations to the information that can be gleaned from a study of this kind, due to the problematic implementation of the RIL tools which were not designed for this sector.</p>
</div>

<div>
<head>Acknowledgments</head>    
    
    <p>We thank Charlotte Sexton, Melissa Naylor, and Matt Terrington from the National Gallery, and Mike Tovell from Hitwise.</p>
    
</div>
</div>
</body>
    
<back>
<div type="References">
<listBibl>
    
<bibl><hi rend="bold">Kousha, K., M. Thelwall, and S. Rezaie</hi> (2010). Can the Impact of Scholarly Images be Assessed Online? An Exploratory Study Using Image Identification Technology. <hi rend="italic">Journal of the American Society for Information Science and Technology,</hi> 61(9): 1734</bibl>
    
<bibl><hi rend="bold">The National Gallery</hi>, ‘Room 34’ <ref type="url" target="http://www.nationalgallery.org.uk/visiting/floorplans/level- 2/room-34">http://www.nationalgallery.org.uk/visiting/floorplans/level- 2/room-34</ref> (accessed 12 February 2012.</bibl>
    
<bibl><hi rend="bold">TinEye</hi>, (n.d.) “Frequently Asked Questions”. <ref type="url" target="http://www.tineye.com/faq">http://www.tineye.com/faq</ref> (accessed 26 September 2011.) </bibl>
    
<bibl><hi rend="bold">Domas White, M. and E. E. Marsh</hi> (2006). Content Analysis: A Flexible Methodology <hi rend="italic">Library Trends</hi> 55(1): 23-4.</bibl>
    
</listBibl>
</div>
</back>
</text>
</TEI> 
                