<?xml version="1.0" encoding="UTF-8"?>

<?oxygen RNGSchema="http://jetson.unl.edu/cdrh/schemas/tei_all.rng" type="xml"?>
<TEI xmlns="http://www.tei-c.org/ns/1.0" xml:id="ab-230">
    
<teiHeader>
<fileDesc>
<titleStmt>
<title>Beyond the Scanned Image: A Needs Assessment of Faculty Users of Digital Collections</title>
<author>
<name><surname>Green</surname>, <forename>Harriett Elizabeth</forename></name>
<affiliation>University of Illinois at Urbana-Champaign, United States of America</affiliation>
<email>green19@illinois.edu</email>
</author>                
<author>
<name><surname>Saylor</surname>, <forename>Nicole</forename></name>
<affiliation>University of Iowa, United States of America</affiliation>
<email>nicole-saylor@uiowa.edu </email>
</author>             
<author>
<name><surname>Courtney</surname>, <forename>Angela</forename></name>
<affiliation>Indiana University at Bloomington, United States of America</affiliation>
<email>ancourtn@indiana.edu</email>
</author>
</titleStmt>
<publicationStmt>
<authority></authority>
<publisher>University of Nebraska-Lincoln</publisher>
<distributor>
<name>Center for Digital Research in the Humanities</name>
<address>
<addrLine>319 Love Library</addrLine>
<addrLine>University of Nebraska&#8211;Lincoln</addrLine>
<addrLine>Lincoln, NE 68588-4100</addrLine>
<addrLine>cdrh@unlnotes.unl.edu</addrLine>
</address>
</distributor>
<pubPlace>Lincoln, Nebraska</pubPlace> 
<address>
<addrLine>University of Nebraska-Lincoln</addrLine>
<addrLine>Lincoln, NE 68588-4100</addrLine>
</address>
<availability>
<p></p>
</availability>
</publicationStmt>
    
<notesStmt><note type="abstract">This paper presents the results of a needs assessment of humanities faculty at twelve research institutions that examined the scholars’ use of digital collections and surveyed scholars about enhanced functionalities to digital collections that would add value to scholars’ research workflows. The authors analyze how the needs assessment data to explore how scholars prioritize curation and discovery in digital collections, desired functionalities in digital collections that could advance scholarship, and potential best practices for libraries and institutions building digital collections.</note></notesStmt>          
<sourceDesc>
<p>No source: created in electronic format.</p>
<p>
<date when="20130718"></date>
<time when="13:30:00"></time>
</p>
<p n="session">SP12</p>
</sourceDesc>
</fileDesc>
    
<profileDesc>
<textClass>
<keywords scheme="original" n="category">
<term>Paper</term>
</keywords>
<keywords scheme="original" n="subcategory">
<term>Short Paper</term>
</keywords>
<keywords scheme="original" n="keywords">
<term>digital_libraries</term>
<term>user studies</term>
<term>libraries</term>
                
</keywords>
<keywords scheme="original" n="topic">
<term>archives</term>
<term>repositories</term>
<term>sustainability and preservation</term>
<term>interface and user experience design</term>  
<term>digitisation</term>
<term>resource creation,and discovery</term>
<term>user studies/user needs</term>
                
</keywords>
</textClass>
</profileDesc>
    
<revisionDesc>
<change>
<date when="2013-03-29"></date>
<name>Erin Pedigo</name>
<desc>Initial encoding</desc>
</change>
</revisionDesc>
</teiHeader>
    
<text type="paper">
<body>
<div>   
<head>Introduction</head>
    
    <p>The plethora of digital collections now available to humanities scholars &#8212; such as the William Blake Archive or the Civil Rights Digital Library&#8212; prompt us to ask critical questions concerning the next stage of humanities scholarship: How well are digital collections meeting the research needs of scholars? And how should digital collections evolve to sustain and strengthen their value to digital humanities research? This paper presents the results of a study of humanities faculty at twelve research institutions that surveyed scholars on their use of digital collections and types of additional functionalities they thought digital collections needed for scholarly research. This study specifically focuses on the structural functionalities in digital collections for which libraries have expertise, such as metadata, information retrieval, and other issues surrounding access and communications.</p>
</div>

<div>
<head>Background</head>    

    <p>Digital collections are defined in this study as dynamic and coherent aggregations of thematic digital content that provide a “dense unit for exploration or study” (Palmer 2004; Palmer, et al. 2010). Humanities scholars’ use of digital resources has been explored a number of studies during the past several decades. Early studies by Gilmore and Case (1993), Duff and Cherry  (2000), and Bates (1993, 1996) among others, analyzed how humanities scholars incorporated early electronic resources into their research.  User studies such as those by Brockman et al. (2001), Spiro and Segal (2005), and Warwick et al. (2008) have examined how humanities researchers incorporate digital materials into their workflows and Sukovic (2008, 2011) has analyzed the usage patterns of electronic texts by humanities scholars.</p>
    <p>The effectiveness of digital collections for scholarly use has been the focus of several recent studies, including Proffitt and Schaffner (2008), Bulger et al. (2011), and Meyers’ study (2011)that led to the development of Toolkit for the Impact of Digitised Scholarly Resources (TIDSR). Thus there is an emerging and rapidly expanding body of research that examines the use and structure of digital collections. Little, however, has been written on functionalities of digital collections for research needs.</p>
</div>

<div>
<head>Needs Assessment Study</head>
    
    <p>The study presented here consisted of a survey distributed to English and History faculty at twelve research universities, and interviews conducted with fine arts and performing arts faculty at the same research universities.  The faculty were identified and recruited for the study with the assistance of librarians and academic technologists at the institutions. The survey was distributed to a randomly selected one-third of the faculty members in the English and History departments at each institution, and was conducted from October 2011 through February 2012. Interviews were conducted from January 2012 through August 2012 via email and telephone, and a random one-third of faculty members from fine arts departments were recruited for interviews. Both the survey and interviews asked respondents to describe their research work with digital collections, the benefits and disadvantages of digital materials, and functionalities that would improve digital collections for scholarly research. Survey respondents were provided with this precise definition of digital collections as curated collections and asked if they used this type of digital resource. Respondents who answered “Yes” continued the survey, while those who answered “No” were taken to the end of the survey.</p>
    <p>The quantitative survey responses were analyzed in Excel for statistical percentages. The open-ended survey responses and qualitative interview data were hand coded for themes, and then automated coding was applied with the ATLAS.ti software. In the analyses of these gathered responses from humanities scholars, this paper asks: How do scholars incorporate digital collections into their research? What do digital collections do well and what functionalities are needed in them?</p>
    <p>Two primary needs emerged in the scholars’ responses: sustained access and discovery of digital collections, and the ability to mix and reuse digital materials. These needs map to the issues of digital curation and interoperability, which will be explored in-depth in this paper.</p>
</div>
    
<div>    
<head type="sub">Curation</head>
    
    <p>Among survey respondents, the most frequently used materials were texts at 100 percent and images at 94 percent, followed by maps at 58 percent, video at 42 percent, and audio at 39 percent. For all of these materials, curation was paramount.</p>
    <p>The responses on the requirements for preparing these materials for scholarly use corresponded to varying processes within the Data Curation Lifecycle (JISC, 2010). Respondents were asked to identify the most needed functionalities for collections of types of digital objects: texts, images, and multi-format media materials. For text collections, detailed metadata and provenance information were the most desirable features. Respondents also strongly expressed the importance of annotating texts, and access to the text files for analyses.  For collections of images, the most frequently identified functionality was the ability to download images, followed by the need for consistent, high quality images. Similarly strong responses were expressed for the availability of annotation and editing tools. One survey respondent noted, “The easier objects are to repurpose, remix, and reuse the better.”</p>
    <p>The interviewed respondents had similar needs for curation, citing content of collections as the most critical need. This included the temporal coverage of content, transcriptions, the inclusion of non-textual sources in collections, and access to broader content. Such steps for curation enable the discovery of content, and reveal to scholars the ways in which they can synthesize the digital materials together for scholarship. Yet synthesis also requires interoperability.</p>
</div>
    
<div>
<head type="sub">Interoperability</head>
    
    <p>Users also need digital collections that contain interoperable content that functionally facilitates the synthesis conducted by humanities scholars in their comparative examinations of digital materials. As noted in a study by Brockman et al. (2001), the research practices of humanities scholars prominently includes the gathering of sources from multiple collections, in order to create a customized corpus that enables them to explore particular research questions. As such digital collections need effective interoperability between collections’ content and metadata to support scholarly research, and the respondents in this study clearly expressed this need.</p>
    <p>In the survey and interviews, robust search tools across multiple digital collections were another strongly expressed need among interview and survey respondents. Search functionalities that were particularly valuable included keyword searching, faceted searching, previewing of files, and general browsing of all types of materials. Responses also identified the need for comprehensive metadata in digital collections to enable comparative analysis of collections’ content, particularly the identification of specific scholarly editions. The cross-collection use of digital materials results in remixing and reuse of materials for teaching and research, as one respondent explained that ideal digital collections allowed them to be “exporting files and creating my own text and visual files either for teaching or research purpose.”</p>
</div>

<div>
<head>Analysis</head>    
    
<p>The respondents’ expressed needs for digital curation and interoperability in digital collections highlight the imperative for libraries to re-evaluate their approach to building and enhancing digital collections. A number of recent studies &#8212; notably including the 2010 CLIR report <hi rend="italic">The Idea of Order: Transforming Research Collections for 21st Century Scholarship </hi>&#8212; argue for a dramatic shift in research libraries’ conceptualization of collections. This shift is marked by an active, user-centered perspective toward collections &#8212; both digital and physical. In particular, the principle of contextual mass (Palmer 2001, 2010), which prioritizes users’ research practices in determining collection content, is more imperative than ever in the development of digital collections. Thus as scholarly users demand greater functionality and reliability in digital collections, it is critical that libraries anchor the scope and functionality of their collections in the needs of users, and in doing so, begin establishing deeper research partnerships with users.</p>
</div>
    
<div>
<head>Conclusion</head>    
    
    <p>This study presents an initial exploration of the needs of researchers when using digital collections. While there are vast differences among the scholarly needs of individual researchers, this study begins to reveal that libraries must work to build collections that exist in a sustainable, networked and iterative environment, and that the content is responsive to the evolving needs for digital humanities research. The study not only reinforces the need for content providers such as libraries and museums to collaborate with humanities scholars when making curatorial decisions about digital collections, it also emphasizes the essential nature of this partnership in shaping digital collection development.</p>
</div>

</body>
    
<back>
<div type="References">
<listBibl>

<bibl><hi rend="bold">American Council of Learned Societies.</hi> (2006). <hi rend="italic">Our Cultural Commonwealth: The report of the ACLS Commission on Cyberinfrastructure for the Humanities and Social Sciences.</hi> New York: American Council of Learned Societies. <ref type="url" target="http://www.acls.org/uploadedFiles/Publications/Programs/Our_Cultural_Commonwealth.pdf">http://www.acls.org/uploadedFiles/Publications/Programs/Our_Cultural_Commonwealth.pdf</ref></bibl>
    
<bibl><hi rend="bold">Brockman, W. S., L. Neumann,  C. L. Palmer, and T. J. Tidline</hi> (2001). <hi rend="italic">Scholarly Work in the Humanities and the Evolving Information Environment.</hi> <hi>CLIR Publication 104</hi>. Washington, D.C.: Digital Library Federation and Council on Library and Information Resources. <ref type="url" target="http://www.clir.org/pubs/reports/pub104/contents.html">http://www.clir.org/pubs/reports/pub104/contents.html</ref></bibl>
    
<bibl><hi rend="bold">Bulger, M., E. T. Meyer, G. de la Flor, M. Terras, S. Wyatt, M. Jirotka, K. Eccles, and C. Madsen</hi> (2011). <hi rend="italic">Reinventing Research?: Information Practices in the Humanities. A Research Information Network Report.</hi> London: Research Information Network.</bibl>
    
<bibl><hi rend="bold">Council of Library and Information Resources.</hi> (2010). <hi rend="italic">The Idea of Order: Transforming Research Collections for 21st Century Scholarship.</hi> <hi>CLIR Publication No. 147.</hi> Washington, D.C.: Council of Library and Information Resources. <ref type="url" target="http://www.clir.org/pubs/reports/pub147/reports/pub147/pub147.pdf">http://www.clir.org/pubs/reports/pub147/reports/pub147/pub147.pdf</ref></bibl>
    
<bibl><hi rend="bold">Currall, J., M. Moss, and S. Stuart</hi> (2004). “What is a Collection?” <hi rend="italic">Archivaria</hi> 58: 131-146. <ref type="url" target="http://journals.sfu.ca/archivar/index.php/archivaria/article/view/12480/13594">http://journals.sfu.ca/archivar/index.php/archivaria/article/view/12480/13594</ref></bibl>
    
<bibl><hi rend="bold">Duff, W. M., and J. M. Cherry</hi> (2000). “Use of Historical Documents in a Digital World: Comparisons with Original Materials and Microfiche.” <hi rend="italic">Information Research</hi> <hi>6.1</hi>: <ref type="url" target="http://informationr.net/ir/6-1/paper86.html">http://informationr.net/ir/6-1/paper86.html</ref></bibl>
    
<bibl><hi rend="bold">Gilmore, M. B., and D. O. Case</hi> (1992). “Historians, books, computers, and the library.” <hi rend="italic">Library Trends</hi> <hi>40.4</hi>: 667-686. <ref type="url" target="https://www.ideals.illinois.edu/bitstream/handle/2142/7802/librarytrendsv40i4g_opt.pdf?sequence=1">https://www.ideals.illinois.edu/bitstream/handle/2142/7802/librarytrendsv40i4g_opt.pdf?sequence=1</ref></bibl>
    
<bibl><hi rend="bold">Meyer, E. T., Joint Information Systems Committee Report.</hi> (2011). <hi rend="italic">Splashes and Ripples: Synthesizing the Evidence on the Impacts of Digital Resources.</hi>  London: JISC. <ref type="url" target="http://ssrn.com/abstract=1846535">http://ssrn.com/abstract=1846535</ref></bibl>
    
<bibl><hi rend="bold">Meyer, E. T.,  K. Eccles, and C. Madsen</hi> (2009). Digitisation as e-Research Infrastructure: Access to Materials and Research Capabilities in the Humanities. <hi rend="italic">5th International Conference on e-Social Science</hi>. held 14 June 2009 in Cologne, Germany.<ref type="url" target="http://www.ncess.ac.uk/resources/content/papers/Meyer(2).pdf">http://www.ncess.ac.uk/resources/content/papers/Meyer(2).pdf</ref>(accessed June 14, 2012).</bibl>
    
<bibl><hi rend="bold">Palmer, C.</hi> (2004). Thematic Research Collections. In <hi rend="italic">A Companion to Digital Humanities.</hi> ed. by Schreibman, S., Siemens, R., and Unsworth, J. Oxford: Blackwell. ch. 24.</bibl>
    
<bibl><hi rend="bold">Palmer, C., O. Zavalina, and K. Fenlon</hi> (2010). 'Beyond Size and Search: Building Contextual Mass in Digital Aggregations for Scholarly Use'. <hi rend="italic">Proceedings of the American Society for Information Science and Technology</hi> 47.1: 1-10.</bibl>
    
<bibl><hi rend="bold">Proffitt, M., and J. Schaffner</hi> (2008). <hi rend="italic">The Impact of Digitizing Special Collections on Teaching and Scholarship: Reflections on a Symposium about Digitization and the Humanities.</hi> Dublin, OH: OCLC Programs and Research. http://www.oclc.org/programs/reports/2008-04.pdf</bibl>
    
<bibl><hi rend="bold">Spiro, L., and J. Segal</hi> The Impact of Digital Resources on Humanities Research. <ref type="url" target="http://library.rice.edu/services/dmc/about/projects/the-impact-of-digital-resources-on-humanities-research">http://library.rice.edu/services/dmc/about/projects/the-impact-of-digital-resources-on-humanities-research</ref></bibl>
    
<bibl><hi rend="bold">Sukovic, S.</hi> (2008). Convergent Flows: Humanities Scholars and Their Interactions with Electronic Texts. <hi rend="italic">Library Quarterly</hi> 78.3: 263-284.</bibl>
    
<bibl><hi rend="bold">Sukovic, S.</hi>. (2008). E-Texts in Research Projects in the Humanities. In Woodsworth, A. and Penniman, W. D., (eds), <hi rend="italic">Advances in Librarianship</hi>. Bingley, UK: Emerald Group Publishing, 2011.</bibl>
    
<bibl><hi rend="bold">Warwick, C., M. Terras, P. Huntington, and N. Pappa</hi> (2008). If You Build It Will They Come? The LAIRAH Study: Quantifying the Use of Online Resources in the Arts and Humanities through Statistical Analysis of User Log Data. <hi rend="italic">Literary and Linguistic Computing</hi> 23.1: 85-102.</bibl>

</listBibl>
</div>
</back>
</text>
</TEI>