<?xml version="1.0" encoding="utf-8"?>
<?oxygen RNGSchema="http://jetson.unl.edu/cdrh/schemas/tei_all.rng" type="xml"?>
<TEI xmlns="http://www.tei-c.org/ns/1.0" xml:id="ab-251">

<teiHeader>
<fileDesc>
<titleStmt>
<title>Extraction and Analysis of Character Interaction Networks From Plays and Movies</title>
<author>
<name><surname>Suen</surname>, <forename>Caroline</forename></name>
<affiliation>Stanford University, United States of America</affiliation>
<email>cysuen@stanford.edu</email>
</author>
<author>
<name><surname>Kuenzel</surname>, <forename>Laney</forename></name>
<affiliation>Stanford University, United States of America</affiliation>
<email>laney.kuenzel@gmail.com </email>
</author>
<author>
<name><surname>Gil</surname>, <forename>Sebastian</forename></name>
<affiliation>Stanford University, United States of America</affiliation>
<email>sgil@stanford.edu</email>
</author>
</titleStmt>
<publicationStmt>
<authority></authority>
<publisher>University of Nebraska-Lincoln</publisher>
<distributor>
<name>Center for Digital Research in the Humanities</name>
<address>
<addrLine>319 Love Library</addrLine>
<addrLine>University of Nebraska&#8211;Lincoln</addrLine>
<addrLine>Lincoln, NE 68588-4100</addrLine>
<addrLine>cdrh@unl.edu</addrLine>
</address>
</distributor>
<pubPlace>Lincoln, Nebraska</pubPlace> 
<address>
<addrLine>University of Nebraska-Lincoln</addrLine>
<addrLine>Lincoln, NE 68588-4100</addrLine>
</address>
<availability>
<p></p>
</availability>
</publicationStmt>

<notesStmt><note type="abstract">We combine two approaches to literary analysis (that of a computer scientist with a bag-of-words model and that of a literary scholar examining plot structure and character interactions) to analyze movies and plays. We extract and build character interaction networks in the form of weighted graphs from a database of scripts, compute various informative properties from the resulting networks (e.g. clustering coefficient), and construct logistic regression and decision tree classifiers based on these properties that distinguish between a multitude of characteristics that define movies and plays, such as media type, publication date, and genre. Finally, we discuss the successes and failures of using automated classification for specific characteristics on such limited input and strive to formulate intuitive explanations of the results.</note></notesStmt>

<sourceDesc>
<p>No source: created in electronic format.</p>
<p>
<date when="20130718"></date>
<time when="13:30:00"></time>
</p>
<p n="session">LP17</p>
</sourceDesc>
</fileDesc>

<profileDesc>
<textClass>
<keywords scheme="original" n="category">
<term>Paper</term>
</keywords>
<keywords scheme="original" n="subcategory">
<term>Long Paper</term>
</keywords>
<keywords scheme="original" n="keywords">
<term>character interaction networks</term>
<term>character networks</term>
<term>classifiers</term>
<term>movies</term>
<term>plays</term>
</keywords>
<keywords scheme="original" n="topic">
<term>film and cinema studies</term>
<term>data modeling and architecture including hypothesis-driven modeling</term>
<term>networks</term>
<term>relationships</term>
<term>graphs</term>
<term>data mining/ text mining</term>
</keywords>
</textClass>
</profileDesc>

<revisionDesc>
<change>
<date when="2013-04-11"></date>
<name>Laura Weakly</name>
<desc>Initial encoding</desc>
</change>
</revisionDesc>
</teiHeader>

<text type="paper">
<body>
<div>

<div>
<head>1. Introduction</head>

<p>Due to recent efforts to digitize literary works, researchers have been able to perform meaningful large-scale analyses of millions of texts and reach meaningful conclusions about literature, language, and culture using statistical analysis. This approach is powerful, but frequently ignores subtleties in literary works, reducing complex texts to bags of words. Literary theorists take a different approach, performing in-depth qualitative studies examining plot intricacies and character interactions. Unfortunately, such deep analysis does not scale well due to human time constraints.</p>

<p>In our project we combine these two approaches to literary analysis, allowing us to benefit from the advantages of both. More specifically, we develop and apply methods for automatically extracting character interaction networks from works of entertainment and use properties of the resulting networks to draw conclusions about these works.</p>

<p>
There are three main components:
<list type="ordered">
<item>(1) Extracting character interaction networks as weighted graphs, with characters as nodes and interaction scores as edges</item>
<item>(2) Computing informative properties (e.g., clustering coefficient) of the resulting networks</item>
<item>(3) Using those properties to answer broad questions about the works (e.g., whether different media types are characterized by distinctive interaction networks) by constructing machine learning classifiers.</item>
</list>
</p>
</div>


<div>
<head>2. Related work</head>

<p>As mentioned earlier, most computational literary analysis has been at the word level. There are, however, several exceptions. Most notably, Elson et al. (Elson et al. 2010) effectively utilized dialogue interactions in sixty 19th century literary works to form social networks and make interesting discoveries about a particular genre. Other researchers used network theory to analyze small groups of texts, such as Hamlet (Moretti 2011), Greek tragedies  (Rydberg-Cox 2011), Shakespeare (Stiller and Hudson 2011), and Marvel comics  (Alberich et al. 2002). These studies were all relatively narrow in focus, leading to valuable discoveries about a small number of texts. More recently, C.-Y. Weng et al.  (Weng et al. 2009) proposed a network extraction method for movies and T.V. shows based on co-occurrence, successfully identifying lead roles and other attributes for several movies.</p>

<p>Overall, previous work primarily focused on using character interaction networks to improve understanding of individual texts or movies. We feel humans already do a very good job—better than computers—of analyzing small collections of works; our main limitation is insufficient brainpower to simultaneously analyze and compare hundreds or thousands of works. As such, we are interested in conducting a large-scale study of character interaction networks for diverse works of entertainment. Our goal is not to examine literature from a specific time period or a particular film’s plot, but rather to discover sweeping trends in literature and movies across genres and over time.</p>
</div>

<div>
<head>3. Methodology</head>

<div>
<head>3.1 Building Networks</head>
<p>We focused on play and movie scripts because their structured format is well suited for systematically detecting interactions between characters. We obtained scripts and relevant metadata from a variety of sources (Internet Movie Script Database (2011); Project Gutenberg (2011); The Complete Works of Shakespeare (2011); EOneill.com EText Archive (1999); Read Plays Online-Read Print (2011); The EServer Drama Collection (2011); Rotten Tomatoes (2011); Robnik-Sikonja and Kononenko (1997), automating the process with Python scripts. For consistency, we then converted all data into a standardized intermediate format using more regular expressions, and a blacklist of non-verbal action commands (e.g. “fade in”). In total, we extracted 173 plays and 580 movie scripts.</p>

<p>We experimented with four extraction algorithms for constructing character interaction networks. Our first approach, used by Weng et al. (Weng et al. 2009), defined the interaction score for two characters as the number of scenes in which both appear. Our second algorithm extended this concept, incorporating the number of lines spoken in each scene. Unfortunately, many scripts had long scenes, resulting in falsely high interaction scores between two characters in different parts of the same scene.</p>

<p>We then used what we call the <hi rend="italic">Closeness</hi> approach to consider an interaction to have occurred between two characters only when they have spoken nearby lines in the same scene, increasing their scores by an amount linearly decreasing with increased distance. Our fourth and final algorithm weights interactions by the total number of words exchanged.</p>
</div>

<div>
<head>3.2 Property Calculation</head>

<p>For each character interaction network, we computed the following network properties, which represent different concepts in literary works:</p>

<list type="unordered">
<item><hi rend="bold">Average clustering coefficient</hi>: how much groups of characters tend to cluster together</item>
<item><hi rend="bold">Single character and relationship centrality</hi>: how much the work focuses on a single character above all others</item>
<item><hi rend="bold">Single relationship centrality</hi>: how much the work focuses on a single relationship between characters above all others</item>
<item><hi rend="bold">Top character weight variance</hi>: whether the group has a large group of similarly prominent characters or a few main characters and many less important roles</item>
<item><hi rend="bold">Top relationship strength variance</hi>: whether relationships are emphasized roughly equally, or if there is an emphasis on a select few</item>
<item><hi rend="bold">Entropy of node degrees and edge weights</hi>: an alternate approach to quantifying the spread in the distribution of character and relationship importance</item>
<item><hi rend="bold">Mean and variance of top character relationship strengths</hi>: whether the work has one or several main storylines</item>
<item><hi rend="bold">Percentage of existing edges</hi>: an alternate approach to determining number of storylines</item>
<item><hi rend="bold">Betweenness centrality &#8212; maximum, difference, and entropy</hi>: another alternate method of determining the relative importance of main characters</item>
<item><hi rend="bold">Number of characters</hi>: used as a final feature in our classifiers</item>
</list>
</div>

<div>
<head>3.3 Classification</head>
<p>We used our network properties as features in binary classifiers for various media aspects:</p>

<list>
<item><hi rend="bold">Media type</hi>: plays or movies</item>
<item><hi rend="bold">Date of movie</hi>: before or after 2000</item>
<item><hi rend="bold">Date of play</hi>: before or after 1800</item>
<item><hi rend="bold">MPAA rating</hi></item>
<item><hi rend="bold">Audience and critic ratings</hi></item>
<item><hi rend="bold">Single genre</hi> (e.g. romance or not)</item>
<item><hi rend="bold">Between genres</hi> (e.g. romance or horror)</item>
<item><hi rend="bold">Author</hi> (e.g. Shakespeare or George Bernard Shaw)</item>
</list>

<p>We experimented with logistic regression classifiers and decision trees, because these classifier types easily allowed us to understand how features were being used to arrive at predictions. We used the Orange library for Python, normalized our features, used k-fold cross validation to test our classifiers, and used the Relief algorithm [14] for top feature selection. </p>

<p>Because two classification classes did not always have the same number of examples, classification accuracies were sometimes misleadingly high even for poor classifiers. Thus we used area under the curve (AUC) as our primary performance metric.</p>
</div>
</div>

<div>
<head>4. Results</head>

<p>We found logistic regression to have higher AUC’s for 26 of our 35 classification tasks. Of the remaining 9 tasks, 8 performed relatively poorly on both classifiers (AUC &lt; 0.65). Decision trees had consistently high AUC’s (0.8-0.9) on training data, suggesting overfitting despite our parameter selection efforts. The logistic regression classifiers did not suffer from this problem, so we focused on logistic regression results and used decision trees as means of gaining intuition for the role of certain features in the classification step.</p>
 
<figure>
<graphic url="ab-251.t01" />
<p>Table 1: Logistic regression classifier AUCs for various classification tasks</p>
</figure>
 
<figure>
<graphic url="ab-251.t02" />
<p>Table 2: Logistic regression classifier AUCs for genre-related classification tasks</p>
</figure>

<p>Our results are shown in the above tables. Dashes indicate insufficient data for proper classification.</p>
</div>

<div>
<head>5. Analysis</head>
<div>
<head>5.1 Media type classifier</head>
<p>We were very successful in classifying plays versus movies. We found that plays are characterized by high top character relationships, high single character centrality, and low top character weight variance relative to movies, suggesting that plays tend to have a clear-cut main character with several important supporting characters that interact primarily with the main character. A classic example is <hi rend="italic">Hamlet</hi>, as can be observed by its interaction graph:</p>
 
<figure>
<graphic url="ab-251.g01" />
</figure>

<p>Results for movies suggest they tend to have several main characters, as in Charlie’s Angels:</p>

<figure>
<graphic url="ab-251.g02" />
</figure>

</div>
 
<div>
<head>5.2 Play date classifier</head>
<p>Important features from our pre or post 1800 play classifier, which also performed well, suggest older plays had more disjoint groups of characters and more distinct plotlines than newer ones. Misclassifications such as Shakespeare’s <hi rend="italic">The Tempest</hi> (set on an island where most characters interact with each other), which was misclassified as new, corroborated our hypothesis.</p></div>

<div>
<head>5.3 Movie date classifier</head>
<p>Our movie date classifiers performed poorly. We think this may be due to insufficient data, or no marked difference in interaction patterns between old and new films.</p></div>

<div>
<head>5.4 MPAA and rating classifiers</head>
<p>These classifiers performed poorly, aligning with our expectations because there is a great diversity in the types of movies (and their interaction networks) that are enjoyed by audiences, praised by critics, or given a certain MPAA rating.</p></div>

<div>
<head>5.5 Genre classifiers</head>
<p>Overall, our classifier analysis confirms several common assumptions about genre stereotypes and assumptions. For example, “horror” classifiers performed particularly well, and were often characterized by high average top character relationship strength. This implies that most horror movies have one simple storyline, which is the stereotype.</p>

<p>As another example, romance and comedy proved far too similar to be successfully classified. Upon further reflection, character interaction networks for romances and comedies would be similar; comedies such as <hi rend="italic">Harold and Kumar</hi> feature a dynamic duo that interacts much as love interests in a romance would.</p></div>

<div>
<head>5.6 Play author classifiers</head>
<p>Our classifiers achieved rather high AUC’s, and an analysis of the decision trees shows that one of Shakespeare’s defining characteristics is a large spread in the importance of main characters:
</p>
<figure>
<graphic url="ab-251.g03" />
</figure>

</div></div>
 

<div>
<head>6. Conclusion</head>
<p>In this project, we developed a network extraction and classification strategy that sheds light on characteristics that define movies and plays. We automated a literary scholar’s general approach to extracting meaning from movies and plays, leading us to valuable insights about large numbers of works.  It is our hope that scriptwriters will be able to use these insights to increase the breadth and diversity of character interactions and counter our generalizations with unique works of entertainment!</p></div>

                
</div>

</body>

<back>
<div type="References">
<listBibl>

<bibl><hi rend="bold">Elson, D.,  N. Dames, and K. McKeown</hi> (2010). Extracting Social Networks from Literary Fiction. In <hi rend="italic">Proc. 48th Annual Meeting for the Association for Computational Linguistics</hi>, 138-147.</bibl>
<bibl><hi rend="bold">Moretti, F.</hi> (2011). Network Theory, Plot Analysis. <hi rend="italic">New Left Review</hi> 68.</bibl>
<bibl><hi rend="bold">Rydberg-Cox,  J.</hi> (2011). Social Networks and the Language of Greek Tragedy. <hi rend="italic">Journal of the Chicago Colloquium on Digital Humanities and Computer Science</hi> <hi>1</hi>.</bibl>
<bibl><hi rend="bold">Stiller, J., and M. Hudson</hi> (2005). Weak Links and Scene Cliques within the Small World of Shakespeare. <hi rend="italic">Journal of Cultural and Evolutionary Psychology</hi> 3.</bibl>
<bibl><hi rend="bold">Alberich, R.,  J. Miro-Julia, and F. Rossello</hi> (2002). Marvel Universe looks almost like a real social network. <hi rend="italic">e-print arXiv:cond-mat/0202174</hi></bibl>
<bibl><hi rend="bold">Weng, C.-Y., W.-T. Chu, and J.-L. Wu</hi> (2009). RoleNet: Movie Analysis from the Perspective of Social Networks. <hi rend="italic">IEEE Transactions on Multimedia</hi> 11.</bibl>
<bibl><hi rend="bold">The Internet Movie Script Database</hi> (2011). <hi rend="italic">IMSDb</hi>. <ref type="url" target="http://www.imsdb.com/">http://www.imsdb.com/</ref>.</bibl>
<bibl><hi rend="bold">Project Gutenberg</hi> (2011). <hi rend="italic">Project Gutenberg</hi>. <ref type="url" target="http://www.gutenberg.org/">http://www.gutenberg.org/</ref>.</bibl>
<bibl><hi rend="bold">The Complete Works of Shakespeare</hi> (2011). MIT. <ref type="url" target="http://shakespeare.mit.edu/">http://shakespeare.mit.edu/</ref>.</bibl>
<bibl><hi rend="bold">EOneill.com EText Archive</hi> (1999). <hi rend="italic">EOneill</hi>. <ref type="url" target="http://www.eoneill.com/texts/index.htm">http://www.eoneill.com/texts/index.htm</ref>.</bibl>
<bibl><hi rend="bold">Read Plays Online-Read Print</hi> <hi rend="italic">Read Print Library</hi> (2011). <ref type="url" target="http://www.readprint.com/">http://www.readprint.com/</ref>.</bibl> 
<bibl><hi rend="bold">The EServer Drama Collection</hi> <hi rend="italic">EServer</hi> (2011). <ref type="url" target="http://drama.eserver.org/plays/">http://drama.eserver.org/plays/</ref>.</bibl>
<bibl><hi rend="bold">Rotten Tomatoes</hi> <hi rend="italic">Flixster, Inc.</hi> (2011). <ref type="url" target="http://www.rottentomatoes.com/">http://www.rottentomatoes.com/</ref>.</bibl>
<bibl><hi rend="bold">Robnik-Sikonja, M., and I. Kononenko</hi> (1997). An adaptation of relief for attribute estimation in regression. In <hi rend="italic">Proc. 14th ICML</hi>. 296-304.</bibl>

</listBibl>
</div>
</back>
</text>
</TEI>

