<?xml version="1.0" encoding="utf-8"?>
<?oxygen RNGSchema="http://jetson.unl.edu/cdrh/schemas/tei_all.rng" type="xml"?>
<TEI xmlns="http://www.tei-c.org/ns/1.0" xml:id="ab-283">

<teiHeader>
<fileDesc>
<titleStmt>
<title>Should the Digital Humanities be taking a lead in Open Access and Online Teaching Materials?</title>
<author>
<name><surname>Mahony</surname>, <forename>Simon</forename></name>
<affiliation>UCL Centre for Digital Humanities, United Kingdom</affiliation>
<email>s.mahony@ucl.ac.uk</email>
</author>
<author>
<name><surname>Tiedau</surname>, <forename>Ulrich</forename></name>
<affiliation>UCL Centre for Digital Humanities, United Kingdom</affiliation>
<email>u.tiedau@ucl.ac.uk </email>
</author>
</titleStmt>
<publicationStmt>
<authority></authority>
<publisher>University of Nebraska-Lincoln</publisher>
<distributor>
<name>Center for Digital Research in the Humanities</name>
<address>
<addrLine>319 Love Library</addrLine>
<addrLine>University of Nebraska&#8211;Lincoln</addrLine>
<addrLine>Lincoln, NE 68588-4100</addrLine>
<addrLine>cdrh@unl.edu</addrLine>
</address>
</distributor>
<pubPlace>Lincoln, Nebraska</pubPlace> 
<address>
<addrLine>University of Nebraska-Lincoln</addrLine>
<addrLine>Lincoln, NE 68588-4100</addrLine>
</address>
<availability>
<p></p>
</availability>
</publicationStmt>

<notesStmt><note type="abstract">This paper argues that the digital humanities should take the forefront for the creation and development of Open Educational Resources (OER). It takes as case studies three JISC funded projects at University College London (including DHOER: Digital Humanities Open Educational Resources) where each seeks to push the boundaries of open educational practice. To encourage open education requires a change in academic culture, the building of user communities to ensure sustainability, and importantly institutional support. By making our teaching resources openly and freely available to all, we spread our ideas and methodologies to the wider academic and research communities beyond DH. This paper will present the results of these projects, show why these issues are important, particularly to overcome possible skepticism of what we in DH do, and point the way forward to future initiatives and research possibilities.</note></notesStmt>

<sourceDesc>
<p>No source: created in electronic format.</p>
<p>
<date when="20130718"></date>
<time when="13:30:00"></time>
</p>
<p n="session">LP18</p>
</sourceDesc>
</fileDesc>

<profileDesc>
<textClass>
<keywords scheme="original" n="category">
<term>Paper</term>
</keywords>
<keywords scheme="original" n="subcategory">
<term>Long Paper</term>
</keywords>
<keywords scheme="original" n="keywords">
<term>OER</term>
<term>pedagogy</term>
<term>Open Education</term>
<term>Open Educational Resources</term>
<term>communities of practice</term>
</keywords>
<keywords scheme="original" n="topic">
<term>teaching and pedagogy</term>
<term>interdisciplinary collaboration</term>
<term>digital humanities - pedagogy and curriculum</term>
<term>copyright</term>
<term>licensing</term>
<term>Open Access</term>
</keywords>
</textClass>
</profileDesc>

<revisionDesc>
<change>
<date when="2013-04-17"></date>
<name>Laura Weakly</name>
<desc>Initial encoding</desc>
</change>
</revisionDesc>
</teiHeader>

<text type="paper">
<body>
<div>


<p>The  digital  age  has  introduced  new  possibilities  but  also  new  problems  for  higher education.  Academics  within  the  same  departments  have  always  shared  teaching materials but a cultural change is taking place in universities, with academics using the internet to share their research (Open Access) and teaching and learning resources (OER: Open  Educational  Resources)  more  widely.  This  spirit  of  collaborative  working  is increasing, and potentially opens up higher education to a wider and global market, giving students and teachers greater access and flexibility. Education for all has taken on a new meaning in the digital age and the true rationale of Openness is one of reclaiming original academic practice and collaboration; consequently the move towards openness extends beyond resources and also increasingly includes Open Educational Practices, or just Open Education. How do new initiatives such as OERu, Open Text Books, and iBooks Author contribute  to  this?  To  change  academic  culture  and  to  encourage  open  educational practices requires much more than technological changes. It will require an understanding of the challenges facing the educational community today and how OERs can help them achieve their goals in teaching and learning. This is particularly pertinent in the Digital Humanities  where  there  is  great  emphasis  on  the  teaching  of  the  collaborative  and communication skills that are requirements for our researchers and research projects as well as important job skills for our students that do not stay in the academy.</p>

<p>This paper draws as case studies on the experiences and publishes the results of two completed and one currently in­progress JISC funded projects for the creation, use, and importantly re­use of OERs. Firstly,<hi rend="italic"> VirtualDutch </hi>(<ref type="url" target="http://www.dutch.ac.uk">www.dutch.ac.uk</ref>) where a lesser taught language (despite being the one most closely related to English) subject community have collaborated in joint teaching projects. A wide range of Open Educational Resources has been developed since the start of the programme, including self­access reading skills courses, learner’s grammars, online reference works and some 30 multimedia study packs for autonomous learning. These resources cater for various levels of linguistic competence, ranging from topics such as individual Dutch or Flemish authors, like Multatuli or Louis Couperus, to the sociolinguistic situation of Brussels and the multicultural society in the Netherlands  today.  These  are  also  being  used  in  a  series  of  distance­learning programmes.</p>
 
<p>The	second	is	<hi rend="italic"> Digital	Humanities	Open	Educational	Resources</hi>	(DHOER: <ref type="url" target="http://www.ucl.ac.uk/dhoer">www.ucl.ac.uk/dhoer</ref>) which was set up to create and release a comprehensive range of introductory materials on approaches, topics, and methods in the digital humanities; these are based on modules currently taught as part of the Master’s programme at the UCL Centre  for  Digital  Humanities.  Importantly,  these  resources  go  beyond  the  digital humanities sphere and support many cognate disciplines, including the whole spectrum of the arts and humanities, cultural heritage, information studies, library studies, computer science  and  engineering. Indeed by pushing the disciplinary boundaries DHOER has contributed  considerably  to  the  advancement of the OER idea and helped to start a movement to bring about the cultural change that the UKOER programme envisages.</p>

<p>The third project, OER CPD4HE/Sustexts (<hi rend="italic">OER Continued Professional Development for Higher Education, Sustainable Texts and Disciplinary Conversations</hi>), a collaboration with HEDERA.org (HE Development, Evaluation and Research), recognises that subject discipline is a key part of academic identity and that narratives are important in both learning  and  professional  development.  It  has  set out to increase the reach of open practice and engage with institutional policy makers.</p>

<p>Each of these projects has been involved in the awareness­raising of OER, by presenting at	workshops,	conferences	and	organizing	several	UKOER	programme­	and institution­wide  events.  The  focus  for  each  is  on  building  communities  of  users  and contributors to ensure sustainability and to develop standards of best practice. We can gather download statistics simply enough, just as we can for journal articles and other academic resources, but that is no indication of whether or not they have actually been used or indeed re­used as a teaching resource. How this might be achieved is one of the challenges  addressed  here.  This  paper  develops  themes  introduced  in  a  recent publication: ‘Open access and online teaching materials for digital humanities’, Warwick et al eds. (2012)<hi rend="italic"> Digital Humanities in Practice</hi>, charting the progress and results of new initiatives since that chapter was authored.</p>

<p>Digital humanities should be taking a lead in the development of open access online teaching materials. In our community we take openness and collaboration for granted and commitment to these principles should be central to the development of any of our teaching programmes. By making our teaching resources openly and freely accessable to all we make  our  ideas  and  methodologies  available  to  the  wider  academic  and  research communities. It is in this way, by creating synergies rather than silos and making our educational practice, particularly our critical and methodological approaches to teaching and learning, available to others, that we will overcome the sometimes sceptical reaction to the value of the work that we do (see Bradley 2010, which is taken from a paper he gave at DH2009).  Experience has shown that digital humanities teaching must be relevant to students’ studies and research interests and we must be clear that what we offer are not ‘skills training’ courses (although they too play a part) but new methodologies and new ways to think about our material. Institutional barriers need to be overcome. Colleagues across the arts and humanities and other faculties need to be able to see how students benefit from the digital humanities approach, and then they will better understand our work and support the training of future digital humanities students and researchers (see Mahony and Pierazzo, 2013).</p>
     
</div>

</body>

<back>
<div type="References">
<listBibl>

<bibl><hi rend="bold">Bradley J.</hi> (2010). No job for Techies: Technical Contribution to Research in the Digital Humanities. In Deegan and McCarty (eds.) <hi rend="italic">Collaborative Research in the Digital Humanities,</hi> Ashgate <ref type="url" target="http://www.ashgate.com/isbn/9781409410683">http://www.ashgate.com/isbn/9781409410683</ref></bibl>

<bibl><hi rend="bold">Centre for Excellence in Teaching and Learning (CETL) Open Educational Resources
</hi>(2010) Universities’ Collaboration in eLearning (UCEL), http://www.ucel.ac.uk/oer10. DHOER: Digital Humanities Open Educational Resources <ref type="url" target="http://www.ucl.ac.uk/dhoer">http://www.ucl.ac.uk/dhoer</ref></bibl>

<bibl><hi rend="bold">Hirsch (ed.)</hi> Digital Humanities Pedagogy: Practices, Principles and Politics, Open Book
Publishers.<ref type="url" target="http://www.openbookpublishers.com/product/161/digital­humanities­pedagogy­­practices
­­principles­and­politics">http://www.openbookpublishers.com/product/161/digital­humanities­pedagogy­­practices
­­principles­and­politics</ref></bibl>

<bibl><hi rend="bold">JISC Phase 1 </hi> (2010). Open Educational Resources Programme Phase one: JISC,
<ref type="url" target="https://cms.jisc.ac.uk/whatwedo/programmes/elearning/oer.aspx">https://cms.jisc.ac.uk/whatwedo/programmes/elearning/oer.aspx</ref></bibl>

<bibl><hi rend="bold">JISC Phase 2</hi>. (2011). Open Educational Resources Programme Phase 2
<ref type="url" target="http://www.jisc.ac.uk/whatwedo/programmes/elearning/oer2.aspx">http://www.jisc.ac.uk/whatwedo/programmes/elearning/oer2.aspx</ref></bibl>

<bibl><hi rend="bold">JISC Phase 3</hi>. (2012). Academy/JISC Open Educational Resources Programme Phase 3
<ref type="url" target="http://www.jisc.ac.uk/oer">http://www.jisc.ac.uk/oer</ref></bibl>

<bibl><hi rend="bold">Mahony, Tiedau, and Simons</hi> (2012). Open access and online teaching materials for digital humanities. In Warwick et al., (eds). <hi rend="italic">Digital Humanities in Practice</hi>. Facet.</bibl>

<bibl><hi rend="bold">Mahony, and Pierazzo</hi> (2013). Teaching Skills or Teaching Methodology?, in Hirsch (ed). <hi rend="italic">Digital Humanities Pedagogy: Practices, Principles and Politics</hi>, Open Book Publishers.</bibl>

<bibl><hi rend="bold">SustextsOER</hi>, Sustainable Texts &amp; Disciplinary Conversations,
<ref type="url" target="http://www.ucl.ac.uk/calt/cpd4he/">http://www.ucl.ac.uk/calt/cpd4he/</ref></bibl>

<bibl><hi rend="bold">Warwick, Terras, and Nyhan (eds).</hi> (2012). <hi rend="italic">Digital Humanities in Practice</hi>. Facet.
<ref type="url" target="http://www.facetpublishing.co.uk/title.php?id=7661">http://www.facetpublishing.co.uk/title.php?id=7661</ref></bibl>

<bibl><hi rend="bold">VirtualDutch Open Educational Resource</hi>
<ref type="url" target="http://www.ucl.ac.uk/alternative­languages/OER/">http://www.ucl.ac.uk/alternative­languages/OER/</ref></bibl>

</listBibl>
</div>
</back>
</text>
</TEI>

