<?xml version="1.0" encoding="UTF-8"?>

<?oxygen RNGSchema="http://jetson.unl.edu/cdrh/schemas/tei_all.rng" type="xml"?>
<TEI xmlns="http://www.tei-c.org/ns/1.0" xml:id="ab-268">
    
<teiHeader>
<fileDesc>
<titleStmt>
<title>LEXUS 3 &#8212; a collaborative environment for multimedia lexica</title>
<author>
<name><surname>Shayan</surname>, <forename>Shakila</forename></name>
<affiliation>Max Planck Institute for Psycholinguistics, The Netherlands</affiliation>
<email>shakila.shayan@mpi.nl</email>
</author>
<author>
<name><surname>Moreira</surname>, <forename>Andr&#233;</forename></name>
<affiliation>Max Planck Institute for Psycholinguistics, The Netherlands</affiliation>
<email>andre.moreira@mpi.nl</email>
</author>
<author>
<name><surname>Windhouwer</surname>, <forename>Menzo</forename></name>
<affiliation>Max Planck Institute for Psycholinguistics, The Netherlands</affiliation>
<email>Menzo.Windhouwer@mpi.nl</email>
</author>
<author>
<name><surname>K&#246;nig</surname>, <forename>Alexander</forename></name>
<affiliation>Max Planck Institute for Psycholinguistics, The Netherlands</affiliation>
<email>Alexander.Koenig@mpi.nl</email>
</author>
<author>
<name><surname>Drude</surname>, <forename>Sebastian</forename></name>
<affiliation>Max Planck Institute for Psycholinguistics, The Netherlands</affiliation>
<email>Sebastian.Drude@mpi.nl</email>
</author>
</titleStmt>
<publicationStmt>
<authority></authority>
<publisher>University of Nebraska-Lincoln</publisher>
<distributor>
<name>Center for Digital Research in the Humanities</name>
<address>
<addrLine>319 Love Library</addrLine>
<addrLine>University of Nebraska&#8211;Lincoln</addrLine>
<addrLine>Lincoln, NE 68588-4100</addrLine>
<addrLine>cdrh@unlnotes.unl.edu</addrLine>
</address>
</distributor>
<pubPlace>Lincoln, Nebraska</pubPlace> 
<address>
<addrLine>University of Nebraska-Lincoln</addrLine>
<addrLine>Lincoln, NE 68588-4100</addrLine>
</address>
<availability>
<p></p>
</availability>
</publicationStmt>
            
    <notesStmt><note type="abstract">LEXUS is a flexible web-based lexicon tool tailored for documenting endangered languages but can be used as a lexicographical tool for any other language. LEXUS does not enforce any pre-described schema structure to the user, however it supports the creation of lexicon within the structure of the proposed ISO-LMF standard and promotes the usage of concept names proposed by the ISO data categories. LEXUS has distinct possibilities for visualization. Its support for multimedia allows for local or archived images/movie clips to be attached to different elements of a lexical entry. Its support for customizable views allows for different ways of styling lexicon. Finally LEXUS allows shared access to a given lexicon, suitable for collaboration among researchers as it facilitates concurrent work on a given language by allowing multiple users access to the lexicon. These features make LEXUS a promising online shared-access multimedia encyclopedic lexicon tool for language documentation projects.</note></notesStmt>
            
<sourceDesc>
<p>No source: created in electronic format.</p>
<p>
<date when="20130717"></date>
<time when="08:30:00"></time>
</p>
<p n="session">SP01</p>
</sourceDesc>
</fileDesc>
        
<profileDesc>
<textClass>
<keywords scheme="original" n="category">
<term>Paper</term>
</keywords>
<keywords scheme="original" n="subcategory">
<term>Short Paper</term>
</keywords>
<keywords scheme="original" n="keywords">
<term>lexicon tool</term>
<term>mutimedia</term>
<term>visualization</term>
<term>endangered languages</term>
<term>collaborative work space</term>
</keywords>
<keywords scheme="original" n="topic">
<term>archives</term>
<term>repositories</term>
<term>sustainability and preservation</term>
<term>databases &amp; dbms</term>  
<term>audio</term>
<term>video</term>
<term>multimedia</term>
<term>interface and user experience design</term>
<term>lexicography</term>
<term>multilingual/multicultural approaches</term>
<term>software design and development</term>
<term>user studies/user needs</term>
<term>xml</term>
<term>internet/world wide web</term>
<term>interdisciplinary collaboration</term>
<term>linguistics</term>
<term>cultural studies</term>
<term>visualisation</term>
<term>anthropology</term>
<term>folklore and oral history</term>
<term>linking and annotation</term>
<term>standards and interoperability</term>
                    
</keywords>
</textClass>
</profileDesc>
        
<revisionDesc>
<change>
<date when="2013-03-29"></date>
<name>Erin Pedigo</name>
<desc>Initial encoding</desc>
</change>
</revisionDesc>
</teiHeader>
    
<text type="paper">
<body>
<div>

    <p>LEXUS (The Language Archive 2013; Ringersma, et al. 2007) is a flexible web-based lexicon tool that was initially (between 2006 and 2010) developed at the Max Planck Institute for Psycholinguistics in Nijmegen within the program “documentation of endangered languages” (DOBES), funded by the Volkswagen Foundation (cf. Volkswagen Foundation). It is a tool specifically tailored for linguists whose research involves collecting and documenting a broad range of spoken data; data that is mainly in the form of audio and video recordings and often depicts a language that has never been documented before and is in danger of becoming extinct. Projects that are supported within the DOBES domain have specific requirements to be met by a lexicon tool. In particular the lexicon tool has to provide a high degree of flexibility with respect to lexicon structure to allow all possible structures, even those that might not have been seen in the description of other languages. Also, given the audio-visual nature of the data, there needs to be proper facilities for presenting multimedia within the lexicon. In what follows we will give a brief overview of how LEXUS is fine-tuned to meet most of the demands of this domain and how it is a useful tool for documenting endangered languages while at the same time suitable as a lexicographic tool for any other language.</p>
    <p>LEXUS is not the only lexicographic tool with endangered languages as its key area of application. The KirrKirr software (Manning et al, 2001), the IDD (Indiana Dictionary Database, cf. De Korne, et al. 2009), the Toolbox, Lexique Pro, WeSay and FLEx (SIL 2013) programs are other examples, among which the SIL tools are the most comparable to Lexus. Toolbox is a tool for data management and analysis which includes lexical data and a parsing and glossing engine. Still, the outdated data model of toolbox seriously impedes its sustainability and interoperability with other tools. Lexique-pro is suitable for visualizing Toolbox/Shoebox data. FLEx on the other hand is a powerful lexicon tool with advanced parsing and analytical functionalities. Using other SIL tools one has sophisticated options to present and publish FLEx data. In terms of features and functionality for lexical databases by themselves, LEXUS stands somewhere in the middle with its set of features that aim at user-friendliness. Crucially, it offers online and shared access to the lexicon. It also allows for interoperability and customizable visualization for styled HTML views of data without requiring any knowledge of markup languages.</p>
    <p>LEXUS makes use of schema structure trees for representing lexical entry elements. However, it does not enforce any pre-described schema structure for the lexicon of a given language. Instead, upon creating a new lexicon, LEXUS provides the user with a small collection of schema templates to choose from. These templates can be further developed into more complex schemas to build a particular lexicon. Some of these proposed templates have been created based on more standard frameworks such as ISO LMF (ISO 14613, 2008) and promote the usage of concept names and conventions that are proposed by the ISO data categories in ISOcat (Kemps-Snijders et al, 2009). There are even some templates that have been suggested and fine-tuned based on the experience of field linguists who have been involved in documenting endangered languages.</p>
    <p>Having a flexible structure as a template is expected to be a helpful starting point for the researchers who are in the initial stages of the documentation process; especially when it comes to a language that has never been studied before. LEXUS’ attempt to more fully comply with ISO LMF structure demands a structure that offers circularities of a graph type structure in addition to a simple linear tree structure. LEXUS 3 now makes it possible to create cross-references between corresponding elements of two different lexical entries of a lexicon. The template collection together with cross-reference linking makes LEXUS quite flexible in creating a wide range of structures. This combination makes LEXUS a suitable lexicon tool for not only under-described languages but also for the most studied and well-documented languages such as English and German.</p>
    <p>Previous versions of LEXUS have laid the groundwork to enable projects within the DOBES program to create and view multimedia lexica with a team. LEXUS 3 stabilizes these core features and offers new functions which broaden the scope to the wider linguistic community. One such example is making use of the templates to form the basis for flexible import and export functionality as fleshed out in the RELISH project (Aristar-Dry et al, 2012). This in turn provides better support for standardized lexicon formats and makes it, for example, possible to export a LEXUS 3 lexicon to the LEGO repository (LinguistList 2013) and to import a LEGO lexicon. This supporting feature is based on the new RELISH-LMF serialization (Windhouwer, et al. 2013; RELISH 2013), which is extensible using RELAX NG (ISO 19757-2, 2008) and ISO/TEI feature structures (ISO 24610-1 2008). LEXUS 3 is also being integrated into linguistic infrastructures like CLARIN (CLARIN 2013), which opens it up for an expanding user base.</p>
    <p>Digital lexicography is most helpful when there is proper visualization of the content, and it gets even more worthwhile when it is integrated with multimedia. One of LEXUS’ distinct features are the possibilities it offers for visualization of the lexicon, which is often enriched with multimedia. The audio-video recordings and images are critical aspects of the semantic knowledge. Data of such nature is often the only available resource to study the kind of languages that LEXUS is designed for. The written form, together with grammatical, morphological and phonological descriptions of words, completes the semantic knowledge. A given lexicon tool should facilitate an unified way of presenting the text and multimedia together to be able to put the form and meaning next to each other in one picture. With version 3, LEXUS introduces a single unified environment, where users can describe how their lexica would look like, for e.g. in an HTML view (Moreira, et al. 2013). In doing so, users are not required to have any HTML knowledge. Instead, LEXUS offers a graphical tree tool, which mimics the hierarchical structure that is behind the markup-based technologies such as HTML, and which specifies the layout and style of the lexical views. The same tool can be used to create a formatted PDF view for the full lexicon, which is extractable and available for export and print. <hi rend="italic">Figure 1</hi> shows an example of a lexical entry, with an image and different styles for various elements of the entry. The style and the content of list of entries shown on the left side are customized with the same tool as those of the selected lexical entry shown on the right side.</p>

<figure><graphic url="ab-268.001"/><head><hi rend="italic">Figure 1</hi>:</head><p>an example of customized list view and lexical entry view using the same styling tool.</p></figure>

    <p>Finally and possibly most importantly, LEXUS allows shared access to a given lexicon. Owners can easily share their lexica by dragging and dropping other users from a list of all registered LEXUS users to the list of readers/writers of an individual lexicon. When a lexicon is shared, it becomes available in the target user’s workspace. This feature paves the way for better collaboration among researchers and facilitates simultaneous work on a given language even from different places in the world. Being an online resource, any archived lexicon will in future be available as an addressable resource in the CLARIN infrastructure. Having an online basis LEXUS also allows for annotated multimedia sessions from the relevant language archive (e.g. sessions depicting particular cultural uses or social practices) to be linked to any part of the entry. The web-based accessibility of LEXUS was initially designed so as to allow the speech community members to get involved in the lexical documentation process. Such collaboration would allow for the continuous and faster growth of linguistic information. However, this appealing potential turned out to be more challenging in practice, mainly due to unforeseen obstacles within the social dynamics in the community (Cablitz 2011, 240).</p>
    <p>In the future, special focus will be on an expansion of LEXUS’ functionality to match the requirements of a lexicon tool for sign language documentation; a domain for which there doesn’t exist a suitable tool or a unified schema of lexicography.</p>
    <p>With its online accessibility, together with its archive-linking capacity, its multimedia visualization features and its interoperability capacities, we offer LEXUS as an advanced resource and research tool for the scientific community.</p>

</div>
    
</body>
    
<back>
<div type="References">
<listBibl>

<bibl><hi rend="bold">Aristar-Dry, H., S. Drude, J. Gippert, I. Nevskaya, and M. Windhouwer</hi> (2012). Rendering Endangered Lexicons Interoperable through Standards Harmonization: the RELISH project. In European Language Resources Association (ed), <hi rend="italic">Proceedings of the Eight International Conference on Language Resources and Evaluation,</hi> held 23-25 May 2012 in Istanbul, Turkey.</bibl>

<bibl><hi rend="bold">Cablitz, G.</hi> (2011). The Making of a multimedia encyclopedic lexicon for and in endangered speech communities. In Haig, G. L. J., N. Nau, S. Schnell, and C. Wegener (eds.), <hi rend="italic">Documenting endangered languages: Achievements and perspectives.</hi> Berlin: De Gruyter, 223-261.</bibl>

<bibl><hi rend="bold">CLARIN</hi> (2013). <hi rend="italic">Common Language Resource and Technology Infrastructure.</hi>  <ref type="url" target="http://www.clarin.eu/">http://www.clarin.eu/</ref> (accessed 14 March 2013).  </bibl>

<bibl><hi rend="bold">De Korne, H., and the Burt Lake Band of Ottawa and Chippewa Indians</hi> (2009). The Pedagogical Potential of Multimedia Dictionaries &#8212; Lessons from a Community Dictionary Project. In Reyhner, J. and Lockard, L.(eds), <hi rend="italic">Indigenous Language Revitalization: Encouragement, Guidance and Lessons Learned.</hi> Flaggstaff, AZ: Northern Arizona University, 141-153.</bibl>

<bibl><hi rend="bold">DOBES</hi> (2013). <hi rend="italic">Documentation of Endangered Languages.</hi> <ref type="url" target="http://www.mpi.nl/dobes/">http://www.mpi.nl/dobes/</ref> (accessed 14 March 2013).</bibl>

<bibl><hi rend="bold">ISO 14613.</hi> (2008). Language resource management &#8212; Lexical markup framework (LMF). <hi rend="italic">International Organization for Standardization.</hi> <ref type="url" target="http://www.lexicalmarkupframework.org/">http://www.lexicalmarkupframework.org/</ref> (accessed 14 March 2013).</bibl>

<bibl><hi rend="bold">ISO 19757-2.</hi> (2008). Information technology &#8212; Document Schema Definition Language (DSDL) &#8212; Part 2: Regular-grammar-based validation &#8212; RELAX NG, <hi rend="italic">International Organization for Standardization.</hi></bibl>

<bibl><hi rend="bold">ISO 24610-1.</hi>(2008). Language resource management &#8212; Feature structures &#8212; Part 1: Feature structure representation, <hi rend="italic">International Organization for Standardization.</hi></bibl>

<bibl><hi rend="bold">Kemps-Snijders, M., M. A. Windhouwer, P. Wittenburg, and S. E. Wright.</hi> (2009). ISOcat: Remodeling Metadata for Language Resources. In  <hi rend="italic">Open Forum on Metadata Registries of the International Journal of Metadata, Semantics and Ontologies</hi> (IJMSO), 4:4: 261-276.</bibl>

<bibl><hi rend="bold">LinguistList.</hi> (2013). <hi rend="italic">Lexicon Enhancement via the GOLD Ontology.</hi> <ref type="url" target="http://lego.linguistlist.org/">http://lego.linguistlist.org/</ref> (accessed 14 March 2013).</bibl>

<bibl><hi rend="bold">Manning, C. D., K. Jansz, and N. Indurkhya</hi> (2001). Kirrkirr: Software for browsing and visual exploration of a structured Warlpiri dictionary. <hi rend="italic">Literary and Linguistic Computing,</hi> 16: 123–139.</bibl>

<bibl><hi rend="bold">Moreira, A., M. Windhouwer, A. König, and S. Shayan</hi> (2013). LEXUS 3: Uniform Presentation Methodology for Lexica, <hi rend="italic">International Conference on Language Documentation &amp; Conservation' (ICLDC)</hi>, held 28 February-3 March 2013 in Hawaii.</bibl>

<bibl><hi rend="bold">RELISH.</hi>(2013). RELISH-LMF. <ref type="url" target="http://tla.mpi.nl/relish/lmf/">http://tla.mpi.nl/relish/lmf/</ref> (accessed 14 March 2013).</bibl>

<bibl><hi rend="bold">Ringersma, J., and M. Kemps-Snijders</hi> (2007). Creating multimedia dictionaries of endangered languages using LEXUS. In Van Hamme, H. and van Son, R. (eds), <hi rend="italic">Proceedings of Interspeech 2007.</hi> Baixas, France: ISCA-Int. Speech Communication Assoc, 65-68.</bibl>

<bibl><hi rend="bold">SIL.</hi>(2013). <ref type="url" target="http://www.sil.org/resources/software">http://www.sil.org/resources/software</ref> (accessed 14 March 2013).  </bibl>

<bibl><hi rend="bold">TLA.</hi>(2013). <hi rend="italic">LEXUS &#8212; A web based lexicon tool.</hi> <ref type="url" target="http://tla.mpi.nl/tools/tla-tools/lexus/">http://tla.mpi.nl/tools/tla-tools/lexus/</ref> (accessed 14 March 2013).</bibl>

<bibl><hi rend="bold">Volkswagen Foundation.</hi> (2013). <ref type="url" target="http://www.volkswagenstiftung.de/">http://www.volkswagenstiftung.de/</ref> (accessed 14 March 2013).</bibl>

<bibl><hi rend="bold">Windhouwer, M., J.Petro, I. Nevskaya, S. Drude, H. Aristar-Dry, and J. Gippert</hi> (2013). Creating a serialization of LMF: the experience of the RELISH project. In G. Francopoulo (ed.), <hi rend="italic">LMF: Lexical Markup Framework, theory and practice.</hi> iSTE/Wiley.</bibl>

</listBibl>
</div>
</back>
</text>
</TEI>
                
