<?xml version="1.0" encoding="UTF-8"?>

<?oxygen RNGSchema="http://jetson.unl.edu/cdrh/schemas/tei_all.rng" type="xml"?>
<TEI xmlns="http://www.tei-c.org/ns/1.0" xml:id="ab-265">
    
<teiHeader>
<fileDesc>
<titleStmt>
<title>Mapping Editions: Literary Editions and GIS (a field report)</title>
<author>
<name><surname>Roland</surname>, <forename>Meg</forename></name>
<affiliation>Marylhurst University, United States of America</affiliation>
<email>mroland@marylhurst.edu</email>
</author>                          
</titleStmt>
<publicationStmt>
<authority></authority><publisher>University of Nebraska-Lincoln</publisher>
<distributor>
<name>Center for Digital Research in the Humanities</name>
<address>
<addrLine>319 Love Library</addrLine>
<addrLine>University of Nebraska&#8211;Lincoln</addrLine>
<addrLine>Lincoln, NE 68588-4100</addrLine>
<addrLine>cdrh@unlnotes.unl.edu</addrLine>
</address>
</distributor>
<pubPlace>Lincoln, Nebraska</pubPlace> 
<address>
<addrLine>University of Nebraska-Lincoln</addrLine>
<addrLine>Lincoln, NE 68588-4100</addrLine>
</address>
<availability>
<p></p>
</availability>
</publicationStmt>
            
<notesStmt><note type="abstract">This paper describes how a user study focused on the authoring of personal digital collections, or personal systematic bibliographies, demonstrated a link between the material instantiation of a bibliography and the expressiveness of its structuring. Findings from this study suggest that meaning making for both writers and readers of personal digital bibliographies inheres to some degree within the abilities of the bibliographic environment to enact framing devices that clarify the system of relations between items as the primary focus of the text.</note></notesStmt>  
            
<sourceDesc>
<p>No source: created in electronic format.</p>
<p>
<date when="20130718"></date>
<time when="13:30:00"></time>
</p>
<p n="session">SP11</p>
</sourceDesc>
</fileDesc>
    
<profileDesc>
<textClass>
<keywords scheme="original" n="category">
<term>Paper</term>
</keywords>
<keywords scheme="original" n="subcategory">
<term>Short Paper</term>
</keywords>
<keywords scheme="original" n="keywords">
<term>systematic bibliography</term>
<term>classification</term>
<term>digital collections</term>
<term>materiality</term>
                
</keywords>
<keywords scheme="original" n="topic">
<term>metadata</term>
<term>ontologies</term>
<term>knowledge representation</term>
<term>bibliographic methods/textual studies</term>
<term>genre-specific studies: prose, poetry, drama</term>
       
</keywords>
</textClass>
</profileDesc>
    
<revisionDesc>
<change>
<date when="2013-03-29"></date>
<name>Erin Pedigo</name>
<desc>Initial encoding</desc>
</change>
</revisionDesc>
</teiHeader>
    
<text type="paper">
<body>
<div>
    
    <p>This paper will grapple with the relationship between geography and literature or, to borrow a phrase from Kevin Bartoy, “between dirt and discussion.”<ref type="note" target="n01">1</ref> Based on key foundational questions and a brief review of current humanities-based GIS projects, I propose that GIS (Geographical Information Systems) offers the potential to re-imagine the form and practice of literary editions and affords pedagogical opportunities for spatial analysis in literary studies.</p>
    <p>This past spring, students in my Literature and Maps class experimented with Google Earth to create a small literary edition of Malory’s Roman War account (from <hi rend="italic">Le Morte Darthur</hi>) as a means to explore how textuality and ambiguity might be accommodated in a system based on locational coordinates and quantitative principles. With GIS projects already changing the practice of <hi rend="italic">analyzing</hi> literary texts; does it also hold the potential to change the practice of <hi rend="italic">producing</hi> literary texts such that they foster spatial thinking and new means of reading and analyzing literary texts? Annotated editions within a geographical platform offer the potential for student projects as contingent, learning-based editions which explore digital and imaginative terrain in the production of literary editions and digital humanities projects.</p>
    <p>Theoretical and historical contexts that arise from the “spatial turn” in literary studies and the humanities<ref type="note" target="n02">2</ref> are key foundational questions that ideally should inform the editorial principles of GIS-based literary editions prior to the technical work of layering a text into a GIS system. Such spatially-based projects in the digital humanities hold significant potential for collaboration between geographers and humanists, between the “the poets and the geeks<ref type="note" target="n03">3</ref>.</p>
    <p>Researchers in the discipline of history have enthusiastically embraced the potential of GIS and, indeed, Richard White, in his introduction to <hi rend="italic">Placing History: How Maps, Spatial Data, and GIS are Changing Historical Scholarship</hi> has predicted that GIS databases “are going to change the practice of history<ref type="note" target="n04">4</ref>.” It is significant, however, that in the seminal text <hi rend="italic">The Spatial Humanities: GIS and the Future of Humanities Scholarship,</hi> literary scholars and editors are notably absent as contributors. The Scholars Lab, of course, has begun to generate work such as <hi rend="italic">Mapping St. Petersburg</hi> which is experimenting with “literary cartography” to explore the representation of space in literary texts<ref type="note" target="n05">5</ref>.</p>
    <p>There has been a strong pedagogical interest in “literary mapping” via web sites such as Google Lit Maps, but itinerary-based mapping provides only a rudimentary means by which to investigate the potential intersection of GIS and literary study. Indeed, “lit-maps” run the risk of sidestepping Michel de Certeau’s concern that “surveys of routes miss what was: the act itself of passing by<ref type="note" target="n06">6</ref> and thereby reducing spatial analysis of literary texts to the reductive reproduction of itineraries.</p>
    <p>GIS projects offer the potential for a more complex engagement with spatial methodology than mere itinerary mapping, including, as David Bodenhamer has noted, “text-based geographical analysis, multimedia, animated maps, deep contingency, deep mapping, and the geo-spatial semantic web<ref type="note" target="n07">7</ref>.” The very concept of “deep contingency” offers striking potential for editors and readers of GIS-based literary editions, a potential that has yet to be explored. Such digital humanities-based editions, I would argue, need to accommodate fluidity if they are to engage readers in the kind of analysis Bodenhamer envisions.</p>
    <p>Currently, there are a few digital humanities projects that explore the possibility of a GIS-based literary edition. By virtue of the presence of a full version of the text within the GIS system, <hi rend="italic">Mapping the Lakes: A Literary GIS</hi> comes closest to creating a true GIS-based literary edition, although the data analysis is less than fully integrated with a readerly analysis of the texts. David Wallace’s project, <hi rend="italic">Europe: A Literary History</hi><ref type="note" target="n08">8</ref> smartly utilizes key principles of GIS to produce a collaborative approach to literary history that also explores geographic relation in light of what Iain Chambers has conceptualized as “fluid cartographies<ref type="note" target="n09">9</ref>.” Many contemporary geographers have chafed under the ascendency of GIS in geography departments and the limitations of qualitative analysis within GIS systems; in this regard, literary scholars bring both naiveties and methodological approaches that can critically engage in GIS reception and use. For students, the technical and editorial issues in creating a GIS-based edition offers an opportunity to engage in spatially-attuned literary practices.</p>
    <p>This “field report” will engender a conversation about possible methodologies for literary GIS editions and share my students’ foray into the creation of a Google Earth-based edition. I hope to initiate a discussion of pedagogical opportunities for students to engage with literary texts as editors, analytic cartographers, and readers in the process of producing digital and spatial humanities projects.</p>
</div> 
<div>

<head>Notes</head>

<note xml:id="n01" n="1">Kevin Bartoy, <hi rend="italic">Between Dirt and Discussion: Methods, Methodology, and Interpretation in Historical Archeology</hi> (2006).</note>
<note xml:id="n02" n="2">For example, foundational work by Henri Lefebvre, <hi rend="italic">The Production of Space</hi> (1974) and Edward Soja, <hi rend="italic">Postmodern Geographies: The Reassertion of Space in Postmodern Critical Theory</hi> (1989).</note>
<note xml:id="n03" n="3">Cohen, Patrica, “Digital Keys for Unlocking the Humanities’ Riches,” <hi rend="italic">The New York Times,</hi> November 16, 2010.  </note>
<note xml:id="n04" n="4">Richard White, <hi rend="italic">Placing History: How Maps, Spatial Data, and GIS are Changing Historical Scholarship</hi> (2008).</note>
<note xml:id="n05" n="5">See Mapping Saint Petersburg. </note>
<note xml:id="n06" n="6">Michel de Certeau, “Walking in the City.” </note>
<note xml:id="n07" n="7">David Bodenhamer, <hi rend="italic">The Spatial Humanities: The Future of Humanities Scholarship</hi> (2010).</note>
<note xml:id="n08" n="8">  Europe: A Literary History</note>
<note xml:id="n09" n="9"> Iain Chambers, “Maritime Criticism and Theoretical Shipwrecks,” <hi rend="italic">PMLA </hi>2010.</note>
</div>
</body>    
</text>
</TEI> 
        
