<?xml version="1.0" encoding="UTF-8"?>

<?oxygen RNGSchema="http://jetson.unl.edu/cdrh/schemas/tei_all.rng" type="xml"?>
<TEI xmlns="http://www.tei-c.org/ns/1.0" xml:id="ab-217">
    
<teiHeader>
<fileDesc>
<titleStmt>
<title>Solitary Mind, Collaborative Mind: Close Reading and Interdisciplinary Research</title>
<author>
<name><surname>Coles</surname>, <forename>Katherine</forename></name>
<affiliation>University of Utah, United States of America</affiliation>
<email>k.coles@english.utah.edu</email>
</author>
<author>
<name><surname>Lein</surname>, <forename>Julie Gonnering</forename></name>
<affiliation>University of Utah, United States of America</affiliation>
<email>jkglein@gmail.com</email>
</author>
</titleStmt>
<publicationStmt>
<authority></authority>
<publisher>University of Nebraska-Lincoln</publisher>
<distributor>
<name>Center for Digital Research in the Humanities</name>
<address>
<addrLine>319 Love Library</addrLine>
<addrLine>University of Nebraska&#8211;Lincoln</addrLine>
<addrLine>Lincoln, NE 68588-4100</addrLine>
<addrLine>cdrh@unlnotes.unl.edu</addrLine>
</address>
</distributor>
<pubPlace>Lincoln, Nebraska</pubPlace> 
<address>
<addrLine>University of Nebraska-Lincoln</addrLine>
<addrLine>Lincoln, NE 68588-4100</addrLine>
</address>
<availability>
<p></p>
</availability>
</publicationStmt>
            
<notesStmt><note type="abstract">In a long paper abstract for this conference, we discuss the process and thinking that led to the development of software that visualizes poems as complex dynamic systems with large data sets. In this presentation, we will discuss how working within such a radically interdisciplinary context has already led us to new insights about poetry, its features, and its operations. Our focus in this short paper will be not on the technology, but on how working collaboratively with visualization scientists has _in itself, independently_ of the technology, led us to new insights about poetry. For this reason, we argue, the practice of collaboration across the boundaries of very different disciplines has its own inherent value, even to a discipline like ours in which work and the “freedom to explore” has most traditionally been associated with solitude.</note></notesStmt>          
<sourceDesc>
<p>No source: created in electronic format.</p>
<p>
<date when="20130719"></date>
<time when="08:30:00"></time>
</p>
<p n="session">SP14</p>
</sourceDesc>
</fileDesc>
    
<profileDesc>
<textClass>
<keywords scheme="original" n="category">
<term>Paper</term>
</keywords>
<keywords scheme="original" n="subcategory">
<term>Short Paper</term>
</keywords>
<keywords scheme="original" n="keywords">
<term>poetry</term>
<term>visualization</term>
<term>interdisciplinary research</term>
               
</keywords>
<keywords scheme="original" n="topic">
<term>literary studies</term>
<term>text analysis</term>
<term>creative and performing arts including writing</term>
<term>genre-specific studies: prose, poetry, drama, visualisation</term>  
                
</keywords>
</textClass>
</profileDesc>
    
<revisionDesc>
<change>
<date when="2013-03-29"></date>
<name>Erin Pedigo</name>
<desc>Initial encoding</desc>
</change>
</revisionDesc>
</teiHeader>
    
<text type="paper">
<body>
<div>   

    <p>We have discussed in some detail elsewhere, including in a longer paper at this conference, our ongoing development of software that visualizes poems as complex dynamic systems (Abdul-Rahman, et al. 2013a; Abdul-Rahman, et al. 2013b). In this presentation, we will discuss how working within this interdisciplinary context, which forced us to think about how poems work both as large, complex systems and on their most granular levels, has already led us to new insights about poetry, its features, and its operations. Our focus here will be not on the technology itself, nor on the literary perspectives we have been bringing to bear in its design. Rather, we will discuss how working collaboratively with visualization scientists, whose research practices and values could not be more different from our own, has caused us to imagine poems differently, and on how this adjustment in our thinking, which would not otherwise have happened, has <hi rend="italic">in itself, independently</hi> of the technology, led us to new insights about poetry. Interdisciplinary dialogues are also revising our ideas about broader subjects like aesthetics and information as well as the specific ways our different fields perceive them acting on each other. For this reason, we argue, collaboration across the boundaries of very different disciplines has its own inherent value, even to a discipline like ours in which writing, reading, and the ‘freedom to explore’ has most traditionally been associated with solitude.</p>
    <p>Even as interest in distant reading (Moretti 2007) rises in the digital humanities, close reading remains central to the practices at the heart of literary scholarship. As helpful as it can be in opening new directions of criticism, distant reading &#8212; with its reliance on abstract models based on data mining and quantification &#8212; removes human readers from the center of the reading process, bringing them in after the ‘reading’ phase is finished to interpret not texts but data. Thus, these approaches fail to support the most important practice in the study of poetry, which is valued precisely because of its experiential richness. In contrast, close readers engage texts directly, intimately and in detail; they trace the finest interactions among such literary features as rhyme and meter, sound, figures, and syntax, noting how even the subtlest movements and operations (a comma, a repeated vowel, etc.) influence a reader’s interpretation(s) and experience(s) of a particular poem. While the words in a given poem in a given version remain the same, different skilled readers will interact with those words in different ways by choosing moment by moment what to engage and what to ignore. Thus, there is no single ‘correct’ solution to any close reading problem, though there may be many incorrect solutions. A reader’s choices are led both by what is happening on the page and by the reader’s preferences and interests. Close reading, as both expression and experience, thus manifests interactions between poems and human minds.</p>
    <p>While close reading is sometimes positioned as belonging to the set of practices not amenable to digitization, we have found in our own work and in a review of the work of others that this is not necessarily the case.  In fact, there is no shortage of software designed and applied with the <hi rend="italic"> intention</hi> to aid close reading practice, whether or not it is yet effective in doing so (Chaturvedi 2011; Chaturvedi, et al., 2012; Clement 2012; Plamondon 2006; Ruecker, et al., 2008; Unsworth and Mueller 2009).  This abundance indicates, in our view, an urgent desire in the literary community to embrace and explore the power of computation while at the same time prioritizing and protecting the relationship between literature and human readers. As we explain in our longer paper, one distinguishing feature of our project is the strong emphasis we are placing on poetry’s experiential quality, which we locate in its radical multidimensionality &#8212; especially its relationship to time. But we are also, through our interdisciplinary discussions, endeavoring to theorize how to position data visualization and computers as potential &#8212; and potentially potent&#8212;tools to aid close reading.</p>
    <p>Our goal of using visualization to heighten poetic experience has been challenging to describe, understand, and pursue for all the members of our team. In fact, we have struggled to integrate into this overarching objective two distinct and not always obviously compatible elements: intensified aesthetic experience and revelation of new information. Early in our research, we looked to music visualizations for possible analogies that might inform our work. But sometimes impassioned discussions have shown us, for instance, that while visualizers like MilkDrop (Geiss 2012) and the ‘visual music’ of multimedia artists Abstract Birds (2012) may enhance aesthetic pleasure by combining visual and aural elements, they do not necessarily lead viewers to new intellectual perceptions about the music. The computer scientists in our group prioritize information clarity and communication through timesaving tools and techniques. Accustomed to collaborating with biologists, engineers, physicists and physicians to visualize phenomena like combustion, the brain and its electrical impulses, magnetic fields, etc., they have emphasized that their work is more than ‘just pretty pictures.’ At the same time, we poets have consistently defended the aesthetic as meaningful: in poet Robert Creeley’s words, "FORM IS […] AN EXTENSION OF CONTENT" (Olson 1966, p. 16, emphasis original). More is at stake than superficial display, we have argued; especially when visualizing aesthetic objects, events, or systems (like poetry), aesthetic choices are necessarily core design considerations. The aesthetics of individual visualizations should somehow reflect the uniqueness of individual poems.</p>
    <p>Similarly, our visualization scientist colleagues are used to identifying specific problems to solve, data to isolate, hypotheses to test: explicit aims that help them define programming strategies and evaluation techniques for very complicated software. Our stance on verifiability and accuracy is more ambivalent and ambiguous. Initially we resisted the very idea of literary hypotheses-making and testing, until we saw it as describing the many questions and choices a close reader constantly makes on the fly in her encounter with a poem. We continue to contemplate what ‘poetic data’ might mean, and what its relationship to literary forms and devices like lineation and metaphor might be.  Even in our initial focus on poetic sound, the issue of accuracy has proven difficult to treat. How should we mathematically define rhyme? What constitutes the smallest measurable repeating sonic cluster? Of course we want our program to be able to correctly identify single repeating phonemes to show assonance and consonance. But accuracy becomes categorically more uncertain and tenuous as soon as we move beyond single phonemes. Should only full end rhymes qualify as rhymes? What about internal rhymes? Slant rhymes? As we build this software in hopes of its being useful for as many readers as possible, we want to consider not only how we, but how others whose literary perspectives differ from our own, might answer such questions. We want our software to allow individual reader-users to choose how to define some of these parameters in order to best support their unique close readings.</p>
<p>In our program, then, visualizations are not authoritative arbiters to reduce poetic complexity, give definitive answers, or merely save time; rather, they are <hi rend="italic">aesthetic agents</hi>, using visual constructs and perception to reveal poetic features, patterns, and qualities readers might not otherwise have noticed by prompting them toward fresh experiences, insights, and questions. Thus, the visualizations do not replace close reading; they suggest rich avenues for initial and subsequent explorations, cuing the reader into which operations of the poem may merit further investigation. This orientation has also encouraged us to consider how the human-computer interaction developing through this software may prove more nuanced than the word ‘tool’ superficially suggests. It has provoked us to ask whether and in what sense the computer generating these visualizations might fruitfully be considered a fellow literary entity and even collaborator in the close reading process&#8212;questions we have differed on, as we will explain in our presentation.</p>
<p>Given our usual scholarly practices &#8212; based in the essentially experiential and qualitative nature of poetry, not to mention in the space of determined solitude where poetry is usually experienced&#8212;we were not natural targets for a project in visualizing poetry or even for a project that is highly collaborative.  Of course we recognize that collaboration can generate programs and poems that otherwise would not have been possible. And this interdisciplinary project is indeed accomplishing those results. But it is also challenging us to examine fundamental issues, including our expectations and understanding of collaboration itself. We were brought into the project by our collaborators’ commitment to respond to our existing values and practices.  Among the surprises for us has been the usefulness of collaboration itself to the practices and priorities we already embrace. At the same time, when one of the computer scientists in our group recently invoked Gregory Bateson’s notion of information as <hi rend="italic">‘the difference which makes a difference,’ </hi>(1972, p. 453, emphasis original) we recognized it as an apt description of our interdisciplinary research: exploring our various differences is not only leading us to new territory, it is helping us see familiar ground anew.</p></div>
    
<div>    
<head>Funding</head>    
    <p>This work was supported by a Digging Into Data Challenge grant: in the US, by the National Endowment for the Humanities; and in the UK by the Arts and Humanities Research Council, Economic and Social Research Council, and JISC. We would also like to acknowledge and thank our collaborators: Alfie Abdul-Rahman, Min Chen, Christopher Johnson, Eamonn Maguire, Miriah Meyer, and Martin Wynne.</p>
</div>
    
</body>
    
<back>
<div type="References">
<listBibl>
    
<bibl><hi rend="bold">Abdul-Rahman, A., K. Coles, J. Lein, and M. Wynne</hi> (2013a). Freedom and Flow: A New Approach to Visualizing Poetry. Paper to be presented at Digital Humanities 2013, University of Nebraska-Lincoln. July 2013.</bibl>
    
<bibl><hi rend="bold">Abdul-Rahman, A., J. Lein, K. Coles, E. Maguire, M. Meyer, M. Wynne, A. E. Trefethen, C. Johnson, and M. Chen</hi> (2013). Rule-based Visual Mappings &#8212; with a Case Study on Poetry Visualization. Paper conditionally accepted to EuroVis, Leipzig, Germany.</bibl>
    
<bibl><hi rend="bold">Abstract Birds.</hi> (2012). <ref type="url" target="http://www.abstractbirds.com">http://www.abstractbirds.com</ref> (accessed 19 February 2013).</bibl>
    
<bibl><hi rend="bold">Bateson, G. </hi> (1972). Form, Substance, and Difference. In <hi rend="italic">Steps to an Ecology of Mind.</hi> New York: Ballantine.</bibl>
    
<bibl><hi rend="bold">Chaturvedi, M.</hi> (2011). <hi rend="italic">Visualization of TEI Encoded Texts in Support of Close Reading.</hi> M.S. thesis. Ohio: Miami University of Ohio. <ref type="url" target="http://etd.ohiolink.edu/sendpdf.cgi/Chaturvedi%20Manish.pdf?miami1323623830">http://etd.ohiolink.edu/sendpdf.cgi/Chaturvedi%20Manish.pdf?miami1323623830</ref> (accessed 6 September 2012). </bibl>
    
<bibl><hi rend="bold">Chaturvedi, M., G. Gannod, L. Mandell, H. Armstrong, and E. Hodgson</hi> (2012). Myopia: A Visualization Tool in Support of Close Reading. <hi rend="italic">Digital Humanities 2012</hi>. held July 2012 at University of Hamburg.<ref type="url" target="http://lecture2go.uni-hamburg.de/konferenzen/-/k/13930">http://lecture2go.uni-hamburg.de/konferenzen/-/k/13930</ref>(accessed 6 September 2012).</bibl>
    
<bibl><hi rend="bold">Clement, T. </hi> (2012). Methodologies in the Digital Humanities for Analyzing Aural Patterns in Texts. <hi rend="italic">Proceedings of the 2012 iConference.</hi> Toronto, Canada, February 2012. ACM Digital Library: <ref type="url" target="http://dl.acm.org/citation.cfm?id=2132213">http://dl.acm.org/citation.cfm?id=2132213</ref> (accessed 6 September 2012).</bibl>
    
<bibl><hi rend="bold">Geiss, R.</hi> (2012). <hi rend="italic">MilkDrop.</hi> <ref type="url" target="http://www.geisswerks.com/milkdrop/">http://www.geisswerks.com/milkdrop/</ref> (accessed 19 February 2013).</bibl>
    
<bibl><hi rend="bold">Moretti, F. </hi> (2007). <hi rend="italic">Maps, Graphs, and Trees: Abstract Models for Literary History.</hi> London: Verso.</bibl>
    
<bibl><hi rend="bold">Plamondon, M. </hi> (2006). Virtual Verse Analysis: Analysing Patterns in Poetry. <hi rend="italic">Literary and Linguistic Computing.</hi> 21(Suppl), 127-141. <ref type="url" target="http://llc.oxfordjournals.org">http://llc.oxfordjournals.org</ref> (accessed 3 December 2012).</bibl>
    
<bibl><hi rend="bold">Ruecker, S., M. Radzikowska, P. Michura, C. Fiorentino, and T. Clement.</hi> (2008). Visualizing Repetition in Text. <hi rend="italic">CHWP</hi> A.46  <ref type="url" target="http://projects.chass.utoronto.ca/chwp/CHC2007/Ruecker_etal/Ruecker_etal.htm">http://projects.chass.utoronto.ca/chwp/CHC2007/Ruecker_etal/Ruecker_etal.htm</ref> (accessed 6 September 2012). </bibl>
    
<bibl><hi rend="bold">Unsworth, J., and M. Mueller.</hi> (2009). <hi rend="italic">The MONK Project Final Report.</hi> <ref type="url" target="http://www.monkproject.org/MONKProjectFinalReport.pdf">http://www.monkproject.org/MONKProjectFinalReport.pdf</ref> (accessed 6 September 2012).</bibl>
    
</listBibl>
</div>
</back>
</text>
</TEI>    
