<?xml version="1.0" encoding="utf-8"?>
<?oxygen RNGSchema="http://jetson.unl.edu/cdrh/schemas/tei_all.rng" type="xml"?>
<TEI xmlns="http://www.tei-c.org/ns/1.0" xml:id="ab-200">

<teiHeader>
<fileDesc>
<titleStmt>
<title>Uncovering the “hidden histories” of computing in the Humanities 1949–1980: findings and reflections on the pilot project</title>
<author>
<name><surname>Nyhan</surname>, <forename>Julianne</forename></name>
<affiliation>University College London, United Kingdom</affiliation>
<email>julianne.nyhan@gmail.com</email>
</author>
<author>
<name><surname>Welsh</surname>, <forename>Anne</forename></name>
<affiliation>University College London, United Kingdom</affiliation>
<email>anne.welsh@gmail.com</email>
</author>
</titleStmt>
<publicationStmt>
<authority></authority>
<publisher>University of Nebraska-Lincoln</publisher>
<distributor>
<name>Center for Digital Research in the Humanities</name>
<address>
<addrLine>319 Love Library</addrLine>
<addrLine>University of Nebraska&#8211;Lincoln</addrLine>
<addrLine>Lincoln, NE 68588-4100</addrLine>
<addrLine>cdrh@unl.edu</addrLine>
</address>
</distributor>
<pubPlace>Lincoln, Nebraska</pubPlace> 
<address>
<addrLine>University of Nebraska-Lincoln</addrLine>
<addrLine>Lincoln, NE 68588-4100</addrLine>
</address>
<availability>
<p></p>
</availability>
</publicationStmt>

<notesStmt><note type="abstract">Despite the relative longevity of Digital Humanities (its origins are usually traced back to at least 1949, when Fr Roberto Busa, an Italian, Jesuit priest, began work on an index variorum of some 11 million words of medieval Latin in the works of St Thomas Aquinas and related authors) we know very little of its history. In this paper we focus on the key findings of the pilot stage of the ‘Hidden Histories’ project. We will demonstrate that Oral History is an important and productive methodology in such research and that it has resulted in the creation of primary sources that not only offer new information and interpretations of the field but that can also be used for further historical research.</note></notesStmt>

<sourceDesc>
<p>No source: created in electronic format.</p>
<p>
<date when="20130717"></date>
<time when="08:30:00"></time>
</p>
<p n="session">LP01</p>
</sourceDesc>
</fileDesc>

<profileDesc>
<textClass>
<keywords scheme="original" n="category">
<term>Paper</term>
</keywords>
<keywords scheme="original" n="subcategory">
<term>Long Paper</term>
</keywords>
<keywords scheme="original" n="keywords">
<term>history</term>
<term>oral history</term>
<term>ethnography</term>
</keywords>
<keywords scheme="original" n="topic">
<term>history of Humanities Computing/Digital Humanities</term>
<term>folklore and oral history</term>
</keywords>
</textClass>
</profileDesc>

<revisionDesc>
<change>
<date when="2013-04-30"></date>
<name>Laura Weakly</name>
<desc>Initial encoding</desc>
</change>
</revisionDesc>
</teiHeader>

<text type="paper">
<body>
<div>

<div>
<head>Introduction </head>

<p>Despite the relative longevity of Digital Humanities (its origins are usually pinpointed to at least 1949, when Fr Roberto Busa, an Italian, Jesuit priest, began work on an <hi rend="italic">index variorum</hi> of some 11 million words of medieval Latin in the works of St Thomas Aquinas and related authors) very little is known of history. In this paper we will present the key findings of the pilot stage of the ‘Hidden Histories’ project, which is building an oral prosopography that explores the social, cultural and intellectual factors that helped to shape the work of Digital Humanities scholars since c.1949. We will also demonstrate that Oral History is an important and productive methodology in such research and that it has resulted in the creation of primary sources that not only offer new information and interpretations of the field but that can also be used for further historical research.</p>
</div>

<div>
<head>Research context and key aims  </head>

<p>Contributions and notes towards a history of the field have been appearing since at least 1996 (for example, Fraser 1996; McCarty 2003; Hockey, 2004).  The most substantial contribution published to date, that of Hockey (2004), is a chronological outline that emphasises key developments such as TEI.  As welcome and important as such contributions are they neither are, nor aim to be, comprehensive histories of the field. As McCarty has argued “For computing to be <hi rend="italic">of</hi> the humanities as well as <hi rend="italic">in</hi> them, we must get beyond catalogues, chronologies, and heroic firsts to a genuine history. There are none yet.” (McCarty 2008: 255). </p>

<p>Nevertheless, more recent and ongoing research is enabling us to fill in aspects of the broad outlines of such a history. Barnet has researched, <hi rend="italic">inter alia</hi>, the evolution of the Memex (2009) and the hypertext editing systems HES and FRESS (2010); Rockwell et al (2011) have presented on the incunabular history of computing in Canada and both Willard McCarty (forthcoming, see <ref type="url" target="http://www.mccarty.org.uk/">http://www.mccarty.org.uk/</ref>) and Edward Vanhoutte (forthcoming, see <ref type="url" target="http://www.edwardvanhoutte.org/onderzoek/index.htm">http://www.edwardvanhoutte.org/onderzoek/index.htm</ref>) are at work on book-length studies of DH literary history and editions. </p> 

<p>Looking to the history of computing we can identify a number of the technological developments that gave rise to the possibility of viewing computers as more than mere number crunchers that were unsuitable for use in Humanities research. Given the nature of the Humanities, and its long standing oppositions &#8212; between, <hi rend="italic">inter alia</hi>, techn&#233; and episteme; lone scholars and collaborative teams; discipline and interdiscipline&#8212; we hold that the very fact that the computer was used in Humanities research at all is as significant as the results it has yielded. However, the social, cultural and educational factors that helped to shape the early uptake of computing in the Humanities are little understood; it is this gap that the project sought to address.  A key aim of the pilot was to investigate the appropriateness of Oral History as a methodology for capturing memories, observations and insights that are rarely recorded in the scholarly literature of the field. Accordingly, we carried out a number of pilot interviews in order to test and refine our methodology, aims and research questions. This paper will describe the key findings of the pilot project 'Uncovering the “hidden histories” of computing in the Humanities 1949–1980,' which has resulted in the creation of primary sources that will further research in this area (for example, McCarty, Nyhan et al forthcoming; Rockwell, Nyhan et al forthcoming; Short, Nyhan et al forthcoming; Siemens, Welsh et al forthcoming; Unsworth, Welsh et al forthcoming). </p>
</div>

<div>
<head>Methodology </head>

<p>During the pilot phase oral history interviews were carried out with ten prominent scholars in the field including, among others, Willard McCarty, Geoffrey Rockwell, Harold Short, Ray Siemens, John Unsworth. Now into a further iteration of the project the range of people who are being interviewed has been extended. This is to ensure a better balance between the contributions of emeritus, established, mid- and early career scholars as well as gender. Also being interviewing are those who have not necessarily followed a purely academic career path but have worked in research management, funding, foresight and strategy and service or support positions.</p>  

<p> The chief methodology of the project was an oral history one. Oral history has been defined as “the investigation of the past by means of personal recollections, memories, evocations or life stories, where the individual talks about their experiences, attitudes and values to a researcher” (Hitchcock and Hughes 1995, 220).  Semi-structured interviews were based around the following questions:  
<list type="ordered">
<item>1) Please tell me about your earliest memory of encountering computing
technology</item>
<item>2) Did you receive formal training in programming or computing?</item>
<item>3) How did you first get involved in what we now refer to as Digital Humanities?</item>
<item>4) Which people particularly influenced you and how?</item>
<item>5) What about scholars who were not using computers in their research do you have some sense of what their views about humanities computing were?</item>
<item>6) What was your first engagement with the 'conference community' and how did that come about?</item></list></p>

<p>Content analysis was initially investigated in order to analyse the interviews; however, this was ultimately rejected in favour of a close reading approach. As will be explored in greater detail in the full paper one of the chief strengths of an oral history methodology is its propensity to expose, rather than gloss over the heterogeneity, dissent and difference that is an integral part of the history of computing in the humanities. In seeking to move away from the hitherto evolutionary and catalogue-based approach to the history of computing in the humanities that has often been pursued it seemed especially important to give due regard to this.</p>  
</div>

<div>
<head>Key themes that emerged from the interviews</head>
<p>The forthcoming publications referred to above are to transcripts and audio recordings of five interviews carried out during the pilot phase. The paper will present the key findings of the pilot project based on an analysis of all of the interviews carried out. Specifically we will: 

<list type="ordered"><item>(i)	Identify and reflect on the advantages and disadvantages of using an Oral History methodology for such research </item></list></p>

<p>We will also explore in detail two of the key themes that emerged from the interviews and their implications: 
<list type="ordered"><item>(ii) The interviews revealed that historically, both the entry routes through which people entered the field and the levels of formal training in computing that they had access to differ substantially. For example, Willard McCarty did not have access to formal training in computing when he was at Reed college in the 1960s, instead he learned programming ‘by doing’ (McCarty, Nyhan et al forthcoming). In contrast, Ray Siemens, had access to formal training in computing when he was in the English department of the University of Waterloo in the mid-1980s (Siemens, Welsh et al forthcoming). All data collected on this theme will be presented and possible implications discussed. For example, looking to the present time, as more and more dedicated Digital Humanities courses are being founded in countries such as the United Kingdom, Germany, Canada and the USA etc, students have the opportunity to undertake formal and focused training in the subject. It will be most interesting to see, in due course, how this formalisation of the routes of entry into the discipline will effect interpretations about what it is. Will we still be having the ‘what is digital humanities’ debate in ten years and how important will it be to understanding the early history of the emergence of the discipline? </item>
<item>(iii) Some interviews, for example, that carried out with Harold Short reveal the importance of the social, intra-personal and administrative work that appears to have been so central to the establishment and institutionalisation of Digital Humanities. Nevertheless, this work tends to be of lower profile that formal scholarly research and is rarely explored in historical studies of the field. The data collected on this will be presented and its wider comparative context with other emerging disciplines will be explored.  </item></list></p>
</div>

<div>
<head>Conclusion </head>

<p>The history of Digital Humanities is a research topic that has been neglected not only by those working in long established Humanities subjects but also by the Digital Humanities community itself; much interesting and essential work in this area remains to be done. This paper will present the new findings that the Hidden Histories project has uncovered and will also argue that Oral History has a central role to play in such research. Furthermore, it will draw attention to the pressing need that exists for histories of Digital Humanities.  </p>
</div>
   
</div>

</body>

<back>
<div type="References">
<listBibl>

<bibl><hi rend="bold">Barnet, B.</hi> (2010). Crafting the User-Centered Document Interface: The Hypertext Editing System (HES) and the File Retrieval and Editing System (FRESS). <hi rend="italic">Digital Humanities Quarterly</hi> <hi>4.1</hi></bibl>

<bibl><hi rend="bold">Barnet, B. </hi> (2008). The Technical Evolution of Vannevar Bush’s Memex. <hi rend="italic">Digital Humanities Quarterly</hi> <hi>2.1</hi></bibl>

<bibl><hi rend="bold">Fraser, M.</hi> (1996). A Hypertextual History of Humanities Computing. <ref type="url" target="http://users.ox.ac.uk/~ctitext2/history/">http://users.ox.ac.uk/~ctitext2/history/</ref> </bibl>

<bibl><hi rend="bold">Hitchcock, G., and D. Hughes.</hi> (1995). <hi rend="italic">Research and the teacher: a qualitative introduction to school-based research</hi>. Routledge.</bibl>

<bibl><hi rend="bold">Hockey, S. </hi> (2004). The History of Humanities Computing. In Schreibman, S., et al. (eds), <hi rend="italic">A Companion to Digital Humanities</hi>. Oxford: Blackwell. <ref type="url" target="http://www.digitalhumanities.org/companion/">http://www.digitalhumanities.org/companion/</ref></bibl>

<bibl><hi rend="bold">Mahoney, M. S. </hi> (1996). Issues in the history of computing. In Bergin Jr., T. J., and Gibson, R.  G. (eds), <hi rend="italic">History of programming languages &#8212; II</hi>. New York: ACM.</bibl>

<bibl><hi rend="bold">McCarty, W., J. Nyhan, A. Welsh, and J. Salmon.</hi> Questioning, Asking and Enduring Curiosity: an Oral History Conversation between Julianne Nyhan and Willard McCarty. <hi rend="italic">Digital Humanities Quarterly</hi>  [Forthcoming]</bibl>

<bibl><hi rend="bold">McCarty, W.</hi> (2003). Humanities Computing. In <hi rend="italic">Encyclopedia of Library and Information Science</hi>. New York: Marcel Dekker. 1224-1235.</bibl>

<bibl><hi rend="bold">McCarty, W. </hi> (2008). Whats going on? <hi rend="italic">Literary and Linguistic Computing</hi> <hi>23.3</hi>: 253-261.</bibl>

<bibl><hi rend="bold">Rockwell, G., J. Nyhan, A. Welsh, J. Salmon.</hi> Trading Stories: an Oral History Conversation between Geoffrey Rockwell and Julianne Nyhan. <hi rend="italic">Digital Humanities Quarterly</hi>  [Forthcoming]</bibl>

<bibl><hi rend="bold">Rockwell, G., V. S. Smith, and S. Hoosein, et al.</hi> (2011a). Computing in Canada: a history of the incunabular years. <hi rend="italic">Digital Humanities 2011</hi> <ref type="url" target="http://dh2011abstracts.stanford.edu/xtf/view?docId=tei/ab-311.xml;query=;brand=default">http://dh2011abstracts.stanford.edu/xtf/view?docId=tei/ab-311.xml;query=;brand=default</ref> </bibl>
 
<bibl><hi rend="bold">Short, H., J. Nyhan, A. Welsh, and J. Salmon</hi> Collaboration must be fundamental or it's not going to work: an Oral History Conversation between Harold Short and Julianne Nyhan. <hi rend="italic">Digital Humanities Quarterly</hi>  [Forthcoming]</bibl>

<bibl><hi rend="bold">Siemens, R., A. Welsh, J. Nyhan, and J. Salmon.</hi> Video-gaming, Paradise Lost and TCP/IP: an Oral History Conversation between Ray Siemens and Anne Welsh. <hi rend="italic">Digital Humanities Quarterly</hi> [Forthcoming]</bibl>

<bibl><hi rend="bold">Unsworth, J., A. Welsh, J. Nyhan, and J. Salmon.</hi> Postmodern Culture and more: an Oral History Conversation between John Unsworth and Anne Welsh. <hi rend="italic">Digital Humanities Quarterly</hi>  [Forthcoming]</bibl>

</listBibl>
</div>
</back>
</text>
</TEI>

