<?xml version="1.0" encoding="UTF-8"?>

<?oxygen RNGSchema="http://jetson.unl.edu/cdrh/schemas/tei_all.rng" type="xml"?>
<TEI xmlns="http://www.tei-c.org/ns/1.0" xml:id="ab-264">
    
    <teiHeader>
        <fileDesc>
            <titleStmt>
                <title>The Digital Scholarship Training Programme at British Library</title>
                <author>
                    <name><surname>McGregor</surname>, <forename>Nora</forename></name>
                    <affiliation>British Library, United Kingdom</affiliation>
                    <email>nora.mcgregor@bl.uk</email>
                </author>
                <author>
                    <name><surname>Farquhar</surname>, <forename>Adam</forename></name>
                    <affiliation>British Library, United Kingdom</affiliation>
                    <email>adam.farquhar@bl.uk</email>
                </author>                          
            </titleStmt>
            <publicationStmt>
                <authority></authority><publisher>University of Nebraska-Lincoln</publisher>
                <distributor>
                    <name>Center for Digital Research in the Humanities</name>
                    <address>
<addrLine>319 Love Library</addrLine>
<addrLine>University of Nebraska&#8211;Lincoln</addrLine>
<addrLine>Lincoln, NE 68588-4100</addrLine>
<addrLine>cdrh@unlnotes.unl.edu</addrLine>
</address>
                </distributor>
                <pubPlace>Lincoln, Nebraska</pubPlace> 
                <address>
<addrLine>University of Nebraska-Lincoln</addrLine>
<addrLine>Lincoln, NE 68588-4100</addrLine>
</address>
                <availability>
                    <p></p>
                </availability>
            </publicationStmt>
            
            <notesStmt><note type="abstract">The Digital Curator team have recently launched a unique Digital Scholarship Training Programme, aimed at providing nearly 300 curators across Scholarship &amp; Collections with hands-on opportunities and space to delve into the key concepts, methods and tools that define today’s digital scholarship practice. The aim is to enable curators to situate their collection expertise in the realm of facilitating digital scholarship and to provide them with the practical skills to do so. The ambitious two-year initiative will deliver a core set of fifteen bespoke one-day courses twice a year, covering topics such as basics of the web, data visualisation for analysis in scholarly research and the use of linked data, API’s and the semantic web in libraries. This short paper will discuss the programme&#039;s design and report on the first quarter’s progress, outcomes, best practices and lessons learned in the hopes this model may be useful for similar institutions.</note></notesStmt>  
            
            <sourceDesc>
                <p>No source: created in electronic format.</p>
<p>
<date when="20130718"></date>
<time when="10:30:00"></time>
</p>
<p n="session">SP09</p>
            </sourceDesc>
        </fileDesc>
        
        <profileDesc>
            <textClass>
                <keywords scheme="original" n="category">
                    <term>Paper</term>
                </keywords>
                <keywords scheme="original" n="subcategory">
                    <term>Short Paper</term>
                </keywords>
                <keywords scheme="original" n="keywords">
                    <term>training</term>
                    <term>cultural heritage institutions</term>
                    <term>library staff</term>
                    <term>digital scholarship</term>
                    
                </keywords>
                <keywords scheme="original" n="topic">
                    <term>archives</term>
                    <term>repositories</term>
                    <term>sustainability and preservation</term>
                    <term>digital humanities &#8212; institutional support</term>
                    <term>project design</term>
                    <term>organization</term>
                    <term>management</term>
                    <term>GLAM: galleries, libraries, archives, museums</term>
                    <term>digital humanities &#8212; facilities</term>
                    <term>interdisciplinary collaboration</term>
                    <term>digital humanities &#8212; pedagogy and curriculum</term>
                    
                </keywords>
            </textClass>
        </profileDesc>
        
        <revisionDesc>
            <change>
                <date when="2013-03-29"></date>
                <name>Erin Pedigo</name>
                <desc>Initial encoding</desc>
            </change>
        </revisionDesc>
    </teiHeader>
    
    <text type="paper">
        <body>
            <div>      
                
                <head>Introduction</head>    
                
                <p>Research libraries and cultural heritage institutions must ensure that staff skills and core competencies keep pace with a rapidly changing research environment if they are to continue to effectively support and engage with scholars <ref type="note" target="n01">1</ref>. The American Council of Learned Societies Commission on Cyberinfrastructure for the Humanities &amp; Social Sciences (ACLS 2006) observes that: In recent practice, “digital scholarship” has meant several related things:                
                    <list type="ordered">
                        <item>a) Building a digital collection of information for further study and analysis</item>
                        <item>b) Creating appropriate tools for collection-building</item>
                        <item>c) Creating appropriate tools for the analysis and study of collections</item>
                        <item>d) Using digital collections and analytical tools to generate new intellectual products</item>
                        <item>e) Creating authoring tools for these new intellectual products, either in traditional forms or in digital form </item></list></p>
                <p>The British Library is realigning its services and structure and in 2010 the Digital Scholarship department was established with a remit to ensure the Library develops its strategy and service propositions to enable and support these digital scholarship activities. The Digital Curator team was created within it to build the staff capacity to deliver on this strategy and ensure that the entire collections workforce is fully versed in the opportunities that digital content and new technologies can offer. This paper discusses the design and implementation of our in-house Digital Scholarship Training Programme at British Library.</p>
            </div>    
            
            <div>    
                <head>Training Objectives</head>   
                
                <p>An important first step in shaping our training initiative was the establishment of four clear objectives for what we hoped to achieve for colleagues, and by extension Library users.</p> 
                <list type="ordered">
                    <item>1. Staff across all collection areas are familiar and conversant with the foundational concepts, methods and tools of digital scholarship.
                        
                        <p>Outside the purview of digital scholarship were courses in basic computer literacy: this training was already available to staff through Human Resources.</p></item>
                    
                    <item>2. Staff are empowered to innovate.
                        
                        <p>Seb Chan(Cooper-Hewitt Museum) and Rob Stein(Dallas Museum of Art) stress that innovation can come from anywhere within an organisation and institutions should be careful to avoid erecting unintentional barriers by allotting space and resources too selectively<ref type="note" target="n02">2</ref>. Our programme would underscore that staff across the Library have the power to innovate, and would provide the support to do so.</p></item>
                    
                    <item>3. Our internal capacity for training and skill-sharing in digital scholarship are a shared responsibility across the Library.
                        
                        <p>Within the organisation, there are areas of world-class expertise in digital content, research, and scholarship. The programme must leverage and amplify this by working with these staff to develop and deliver course modules.</p></item>
                    
                    <item>4. Collaborative digital initiatives flourish across subject areas within the Library as well as externally.
                        
                        <p>The training programme would open up direct communication between colleagues across subject areas as well as digital scholars, ensuring opportunities for collaboration and improvements on service arise.</p></item></list>
            </div>
            
            <div>
                <head>Design &amp; Development</head>    
                
                <p>In April 2012 the Digital Curator team embarked on an intensive three-month survey of the current digital scholarship landscape.</p>
                <p>Having conducted a literature survey, the team sought out scholars working at the intersection of computing and scholarship and joined them for informal chats about their research<ref type="note" target="n03">3</ref>. Perhaps inevitably, we were frequently drawn to activities within the field of Digital Humanities, its very existence the embodiment of trends towards more digital scholarly practice in academia<ref type="note" target="n04">4</ref>. We consulted the proceedings of major conferences across Europe such as Digital Humanities 2012 in Hamburg and the Digital Humanities Congress 2012 at University of Sheffield and surveyed the skills which academics were acquiring by attending pertinent training courses <ref type="note" target="n05">5</ref> and reviewing open syllabi<ref type="note" target="n06">6</ref> and course materials.<ref type="note" target="n07">7</ref></p>
                <p>By August 2012 the team had outlined the specific concepts, methods and tools which were of direct relevance to library staff. We initially considered taking an advisory approach whereby we would point staff to externally available training opportunities in the areas we had outlined, but found this would not suffice in meeting our objectives; existing courses were by-and-large written for academics or the private sector and the cost of sending a preponderance of staff on them was prohibitive.</p>
                <p>This informed our decision to design and deliver our own curriculum in-house and we subsequently drafted individual briefs and learning outcomes for what would become our core offering of 15 one-day courses. Each of the three Digital Curators took responsibility for managing five of the courses and worked with our internal advisory board and instructors from within the Library and institutions on the leading edge of digital scholarship such as King’s College London, Open University, University College London and University of Oxford to finalise the courses.</p>
                <p>Instructors were asked to consider the following when preparing course materials:
                    <list type="unordered">
                        <item>Content should be aimed at “intelligent novices”, that is, staff who have heard about the concepts but haven’t had the time, space or opportunity to explore them in any depth.</item>
                        
                        <item>Focus on the wider concepts, methods and processes which tools enable rather than teaching to the tools.</item>
                        
                        <item>Include a hands-on practical element wherever possible, preferably using British Library digital content.</item>
                        
                        <item>Deliver from the library practitioner perspective and highlight the Library’s current work, or potential for such work. It is crucial that staff clearly connect the relevancy of this new knowledge to their role at the Library.</item>
                        
                        <item>Deliver a one-day workshop onsite rather than online. Courses would not be held online as that could unnecessarily alienate an audience with varied technical skills.  A full-day commitment would also provide necessary time and mental space away from business-as-usual activities while underscoring this development is a priority.</item></list></p>
            </div>
            
            <div>
                <head>The Curriculum</head> 
                <p>We launched the two-year programme officially in November 2012 and the first of four planned semesters ran through the end of March 2013 with these fifteen courses:
                    <list>
                        <item>101  What is Digital Scholarship?</item>
                        <item>102  Digital Collections at British Library </item>
                        <item>103  Digitisation at British Library </item>
                        <item>104  Communicating our collections online: Copyright considerations and Opportunities </item>
                        <item>105  Crowdsourcing in Libraries, Museums and Cultural Heritage Institutions</item>
                        <item>106  Text Encoding Initiative </item>
                        <item>107  Data Visualisation for Analysis in Scholarly Research</item>
                        <item>108  Geo-referencing and Digital Mapping</item>
                        <item>109  Information Integration: Mash-ups, API’s and Linked Data</item>
                        <item>110  Social Media: Introduction to the Library’s Social Media Policy, Twitter and Blogging</item>
                        <item>111  Working collaboratively: Using the British Library Wiki, Yammer and Google Drive</item>
                        <item>112  Presentation skills: From Powerpoint to Prezi </item>
                        <item>113  Foundations in working with Digital Objects: From Images to A/V</item>
                        <item>114  Behind the Screen: Basics of the Web HTML, CSS, XML </item>
                        <item>115  Metadata for Electronic Resources: Dublin Core, METS, MODS, XML</item></list>
                    The content of each was carefully designed to specifically suit the Library’s point-of-view. For example, the course ‘Information Integration: Mash-ups, API’s and Linked Data’ provided a broad overview of the terms<ref type="note" target="n08">8</ref> , but also stressed to staff the immediate potential for these technologies in connecting our digital content with external sources. A practical hands-on exercise<ref type="note" target="n09">9</ref>   walked them through accessing our own British National Bibliography API as a digital scholar might and highlighted its potential as a rich resource for answering complex research questions. The exercise also showcased how our data formats helped or hindered such queries, providing a useful perspective for staff who may create API’s in future.</p>
            </div>
            
            <div>
                <head>Early Progress &amp; Lessons Learned</head>    
                
                <p>A total of 86 staff members took part in the first semester, attending an average of 2.7 courses. Nine courses were led by external instructors, while the remaining six were taught by British Library staff. Feedback was captured via free text evaluation forms collected at the end of each course which have given us some good indications about what has worked and what needs addressing in the next semester.
                    <list type="unordered">
                        <item>When asked what they enjoyed most on any given course, staff consistently noted they valued time to freely brainstorm ideas with colleagues.</item>
                        <item>The inclusion of practical hands-on activities alongside lectures was also highly valued. Highly structured exercises with clear step-by-step directions were favoured over unstructured time devoted to free exploration of tools.</item>
                        <item>We set course capacities too ambitiously which made them a challenge to deliver. We reduced capacities from 30 to 15 for courses with hands-on exercises.</item>
                        <item>Courses which are tool-based, for example 110 Social Media, will be broken into discreet modules so participants need only attend the sections they require.</item>
                        <item>Curators were given first priority on all courses initially as we had considered them our target audience. We changed this policy shortly after launch and opened courses to all interested staff as there was little justification for maintaining a waiting list in light of such positive demand.</item>
                        <item>Initial take-up has benefited from a core of early adopters and new hires. As this demographic complete the courses, we will need to be more strategic and creative in marketing the programme to those less inclined.</item>
                        <item>How we capture information now will be crucial for gauging impact over the long-term. Several attendees have alerted us to project ideas they intend to take forward and we must ensure a mechanism is in place to log and monitor such activities<ref type="note" target="n10">10</ref>.</item></list>
                    This short paper reports on this model and our experience with the hope that it may be useful for similar institutions.</p>  
            </div>    
            
            <div>
                
            </div>
            
        </body>
        
        <back>
            <div type="References">
                <listBibl>  
                    
                    <bibl><hi rend="bold">The American Council on Learned Societies (ACLS)</hi> (2006). <hi rend="italic">Our Cultural Commonwealth: The report of the American Council of Learned Societies Commission on Cyberinfrastructure for the Humanities and Social Sciences.</hi> New York: ACLS. <ref type="url" target="http://www.acls.org/cyberinfrastructure/">http://www.acls.org/cyberinfrastructure/</ref>(accessed 07 March 2013).</bibl>
                    
                    <bibl><hi rend="bold">Digital.Humanities@Oxford Summer School</hi> (2012) <hi rend="italic">Full Programme.</hi> <ref type="url" target="http://digital.humanities.ox.ac.uk/dhoxss/2012/fullprogramme.html">http://digital.humanities.ox.ac.uk/dhoxss/2012/fullprogramme.html</ref> (accessed 07 March 2013)</bibl>
                    
                    <bibl><hi rend="bold">Digital Humanities 2012 Hamburg</hi> (2012). <hi rend="italic">Programme.</hi> <ref type="url" target="http://www.dh2012.uni-hamburg.de/conference/programme/ ">http://www.dh2012.uni-hamburg.de/conference/programme/</ref> (accessed 07 March 2013) </bibl>
                    
                    <bibl><hi rend="bold">Digital Humanities Congress</hi> (2012). <hi rend="italic">Programme and Presentations.</hi> <ref type="url" target="http://www.sheffield.ac.uk/hri/dhc2012">http://www.sheffield.ac.uk/hri/dhc2012</ref> (accessed 07 March 2013)</bibl>
                    
                    <bibl><hi rend="bold">Edwards, C.</hi> (2013). DH Syllabi. <hi rend="italic">The CUNY Digital Humanities Resource Guide blog,</hi> <ref type="url" target="http://commons.gc.cuny.edu/wiki/index.php/DH_Syllabi">http://commons.gc.cuny.edu/wiki/index.php/DH_Syllabi</ref>(accessed 07 March 2013).</bibl>
                    
                    <bibl><hi rend="bold">Research Information Network</hi> (2011). <hi rend="italic">Social media: A guide for researchers.</hi> <ref type="url" target="http://www.rin.ac.uk/system/files/attachments/social_media_guide_for_screen_0.pdf ">http://www.rin.ac.uk/system/files/attachments/social_media_guide_for_screen_0.pdf</ref> (accessed 07 March 2013) </bibl>
                    
                    <bibl><hi rend="bold">Ridge, M.</hi> (2012). War, Plague and Fire’ and ‘Bootstrapping Innovation in Museums’ at ‘Museum Ideas 2012-Museums in the Era of Participatory Culture. <hi rend="italic">Open Objects blog,</hi> November 03, 2012. <ref type="url" target="http://openobjects.blogspot.co.uk/2012/11/war-plague-and-fire-and-bootstrapping.html">http://openobjects.blogspot.co.uk/2012/11/war-plague-and-fire-and-bootstrapping.html</ref> (accessed 07 March 2013).</bibl>
                    
                    <bibl><hi rend="bold">Robichaud, A.,  and C. Blevins</hi> (2011). <hi rend="italic">Tooling up for Digital Humanities.</hi> <ref type="url" target="http://toolingup.stanford.edu/">http://toolingup.stanford.edu/</ref> (accessed 07 March 2013)</bibl>
                    
                    <bibl><hi rend="bold">Schreibman, S., R. Siemens, and J. Unsworth (eds.)</hi> (2004). <hi rend="italic">A Companion to Digital Humanities.</hi> Oxford: Blackwell. <ref type="url" target="http://www.digitalhumanities.org/companion/">http://www.digitalhumanities.org/companion/</ref>(accessed 07 March 2013).</bibl>
                    
                    <bibl><hi rend="bold">Schreibman, S., and R. Siemens (eds.)</hi> (2007). <hi rend="italic">A Companion to Digital Studies.</hi> Oxford: Blackwell. <ref type="url" target="http://www.digitalhumanities.org/companionDLS/">http://www.digitalhumanities.org/companionDLS/</ref> (accessed 07 March 2013).</bibl>
                    
                    <bibl><hi rend="bold">Weller, M.</hi> (2009). <hi rend="italic">The Digital Scholar: How Technology is Changing Academic Practice.</hi> London: Bloomsbury Academic .doi: <ref type="url" target="http://dx.doi.org/10.5040/9781849666275">http://dx.doi.org/10.5040/9781849666275</ref> (accessed 07 March 2013).</bibl>
                    
                </listBibl>
            </div>
            <div>
                <head>Notes</head>
                
                <note xml:id="n01" n="1">See also Martin Weller’s <hi rend="italic">The Digital Scholar: How Technology is Changing Academic Practice</hi> <ref type="url" target="http://dx.doi.org/10.5040/9781849666275">http://dx.doi.org/10.5040/9781849666275</ref></note>
                <note xml:id="n02" n="2">From their talk <hi rend="italic">Bootstrapping Innovation in Museums</hi> at Museum Ideas 2012 <ref type="url" target="http://openobjects.blogspot.co.uk/2012/11/war-plague-and-fire-and-bootstrapping.html">http://openobjects.blogspot.co.uk/2012/11/war-plague-and-fire-and-bootstrapping.html</ref></note>
                <note xml:id="n03" n="3">Several groups meet regularly in the immediate vicinity of British Library such as Decoding Digital Humanities London (DDHL) <ref type="url" target="https://sites.google.com/site/ddhlondon/">https://sites.google.com/site/ddhlondon/</ref> and the Bloomsbury Digital Humanities Group.</note>
                <note xml:id="n04" n="4"> Texts such as <hi rend="italic">A Companion to Digital Humanities</hi> (2004) <ref type="url" target="http://www.digitalhumanities.org/companion/">http://www.digitalhumanities.org/companion/</ref> and <hi rend="italic">A Companion to Digital Studies</hi> (2007) <ref type="url" target="http://www.digitalhumanities.org/companionDLS/">http://www.digitalhumanities.org/companionDLS/ </ref>were highly influential in the early formation of the department as well as the initial framing of the training offering. </note>
                <note xml:id="n05" n="5">Digital.Humanities@Oxford Summer School <ref type="url" target="http://digital.humanities.ox.ac.uk/dhoxss/">http://digital.humanities.ox.ac.uk/dhoxss/</ref></note>
                <note xml:id="n06" n="6">A brief collection of DH-related syllabi has been helpfully collate here: <ref type="url" target="http://commons.gc.cuny.edu/wiki/index.php/DH_Syllabi">http://commons.gc.cuny.edu/wiki/index.php/DH_Syllabi</ref></note>
                <note xml:id="n07" n="7">Tooling Up for Digital Humanities at Stanford <ref type="url" target="http://toolingup.stanford.edu/">http://toolingup.stanford.edu/</ref> , David Birnbaum’s <ref type="url" target="http://dh.obdurodon.org/">http://dh.obdurodon.org/</ref>,  and Research Information Network’s Social media: A guide for researchers <ref type="url" target="http://www.rin.ac.uk/our-work/communicating-and-disseminating-research/social-media-guide-researchers">http://www.rin.ac.uk/our-work/communicating-and-disseminating-research/social-media-guide-researchers</ref> are notable examples. </note>
                <note xml:id="n08" n="8">As one attendee remarked, “Great to have something often referred to demystified!”</note>
                <note xml:id="n09" n="9">See the full exercise here: <ref type="url" target="http://www.meanboyfriend.com/overdue_ideas/2013/02/introduction-to-apis/">http://www.meanboyfriend.com/overdue_ideas/2013/02/introduction-to-apis/</ref></note>
                <note xml:id="n10" n="10">Phil Hatfield, Curator of Canadian &amp; Caribbean Studies, attended several of the courses and is now formally taking forward a project to visualise a portion of his collection:  “We have a large collection of Canadian photographs and associated data at the Library and I’d been considering for some time now ways in which to work with them beyond simply hosting them in a typical image gallery. The course on Data Visualisation gave me the space to play around with some of my ideas for visualisations and pointed me in the direction of free tools out there such as Google Fusion Tables. I hadn’t realised it was so easy to get started and was able to see the shape of the collection almost immediately.”</note>
            </div>
        </back>
    </text>
</TEI>





