<?xml version="1.0" encoding="utf-8"?>
<?oxygen RNGSchema="http://jetson.unl.edu/cdrh/schemas/tei_all.rng" type="xml"?>
<TEI xmlns="http://www.tei-c.org/ns/1.0" xml:id="ab-245">

<teiHeader>
<fileDesc>
<titleStmt>
<title>Pure Transcriptional Markup</title>
<author>
<name><surname>Caton</surname>, <forename>Paul</forename></name>
<affiliation>King&#039;s College London, United Kingdom</affiliation>
<email>pncaton@gmail.com</email>
</author>
</titleStmt>
<publicationStmt>
<authority></authority>
<publisher>University of Nebraska-Lincoln</publisher>
<distributor>
<name>Center for Digital Research in the Humanities</name>
<address>
<addrLine>319 Love Library</addrLine>
<addrLine>University of Nebraska&#8211;Lincoln</addrLine>
<addrLine>Lincoln, NE 68588-4100</addrLine>
<addrLine>cdrh@unl.edu</addrLine>
</address>
</distributor>
<pubPlace>Lincoln, Nebraska</pubPlace> 
<address>
<addrLine>University of Nebraska-Lincoln</addrLine>
<addrLine>Lincoln, NE 68588-4100</addrLine>
</address>
<availability>
<p></p>
</availability>
</publicationStmt>

<notesStmt><note type="abstract">Renear (2000) introduces the term &quot;transcriptional markup&quot; with a general and loose sense of pertaining to the reproduction of an existing text, and he does not attempt to define transcription per se. In recent years Huitfeldt and Sperberg-McQueen (2008), and Huitfeldt, Marcoux, and Sperberg-McQueen (2009, 2010) have developed a model of transcription (hereafter the HMS model) that they believe &quot;provides a sort of greatest common denominator for markup systems&quot; (2010, p. 15). But an awkward gap exists between the HMS model&#039;s abstract components and the realities of, for example, the TEI markup language and its typical usage. Here I make the case for a kind of markup &#8212; perfectly possible though in practice improbable &#8212; which bridges that gap. I call it pure transcriptional markup because it refines the sense of Renear&#039;s term and grounds it in an actual, formally specified model of transcription.</note></notesStmt>

<sourceDesc>
<p>No source: created in electronic format.</p>
<p>
<date when="20130719"></date>
<time when="08:30:00"></time>
</p>
<p n="session">LP19</p>
</sourceDesc>
</fileDesc>

<profileDesc>
<textClass>
<keywords scheme="original" n="category">
<term>Paper</term>
</keywords>
<keywords scheme="original" n="subcategory">
<term>Long Paper</term>
</keywords>
<keywords scheme="original" n="keywords">
<term>transcription</term>
<term>markup</term>
<term>model</term>
<term>encoding</term>
</keywords>
<keywords scheme="original" n="topic">
<term>encoding - theory and practice</term>
<term>xml</term>
</keywords>
</textClass>
</profileDesc>

<revisionDesc>
<change>
<date when="2013-04-10"></date>
<name>Laura Weakly</name>
<desc>Initial encoding</desc>
</change>
</revisionDesc>
</teiHeader>

<text type="paper">
<body>
<div>

<p>Renear (2000) introduces the term "transcriptional markup" with a loose sense of pertaining to the reproduction of an existing text, and he does not attempt to define transcription <hi rend="italic">per se</hi>. More recently Huitfeldt and Sperberg-McQueen (2008), and Huitfeldt, Marcoux, and Sperberg-McQueen (2009, 2010) have developed a model of transcription (hereafter the HMS model) that they believe "provides a sort of greatest common denominator for markup systems" (2010, 15). But an awkward gap exists between the HMS model's abstract components and the realities of, for example, the TEI markup language and its typical usage. Here I make the case for a kind of markup &#8212; perfectly possible though in practice improbable &#8212; which bridges that gap. I call it <hi rend="italic">pure transcriptional markup</hi> because it refines the sense of Renear's term and grounds it in an actual, formally specified model of transcription.<ref type="note" target="n01">1</ref></p>

<p>Transcription and text encoding are clearly connected, especially where markup replaces the work of presentation.<ref type="note" target="n02">2</ref> However, not everything that typical scholarly encoding practice might assert regarding the logical domain of a pre-existing text can be considered proper to transcription (if "transcription" is to have any specific meaning of its own). In the initial HMS model Huitfeldt and Sperberg-McQueen (2008) avoid the trap of trying to decide what visible details of an exemplar document E should be reproduced in a transcription T by asking instead what overall relation must hold between the two such that document T is a successful transcription of document E (expressed as <hi rend="italic">t_similar</hi>). They say that under a set of reading conditions R, marks of E can be seen as a sequence of tokens each instantiating a type. So, abstractly, a document E is a sequence of types, and if under the same set of reading conditions R a document T can be seen as a token sequence whose corresponding type sequence matches E's type sequence, then E and T are t_similar.</p>

<p>The initial HMS model considers a simple sequence of basic, indivisible tokens at grapheme level; later versions (2009, 2010) introduce components that allow the modeling of a complex structure of token groups (and related types). These groups, known as compound tokens, may have as constituents either compound tokens or basic (atomic) tokens. The resulting view of a document comprising a <hi rend="italic">structured</hi>, <hi rend="italic">multi-level</hi> token sequence immediately suggests similarities with the well-known 'ordered hierarchy of content objects' (OHCO). As noted above, its creators explicitly connect the HMS model to markup, saying some aspects "serve purposes analogous to the generic identifiers and attribute-value pairs of SGML and related markup languages" (2010, 11), that "element types are types", and "element instances are tokens" (2010, 15). </p>

<p>However, some features of common encoding practice are problematic for the model. I briefly outline two of them here; a single example will illustrate both.<ref type="note" target="n03">3</ref> Suppose an original printed text contains the sentence "Joe <hi rend="italic">stinks</hi>!" Describing this sentence in terms of the HMS model we have:</p>

<list type="unordered">
<item>11 basic tokens at character level &#8212; 'J', 'o', 'e', ' ', '<hi rend="italic">s</hi>', '<hi rend="italic">t</hi>', '<hi rend="italic">i</hi>', '<hi rend="italic">n</hi>', '<hi rend="italic">k</hi>', '<hi rend="italic">s</hi>','!'</item>
<item>2 compound tokens at word level &#8212; 'Joe' and '<hi rend="italic">stinks</hi>'</item>
<item>1 compound token at sentence level &#8212; 'Joe <hi rend="italic">stinks</hi>!'</item>
</list>

<p>A typical TEI encoding of our example might be:</p>

<list><item><code>&lt;persName&gt;Joe&lt;/persName&gt; &lt;emph rend="italics"&gt;stinks&lt;/emph&gt;!</code></item>
</list>

<p>For the first of the awkward features, recall that for HMS element types are types and element instances are tokens. In markup theory an instance of an element with #PCDATA content would be start tag + content + end tag. So <code>&lt;persName&gt;Joe&lt;/persName&gt;</code> is a single element instance and hence a single token. But what type does it instantiate &#8212; type 'persName', or type 'Joe'? The problem here is that the single element instance appears to be two tokens, one wrapped inside another. Furthermore, they appear to be operating at different levels: as a specific lexical item, and as a characterization of the lexical item.</p>

<p>The second awkward feature can be seen in <code>&lt;emph rend="italics"&gt;stinks&lt;/emph&gt;</code>. If element types are types, then we must assume an <code>&lt;emph&gt;</code> element instantiates an 'emphasis' type. Yet there are strong grounds for arguing that emphasis is <hi rend="italic">not</hi> a type in the sense used by the model. Wetzel (2009, xii-xiii), citing arguments from Wollheim 1968, believes that while types may well be considered universals, they differ from other universals such as properties. Speaking of words as types she says "they are <hi rend="italic">objects</hi> according to the common sense and scientific theories we have about them&#8212;values of the first-order variables and referents of singular terms&#8212;rather than properties" (124). The emphasis associated with the token "stinks" by the use of italic typeface is at the type level a property associated with the word type 'stinks', not a type itself. Viewing emphasis as a property does accord with the model, which allows for relations between properties and types.</p>

<p>Commonly in encoding schemes there are elements that certainly seem to be associated with types as per the HMS model; but there are also elements we would associate with properties, a point noted by Dubin (2003). The TEI scheme has many type-like elements, but no constraining principle that elements should be restricted to Peirceian types. Rather the 'targets' seem to be textual <hi rend="italic">features</hi> &#8212; that may or may not be objects, may or may not be visible properties. Markup is directed at organizational features made <hi rend="italic">manifest</hi> by the work of presentation (paragraphs, lists, etc.), and non-organizational features that stand out in the regular text flow by virtue of either visible difference or semantic nature.</p>

<p>The challenge, then, is firstly to describe a general view of encoding that does fit the HMS model, and secondly to see if this view helps account for actual encoding in terms of the model. We noted that in the HMS model transcription is defined by the mediation of a type sequence between E and T. The conceptual movement is not</p>

<ab>E_token_structure -> T_token_structure</ab>

<ab>but rather</ab>

<ab>E_token_structure -> E_type_structure -> T_token_structure.</ab>

<p>The middle part of this progression &#8212; establishing the type sequence under a reading &#8212; may happen in the transcriber's head, but it is the core of the model nevertheless. It is also fundamental to the HMS model that at any one level, a token instantiates a single type. From these givens, some criteria for pure transcriptional encoding emerge.</p>

<ab>* if elements are tokens they must instantiate a single type. We therefore move #PCDATA content into attribute values and make all basic-level elements empty. Our example "Joe <hi rend="italic">stinks</hi>!" might be represented as follows:</ab>

<ab>
<code>
&lt;sentence&gt;
  &lt;word designation="persName"&gt;
    &lt;character type="j" form="majuscule"/&gt; 
    &lt;character type="o"/&gt; 
    &lt;character type="e"/&gt;
  &lt;/word&gt;
  &lt;whitespace/&gt;
  &lt;word communicative_intent="emphasis"&gt;
     &lt;character type="s"/&gt;
     &lt;character type="t"/&gt;
     &lt;character type="i"/&gt;
     &lt;character type="n"/&gt;
     &lt;character type="k"/&gt;
     &lt;character type="s"/&gt;
  &lt;/word&gt;
  &lt;punctuation type="exclamation"/&gt;
&lt;/sentence&gt;
</code>
</ab>

<ab>* elements, attributes, and element structure must either supply overtly or make available through logical inference the information necessary for t_similarity; we must therefore view pure transcriptional encoding as applying to E_type_structure rather than to E_token_structure.<ref type="note" target="n04">4</ref></ab>

<ab>* under a reading R, at whatever level a token is considered basic, so must an element at that level be considered basic and therefore atomic; ie. if character level is considered basic, then "e" and "<code>&lt;character type='e'/&gt;</code>" are equally indivisible.</ab>

<ab>* the status of elements as tokens must be somewhat unusual. Wetzel (2012), following Wollheim (1968), notes that types usually resemble their tokens. Even if we allow for minor differences of form (eg. token "E" instantiating type 'e'), we cannot claim "<code>&lt;character type='e'/&gt;</code>" resembles 'e'. Pure transcriptional markup represents an intermediary stage not normally intended for human consumption &#8212; in effect a kind of <hi rend="italic">precipitation out</hi> of the E_type_structure into something half-way towards a normal token sequence.</ab>

<p>The elements of pure transcriptional markup are analogous to the posited sentences that Zellig Harris in his mathematical theory of grammar says "go beyond what is normally said in English and are characterized as grammatically <hi rend="italics">possible rather than as actual</hi> sentences" (1982, p. 15, my emphasis). The crucial point for Harris is that these sentences, while never encountered 'in the wild', can through a series of rule-governed transformations be reduced to  &#8212; and so account for &#8212; the sentence forms we <hi rend="italic">do</hi> encounter in everyday English. These operations "have the common property . . . of reducing high-likelihood, low information entries [or words into sentences]" (p. 8). I suggest a similar relation holds with respect to the difference between pure transcriptional markup and everyday markup, and that we could describe a series of non-random transformations that would reduce the high-likelihood, low-information encoding such as we see in the example above to the kind of markup we normally encounter. In digital humanities we commonly 'zero out' most transcriptional encoding leaving a majority of tokens in #PCDATA form - so "<code>&lt;character type='e'/&gt;</code>" becomes just "e". Where we want to retain information about a type property without using a specific form of #PCDATA token, we apply transformations that zero out the <hi rend="italic">nature</hi> of the type (ie. we remove the low-information markup that says "stinks" is a word) leaving just the <hi rend="italic">property</hi> to be expressed by the markup &#8212; hence TEI's <code>&lt;emph&gt;</code>.</p>


                
</div>

</body>

<back>
<div type="References">
<listBibl>

<bibl><hi rend="bold">Caton, Paul</hi> (2004). <hi rend="italic">Text Encoding, Theory, and English: A Critical Relation</hi>. Ph.D dissertation. Brown University.</bibl>

<bibl><hi rend="bold">Caton, Paul</hi> (2009). Lost in Transcription: Types, Tokens, and Modality in Document Representation. In <hi rend="italic">Digital Humanities</hi> held June 2009 at College Park, University of Maryland.</bibl>

<bibl><hi rend="bold">Dubin, D.</hi> (2003). Object mapping for markup semantics. In Usdin, B. T. (ed). <hi rend="italic">Proceedings of Extreme Markup Languages.</hi> Montreal, Quebec.</bibl>

<bibl><hi rend="bold">Harris, Z.</hi> (1982). <hi rend="italic">A Grammar of English on Mathematical Principles</hi>. New York: Wiley-Interscience.</bibl>

<bibl><hi rend="bold">Huifeldt, C., and C. M.  Sperberg-McQueen</hi> (2008). What is transcription? <hi rend="italic">Literary and Linguistic Computing.</hi> 23 (3). 295-310. doi:10.1093/llc/fqn013</bibl>

<bibl><hi rend="bold">Huitfeldt, C., Y. Marcoux, and C. M. Sperberg-McQueen</hi> (2009). "What is transcription? (Part 2)." In <hi rend="italic">Digital Humanities</hi> held June 2009 at College Park, University of Maryland.</bibl>

<bibl><hi rend="bold">Huitfeldt, Claus, Yves Marcoux and C. M. Sperberg-McQueen</hi> (2010). "Extension of the type/token distinction to document structure." In <hi rend="italic">Balisage: The Markup Conference 2010</hi>. held August 3-6, 2010 in Montr&#233;al, Canada. In <hi rend="italic">Proceedings of Balisage: The Markup Conference 2010. Balisage Series on Markup Technologies</hi>.5. doi:10.4242/BalisageVol5.Huitfeldt01.</bibl>

<bibl><hi rend="bold">Renear, A.</hi> (2000). The descriptive/procedural distinction is flawed. <hi rend="italic">Markup Languages</hi> 2 (4). 411-420.</bibl>

<bibl><hi rend="bold">Renear, A., and D. Dubin</hi> (2003). Towards identity conditions for digital documents. In S. Sutton (ed.) <hi rend="italic">Proceedings of the 2003 Dublin Core Conference</hi>. University of Washington, Seattle, WA.</bibl>

<bibl><hi rend="bold">Wetzel, L.</hi> (2009). <hi rend="italic">Types and Tokens: On Abstract Objects</hi>. Cambridge, MA.: MIT Press.</bibl>

<bibl><hi rend="bold">Wollheim, R.</hi> (1968). <hi rend="italic">Art and Its Objects</hi>. New York: Harper and Row.</bibl>

</listBibl>
</div>

<div type="Notes">


<note xml:id="n01" n="1">This paper presents work from a much larger, ongoing project prompted by ideas first presented in Caton 2009. I no longer defend the conclusions of that earlier work, and the current project represents a substantial rethinking and development of my initial ideas.</note>

<note xml:id="n02" n="2">On the work of presentation see Caton 2004. Another part of the larger project from which this work is drawn examines in detail how presentation mediates transcription and encoding.</note>

<note xml:id="n03" n="3">Necessarily, the outline given here is greatly condensed from an extensive discussion in the larger project, with some consequent loss of continuity and supporting evidence from the argument.</note>

<note xml:id="n04" n="4">Note that we would still have to associate a semantics with the pure transcriptional markup if we wanted to establish formal <hi>identity</hi> between documents in the manner suggested by Renear and Dubin (2003).</note>
</div>

</back>
</text>
</TEI>

