<?xml version="1.0" encoding="utf-8"?>
<?oxygen RNGSchema="http://jetson.unl.edu/cdrh/schemas/tei_all.rng" type="xml"?>
<TEI xmlns="http://www.tei-c.org/ns/1.0" xml:id="ab-202">

<teiHeader>
<fileDesc>
<titleStmt>
<title>Architecture to enable large-scale computational analysis of millions of volumes</title>
<author>
<name>
<surname>Sun</surname>, <forename>Yiming </forename>
</name>
<affiliation>Indiana University, United States of America</affiliation>
<email>yimsun@umail.iu.edu</email>
</author>

<author>
<name>
<surname>Kowalczyk</surname>, <forename>Stacy</forename>
</name>
<affiliation>Indiana University, United States of America</affiliation>
<email>skowalcz@indiana.edu </email>
</author>
<author>
<name>
<surname>Plale</surname>, <forename>Beth</forename>
</name>
<affiliation>Indiana University, United States of America</affiliation>
<email>plale@indiana.edu</email>
</author>

<author>
<name>
<surname>Downie</surname>, <forename>J. Stephen</forename>
</name>
<affiliation>University of Illinois at Urbana-Champaign</affiliation>
<email>jdownie@illinois.edu</email>
</author>

<author>
<name>
<surname>Auvil</surname>, <forename>Loretta </forename>
</name>
<affiliation>University of Illinois at Urbana-Champaign</affiliation>
<email>lauvil@illinois.edu</email>
</author>

<author>
<name>
<surname>Capitanu</surname>, <forename>Boris</forename>
</name>
<affiliation>University of Illinois at Urbana-Champaign</affiliation>
<email>capitanu@illinois.edu</email>
</author>

<author>
<name>
<surname>Hess</surname>, <forename>Kirk</forename>
</name>
<affiliation>University of Illinois at Urbana-Champaign</affiliation>
<email>kirkhess@illinois.edu</email>
</author>

<author>
<name>
<surname>Peng</surname>, <forename>Zong </forename>
</name>
<affiliation>Indiana University, United States of America</affiliation>
<email>zongpeng@umail.iu.edu</email>
</author>

<author>
<name>
<surname>Ruan</surname>, <forename>Guangchen</forename>
</name>
<affiliation>Indiana University, United States of America</affiliation>
<email>gruan@umail.iu.edu</email>
</author>

<author>
<name>
<surname>Todd</surname>, <forename>Aaron </forename>
</name>
<affiliation>Indiana University, United States of America</affiliation>
<email>toddaaro@indiana.edu</email>
</author>

<author>
<name>
<surname>Zeng</surname>, <forename>Jiaan</forename>
</name>
<affiliation>Indiana University, United States of America</affiliation>
<email>jiaazeng@umail.iu.edu</email>
</author>


</titleStmt>
<publicationStmt>
<authority/>
<publisher>University of Nebraska-Lincoln</publisher>
<distributor>
<name>Center for Digital Research in the Humanities</name>
<address>
<addrLine>319 Love Library</addrLine>
<addrLine>University of Nebraska&#8211;Lincoln</addrLine>
<addrLine>Lincoln, NE 68588-4100</addrLine>
<addrLine>cdrh@unl.edu</addrLine>
</address>
</distributor>
<pubPlace>Lincoln, Nebraska</pubPlace>
<address>
<addrLine>University of Nebraska-Lincoln</addrLine>
<addrLine>Lincoln, NE 68588-4100</addrLine>
</address>
<availability>
<p/>
</availability>
</publicationStmt>

<notesStmt>
<note type="abstract">A poster on the architecture of the HathiTrust Research Center (HTRC), a
collaborative research center to provide Digital Humanities researchers millions of volumes as well
as cutting-edge tools and applications for large-scale computational analysis. Key points of the
poster include the ingest and management of the unique &quot;Big Data&quot; problem encountered by
the HTRC, an overview of the architecture key components and services, and an introduction to its
Non-consumptive research environment.</note>
</notesStmt>


<sourceDesc>
<p>No source: created in electronic format.</p>
</sourceDesc>
</fileDesc>

<profileDesc>
<textClass>
<keywords scheme="original" n="category">
<term>Poster</term>
</keywords>
<keywords scheme="original" n="subcategory">
<term></term>
</keywords>
<keywords scheme="original" n="keywords">
<term>HTRC</term>
<term>architecture</term>
<term>large-scale</term>
<term>non-consumptive</term>
</keywords>
<keywords scheme="original" n="topic">
<term>archives</term>
<term>repositories</term>
<term>sustainability and preservation</term>
<term>digital humanities - institutional support</term>
<term>project design</term>
<term>organization</term>
<term>management</term>
<term>information architecture, </term>
<term>digital humanities - facilities</term>
</keywords>
</textClass>
</profileDesc>

<revisionDesc>
<change>
<date when="2013-04-23"/>
<name>Matthew Lavin </name>
<desc>Initial encoding</desc>
</change>
</revisionDesc>
</teiHeader>

<text type="poster">
<body>
<div>
<p>The HathiTrust Research Center (HTRC) is a collaborative research center to provide Digital
Humanities researchers access to not only millions of volumes from the HathiTrust (HT) digital
library but also cutting-edge software tools and cyberinfrastructure to perform advanced
computational analysis over the corpus at an unprecedented scale. </p>
<p>The corpus at the HTRC currently consists of over 3 million public domain volumes, and
anticipates access to an additional 6 million in-copyright volumes. In their raw form at the
HathiTrust, these volumes are stored as files on special hardware using an internal Pairtree
structure. The internal HathiTrust structure is optimal for its primary function of the digital page
image delivery to digital library patrons for viewing, however, it does not support well the
large-scale computational analysis which is the primary function of the HTRC; navigating the
Pairtree and uncompressing the text data would encounter major performance and scalability issues.
While researchers from other scientific communities have been addressing aspects of the “Big Data”
problem with success, the large corpus that HTRC hosts to support computational analysis presents a
unique setting in that it consists of a massive number of small text-based files whereas most
solutions from the scientific communities are tailored towards large files and non-text-based
content. In this poster, we will present the approach the HTRC takes to solve this problem &#8212; the
HTRC keeps the Pairtree only for the purpose of synchronization with the HT, and processes and
pushes the volume data from the local Pairtree to a NoSQL storage cluster using Apache Cassandra
hosted on conventional hardware during the ingest process. In order to balance the data store and
ingest workload, the developers at the HTRC and the HT also devised a very simple yet effective way
to parallelize the rsync of the single source Pairtree at the HT on all Cassandra nodes by starting
rsync at lower branches instead of at the root.</p>
<p>The use of a NoSQL cluster adds more complexity to the architecture than traditional file
systems, but such complexity is transparent to the Digital Humanities researchers as most of the
HTRC components with which user algorithms have interaction are RESTful web services, such as the
Data API for accessing the data. The HTRC uses Blacklight, an open source bibliographic search and
display interface, backed by a Solr index, to let users search for volumes for analysis and create
collections. To apply analytical techniques to the data, a user may choose from a number of provided
algorithms from the web portal, including SEASR/Meandre flows. In addition, the HTRC is actively
researching and developing a secure computation environment (dubbed the Sloan Cloud) to support
large-scale non-consumptive research over copyrighted volumes, and an experimental release is
scheduled for end of March. This Sloan Cloud will allow researchers to deploy their own analysis
algorithms against a corpus like the HT data, and to save intermediate data for later reuse, as well
as to include custom worksets for the computation. We will present our early findings of the
experimental Sloan Cloud and hope to get feedback from the digital humanities research
community.</p>
</div>

</body>

</text>
</TEI>
