<?xml version="1.0" encoding="UTF-8"?>

<?oxygen RNGSchema="http://jetson.unl.edu/cdrh/schemas/tei_all.rng" type="xml"?>
<TEI xmlns="http://www.tei-c.org/ns/1.0" xml:id="ab-299">
    
<teiHeader>
<fileDesc>
<titleStmt>
<title>Mapping DH through heterogeneous communicative practices</title>
<author>
<name><surname>Bowman</surname>, <forename>Timothy</forename></name>
<affiliation>Indiana University, United States of America</affiliation>
<email>tdbowman@indiana.edu</email>
</author>
<author>
<name><surname>Demarest</surname>, <forename>Bradford</forename></name>
<affiliation>Indiana University, United States of America</affiliation>
<email>bdemares@umail.iu.edu</email>
</author>
<author>
<name><surname>Weingart</surname>, <forename>Scott B.</forename></name>
<affiliation>Indiana University, United States of America</affiliation>
<email>scbweing@umail.iu.edu</email>
</author>
<author>
<name><surname>Simpson</surname>, <forename>Alicia</forename></name>
<affiliation>Wheaton College (Norton, MA) United States of America</affiliation>
<email>herbert_alicia@wheatoncollege.edu</email>
</author>
<author>
<name><surname>Neal</surname>, <forename>Grant Leyton</forename></name>
<affiliation>Indiana University, United States of America</affiliation>
<email>glsimpso@indiana.edu</email>
</author>
<author>
<name><surname>Lariviere</surname>, <forename>Vincent</forename></name>
<affiliation>Université de Montréal, Canada</affiliation>
<email>vincent.lariviere@umontreal.ca</email>
</author>
<author>
<name><surname>Thelwall</surname>, <forename>Mike</forename></name>
<affiliation>University of Wolverhampton, UK</affiliation>
<email>M.Thelwall@wlv.ac.uk</email></author>
<author>
<name><surname>Sugimoto</surname>, <forename>Cassidy R.</forename></name>
<affiliation>Indiana University, United States of America</affiliation>
<email>sugimoto@indiana.edu</email>
</author>
</titleStmt>
<publicationStmt>
<authority></authority>
<publisher>University of Nebraska-Lincoln</publisher>
<distributor>
<name>Center for Digital Research in the Humanities</name>
<address>
<addrLine>319 Love Library</addrLine>
<addrLine>University of Nebraska&#8211;Lincoln</addrLine>
<addrLine>Lincoln, NE 68588-4100</addrLine>
<addrLine>cdrh@unlnotes.unl.edu</addrLine>
</address>
</distributor>
<pubPlace>Lincoln, Nebraska</pubPlace> 
<address>
<addrLine>University of Nebraska-Lincoln</addrLine>
<addrLine>Lincoln, NE 68588-4100</addrLine>
</address>
<availability>
<p></p>
</availability>
</publicationStmt>
    
<notesStmt><note type="abstract">Digital Humanities(DH) has been exhaustively defined in the literature whereas a thorough investigation and description of the communicative practices of DH is lacking. This paper examines informal and formal communication channels used by members of the DH community to diffuse information and build communities. We analyze data from these communications to determine how these interactions connect DH community members at the individual, group, and institutional levels and across the DH landscape and helps answer the question: How does the socio-technical ecology connect or partition the landscape of the DH community? This work will apply multi-dimensional network analysis to data from Twitter, LLC and DHQ journals, DH-related NEH grants awards, the TEI-L and Humanist listservs, DH syllabi, and other sources, to paint a wider view of the connections among people, teams, institutions, and communication channels that make up the DH landscape.</note></notesStmt>
    
<sourceDesc>
<p>No source: created in electronic format.</p>
<p>
<date when="20130718"></date>
<time when="13:30:00"></time>
</p>
<p n="session">SP12</p>
</sourceDesc>
</fileDesc>
    
<profileDesc>
<textClass>
<keywords scheme="original" n="category">
<term>Paper</term>
</keywords>
<keywords scheme="original" n="subcategory">
<term>Short Paper</term>
</keywords>
<keywords scheme="original" n="keywords">
<term>Digital Humanities</term>
<term>Community</term>
<term>Network Analysis</term>
</keywords>
<keywords scheme="original" n="topic">
<term>digital humanities &#8212; nature and significance</term>
<term>networks</term>
<term>relationships</term>
<term> graphs</term>  
               
</keywords>
</textClass>
</profileDesc>
    
<revisionDesc>
<change>
<date when="2013-03-29"></date>
<name>Erin Pedigo</name>
<desc>Initial encoding</desc>
</change>
</revisionDesc>
</teiHeader>
    
<text type="paper">
<body>
<div>

<div>
<head>Objective</head>
    
    <p>Digital Humanities (DH) has been exhaustively defined in the literature (e.g., Rockwell, 2002; Bellamy, 2012; Text Analysis Portal for Research, 2011; Fitzpatrick, 2011). Such definitions are sometimes at odds with each other and often represent differences based upon disciplinary concerns. Despite the assertion that DH is a “term of tactical convenience” (Kirschenbaum, as cited in Gold, 2012), the existence of a DH community seems to be well-established; there are a dizzying array of scholars identifying themselves as digital humanists and there are others doing work that some have categorized as DH. However, a thorough investigation and description of the communicative practices of DH is lacking. We know neither the breadth of methods used, the depth to which they are used, nor the purposes to which they are put. To this end, this paper examines informal and formal communication channels used by members of the DH community to diffuse information and build communities. These communications are negotiated at a variety of levels including students and faculty at the individual level, collaborative teams at the group level, and funding agencies and institutions at the societal level (Svensson, 2010). We analyze the data from these communications to determine how these interactions connect DH community members at the individual, group, and institutional levels and across the DH landscape and helps answer the question: How does the socio-technical ecology connect or partition the landscape of the DH community?</p>
</div>
    
<div>
<head>Background</head>   
    
    <p>In a discussion of how qualitative research may aid bibliometric analyses of the humanities, Sula (2012, para. 18) claims that “a fuller picture of the humanities will help to clarify the ways in which the humanities and sciences differ, beyond citation patterns and authorship practices”, calling for studies that look to both formal scholarly communication and informal communication from sources deriving from mentoring, peer-to-peer, and other relationships (built on interactions such as conference co-attendance, editorship, and contributorship to anthologies). Sula (2012) concludes by suggesting that these proposed studies based on expanded sets of communications look to apply the methods of network analysis and visualization. Our proposed study answers this call both in terms of the data used and the methods of analysis.</p>
    <p>Previous studies outside the realm of formal scholarly communication in the DH domain have begun this expansion of information sources, examining DH Twitter communications (Ross, Terras, Warwick, &amp; Welsh, 2011), syllabi (Terras, 2006; Spiro, 2012), journal citation analysis (View DHQ, 2012), and research centers (Zorich, 2008), exposing the diversity of scholarly communication activities in DH; however such studies have been limited for the most part to single channels of communication. In Terras (2011), an infographic quantifying DH produced by the UCL Centre for Digital Humanities displays DH’s burgeoning internationality as well as its institutionalization. Still another dimension of diversity is addressed by McPherson (2008) via Svensson (2010) &#8212; namely, a diversity of topicality, defined as foci in digital humanities upon computing, blogging, and multimodality. The current study addresses the demands of these multiple diversities to investigate divisions in the overall DH landscape, while doing so across multiple communication channels in order to discern how different dimensions of diversity and division may or may not overlap.</p>
</div>

<div>
<head>Methods</head>    

    <p>This work will apply multi-dimensional network analysis to data from Twitter, <hi rend="italic">LLC</hi> and <hi rend="italic">DHQ</hi> journals (data taken from the Web of Knowledge database), NEH grants awarded for DH-related projects, the TEI-L and Humanist listservs, DH syllabi, and a variety of other sources (blogs, centers, and projects), employing a cumulative, normalized database composed of data from these sources to paint a wider view of the connections among people, teams, institutions, and communication channels that make up the DH landscape. Our sources will be validated through consultation with prominent members of the DH community. The resulting normalized database will be rendered as a graph connecting URLs, projects, institutions, people, publications, and grants, which will then be partitioned and analyzed using standard community detection algorithms. We will then compare community overlap over different scholarly media to explore how DH practitioners organize themselves into and across communities, specifically looking at whether certain people, technologies, or publications sit at intersection points in the network, holding communities together.</p>
</div>

<div>
<head>Significance</head>    
    
    <p>This research is innovative in its combination of both formal (syllabi, journals, grant proposals, etc.) and informal (Twitter, blogs, listserv, etc.) communication channels allowing for a broader analysis of the communication network of the DH community. Previous work has focused on single source types and has marginalized community members who communicate in other ways. There is a vacuum of formal DH connectivity and this work addresses ways in which this vacuum is being filled and what that implies about the DH community. The DH community forms a network spanning across the world (Kamada, 2010) and it’s important to understand how this network is connected and how it is establishing itself in traditional academic institutions (Adams &amp; Gunn, 2012). From a broader perspective, the methodology introduced here to study DH is generalizable to the analysis of other fields and will hence make a valuable contribution to scholarship.</p> 
    <p>Because DH community members are situated in various locales across a wide array of institutions, there are few formalized communication channels that span the DH landscape. The lack of formalized communication channels and instructional structure indicates that multi-dimensional methods are needed to fully comprehend this network; this premise informs our selection of formal and informal data sources. It is important to note that the DH community is an area of research made up of theories, methods, and people spanning multiple domains who publish across a variety of disciplines; that said, we will not be providing an exhaustive analysis of the entire landscape of DH. Examination of a large swath of this landscape allows for a wide-ranging analysis of the various channels used to keep those in the DH community informed. It is important for members of the DH community to be made aware of the various channels of communication that are being used to spread information. As Terras (2010) stated in her plenary speech to the DH2010 conference, “digital presence and digital identity is becoming more important to Digital Humanities as a discipline.” This work addresses this statement with empirical and heterogeneous evidence.</p>
</div>

<div>
<head>Acknowledgments</head>

    <p>This work was funded by the Digging into Data initiative, organized by the National Endowment for the Humanities. Specific funding for this DID project comes from the National Science Foundation in the United States (Grant No. 1208804), JISC in the United Kingdom, and the Social Sciences and Humanities Research Council of Canada.</p>
</div>
</div>
</body>
    
<back>
<div type="References">
<listBibl> 
    
<bibl><hi rend="bold">Adams, J. L. &amp; D.B. Gunn</hi> (2012). Digital humanities: Where to start. <hi rend="italic">College &amp; Research Libraries News,</hi> 73(9): 536-569. <ref type="url" target="http://crln.acrl.org/content/73/9/536.full">http://crln.acrl.org/content/73/9/536.full</ref></bibl>
    
<bibl><hi rend="bold">Bellamy, C.</hi> (2012). The sound of many hands clapping: Teaching the digital humanities 
through virtual research environments (VREs). <hi rend="italic">Digital Humanities Quarterly</hi>, 6(1): <ref type="url" target="http://www.digitalhumanities.org/dhq/vol/6/2/000119/000119.html">http://www.digitalhumanities.org/dhq/vol/6/2/000119/000119.html</ref></bibl>
    
<bibl><hi rend="bold">Fitzpatrick, K.</hi> (2011). The humanities, done digitally. <hi rend="italic">The Chronicle of Higher Education.</hi> <ref type="url" target="http://chronicle.com/article/The-Humanities-Done-Digitally/127382">http://chronicle.com/article/The-Humanities-Done-Digitally/127382</ref></bibl>
    
<bibl><hi rend="bold">Gold, M. K. (ed.)</hi>  (2012). <hi rend="italic">Debates in the Digital Humanities.</hi> University of Minnesota Press.</bibl>
    
<bibl><hi rend="bold">Juola, P.</hi> (2008). Killer applications in digital humanities. <hi rend="italic">Literary and Linguistic Computing,</hi> 23(1): 73-83.</bibl>
    
<bibl><hi rend="bold">Kamada, H.</hi> (2010). Digital humanities: Roles for libraries. <hi rend="italic">College &amp; Research Libraries 
News, </hi> 71(9): 484-485. <ref type="url" target="http://crln.acrl.org/content/71/9/484.full">http://crln.acrl.org/content/71/9/484.full</ref></bibl>
    
<bibl><hi rend="bold">Kirschenbaum, M.</hi> (2010). What is digital humanities and what’s it doing in English departments? <hi rend="italic">ADE Bulletin,</hi> 150: 1-6.</bibl>
    
<bibl><hi rend="bold">Rockwell, G.</hi> (2002). Multimedia: Is it a discipline? The liberal and servile arts in humanities computing. <hi rend="italic">Yearbook of the Seminar for Germanic Philology 4.</hi> Paderborn: Mentis Verlag. <ref type="url" target="http://computerphilologie.uni-muenchen.de/jg02/rockwell.html">http://computerphilologie.uni-muenchen.de/jg02/rockwell.html</ref></bibl>
    
<bibl><hi rend="bold">Ross, C., M. Terras, C. Warwick, and A. Welsh</hi> (2011). Enabled backchannel: Conference Twitter use by digital humanists. <hi rend="italic">Journal of Documentation</hi>. 67(2): 214–237</bibl>
    
<bibl><hi rend="bold">Rosenbloom, P. S.</hi> (2012). Towards a conceptual framework for the digital humanities. 
<hi rend="italic">Digital Humanities Quarterly</hi> 6(2). <ref type="url" target="http://digitalhumanities.org/dhq/vol/6/2/000127/000127.html">http://digitalhumanities.org/dhq/vol/6/2/000127/000127.html</ref></bibl>
    
<bibl><hi rend="bold">Schriebman, S.</hi> (2012). Digital humanities: Centres and peripheries. <hi rend="italic">Historical Social Research.</hi> 37(3): 46-58.</bibl>
    
<bibl><hi rend="bold">Spiro, L.</hi> (2011). Knowing and doing: Understanding the digital humanities curriculum. (Powerpoint slides) 
 <ref type="url" target="http://digitalscholarship.files.wordpress.com/2011/06/spirodheducationpresentation2011-4.pdf">http://digitalscholarship.files.wordpress.com/2011/06/spirodheducationpresentation2011-4.pdf</ref></bibl>
    
<bibl><hi rend="bold">Spiro, L.</hi> (2012). Models for supporting digital humanities at liberal arts colleges. (PowerPoint slides) <ref type="url" target="http://digitalscholarship.files.wordpress.com/2012/05/spirodhsupportstructureswooster2.pdf">http://digitalscholarship.files.wordpress.com/2012/05/spirodhsupportstructureswooster2.pdf</ref></bibl>
    
<bibl><hi rend="bold">Sula, C. A.</hi> (2012). Visualizing social connections in the humanities: Beyond bibliometrics. 
<hi rend="italic">Bulletin</hi> 38(4): Retrieved from <ref type="url" target="http://www.asis.org/Bulletin/Apr-12/AprMay12_Sula.html">http://www.asis.org/Bulletin/Apr-12/AprMay12_Sula.html</ref></bibl>
    
<bibl><hi rend="bold">Svensson, P.</hi> (2010). The landscape of digital humanities. <hi rend="italic">Digital Humanities Quarterly</hi> 4(1). <ref type="url" target="http://digitalhumanities.org/dhq/vol/4/1/000080/000080.html">http://digitalhumanities.org/dhq/vol/4/1/000080/000080.html</ref></bibl>
    
<bibl><hi rend="bold">Svensson, P.</hi> (2012). Envisioning the digital humanities. <hi rend="italic">Digital Humanities Quarterly</hi> 6(1). <ref type="url" target="http://www.digitalhumanities.org/dhq/vol/6/1/000112/000112.html">http://www.digitalhumanities.org/dhq/vol/6/1/000112/000112.html</ref></bibl>
    
<bibl><hi rend="bold">Text Analysis Portal for Research.</hi> (2011). How do you define Humanities Computing/Digital Humanities? <ref type="url" target="http://tinyurl.com/9lw97hm">http://tinyurl.com/9lw97hm</ref> (accessed 7 March 2012)</bibl>

<!-- Changed to tiny URL so it would display <bibl><hi rend="bold">Text Analysis Portal for Research.</hi> (2011, March 7). How do you define Humanities Computing/Digital Humanities? <ref type="url" target="http://tapor.ualberta.ca/taporwiki/index.php/How_do_you_define_Humanities_Computing_/_Digital_Humanities%3F#How_do_you_define_Digital_Humanities.3F_.282010.29">http://tapor.ualberta.ca/taporwiki/index.php/How_do_you_define_Humanities_Computing_/_Digital_Humanities%3F#How_do_you_define_Digital_Humanities.3F_.282010.29</ref> (accessed 7 March 2012)</bibl>-->
    
<bibl><hi rend="bold">Terras, M.</hi> (2010). DH2010 Plenary: Present, not voting: Digital humanities in the panopticon. <ref type="url" target="http://melissaterras.blogspot.com/2010/07/dh2010-plenary-present-not-voting.html">http://melissaterras.blogspot.com/2010/07/dh2010-plenary-present-not-voting.html</ref> (accessed 10 July 2010).</bibl>
    
<bibl><hi rend="bold">View DHQ (Data Visualization).</hi> (2012). 2012 ACH Microgrant: Citation Network 
Visualization for <hi rend="italic">Digital Humanities Quarterly</hi>. <ref type="url" target="http://digitalliterature.net/viewDHQ/">http://digitalliterature.net/viewDHQ/</ref></bibl>
    
<bibl><hi rend="bold">Wagner, C. S.</hi> (2008). The topology of science in the twenty-first century. In <hi rend="italic">The New Invisible College</hi> Washington, D.C.: Brookings Institution Press. 15-32.</bibl>
    
<bibl><hi rend="bold">Zoirch, D. M.</hi> (2008). A survey of digital humanities centers in the United States. <hi rend="italic">Council 
on Library and Information Research. (CLIR)</hi> held 12 May 2007. <ref type="url" target="http://www.uvasci.org/wp-content/uploads/2008/06/dhc-survey-final-rept-2008_05_22-for-distribution.pdf">http://www.uvasci.org/wp-content/uploads/2008/06/dhc-survey-final-rept-2008_05_22-for-distribution.pdf,</ref> accessed on October 1, 2012.</bibl>
    
</listBibl>
</div>
</back>
</text>
</TEI>    