<?xml version="1.0" encoding="utf-8"?>
<?oxygen RNGSchema="http://jetson.unl.edu/cdrh/schemas/tei_all.rng" type="xml"?>
<TEI xmlns="http://www.tei-c.org/ns/1.0" xml:id="ab-271">

<teiHeader>
<fileDesc>
<titleStmt>
<title>The AIDS Quilt Touch Mobile Web App</title>
<author>
<name>
<surname>NeuCollins</surname>, 
<forename>Mark</forename>
</name>
<affiliation>University of Iowa Digital Studio for Public Humanities, United States of America</affiliation>
<email>mark-neucollins@uiowa.edu</email>
</author>
<author>
<name>
<surname>Thompson</surname>, 
<forename>Kelly J.</forename>
</name>
<affiliation>University of Iowa Digital Studio for Public Humanities and School of Library and Information Science, University of Iowa, United States of America</affiliation>
<email>kelly-j-thompson@uiowa.edu</email>
</author>
<author>
<name>
<surname>Dudley</surname>, 
<forename>Nikki J.</forename>
</name>
<affiliation>University of Iowa Digital Studio for Public Humanities, United States of America</affiliation>
<email>nicole-dudley@uiowa.edu</email>
</author>
<author>
<name>
<surname>Haldeman</surname>, 
<forename>Lauren</forename>
</name>
<affiliation>University of Iowa Digital Studio for Public Humanities and Virtual Writing University, University of Iowa,  United States of America</affiliation>
<email>lauren-haldeman@uiowa.edu,</email>
</author>
<author>
<name>
<surname>Winet</surname>, 
<forename>Jon</forename>
</name>
<affiliation>University of Iowa Digital Studio for Public Humanities, United States of America</affiliation>
<email>jon-winet@uiowa.edu</email>
</author>
<author>
<name>
<surname>Haar</surname>, 
<forename>Kayla</forename>
</name>
<affiliation>University of Iowa Digital Studio for Public Humanities, United States of America</affiliation>
<email>kayla-haar@uiowa.edu</email>
</author>
</titleStmt>
<publicationStmt>
<authority></authority>
<publisher>University of Nebraska-Lincoln</publisher>
<distributor>
<name>Center for Digital Research in the Humanities</name>
<address>
<addrLine>319 Love Library</addrLine>
<addrLine>University of Nebraska&#8211;Lincoln</addrLine>
<addrLine>Lincoln, NE 68588-4100</addrLine>
<addrLine>cdrh@unl.edu</addrLine>
</address>
</distributor>
<pubPlace>Lincoln, Nebraska</pubPlace> 
<address>
<addrLine>University of Nebraska-Lincoln</addrLine>
<addrLine>Lincoln, NE 68588-4100</addrLine>
</address>
<availability>
<p></p>
</availability>
</publicationStmt>
<sourceDesc>
<p>No source: created in electronic format.</p>
</sourceDesc>
</fileDesc>

<profileDesc>
<textClass>
<keywords scheme="original" n="category">
<term>Poster</term>
</keywords>
<keywords scheme="original" n="subcategory">
<term></term>
</keywords>
<keywords scheme="original" n="topic">
<term>archives</term>
<term>repositories</term>
<term>sustainability and preservation</term>
<term>databases &amp; dbms</term>
<term>interface and user experience design</term>
<term>digitisation</term>
<term>resource creation, and discovery</term>
<term>information architecture</term>
<term>interdisciplinary collaboration</term>
<term>programming</term>
<term>cultural studies</term>
<term>crowdsourcing</term>
<term>folklore and oral history</term>
<term>maps and mapping</term>
</keywords>
<keywords scheme="original" n="keywords">
<term>mobile web app</term>
<term>AIDS Memorial Quilt</term>
<term>Drupal</term>
<term>community-sourcing</term>
<term>public art</term>
</keywords>
</textClass>
</profileDesc>

<revisionDesc>
<change>
<date> when="2013-06-19</date>
<name>Laura Weakly</name>
<desc>Initial encoding</desc>
</change>
</revisionDesc>
</teiHeader>

<text type="paper">
<body>
<div>

<quote>Q: "What weighs 54 tons and can be held in the palm of your hand?"<lb/>
A: "The AIDS Memorial Quilt."</quote>


<p>AIDS Quilt Mobile Web App Development Team:</p>

<list type="simple">
<item>Mark NeuCollins (Lead Developer, Database, PHP, Drupal, CSS)</item>
<item>Lauren Haldeman (Drupal, CSS, jQuery Mobile)</item>
<item>Nikki Dudley (PHP, Drupal, Database, Import Scripting)</item>
<item>Kelly Thompson (Drupal, Mapping, Experimental Module Research, User Experience)</item>
<item>Kayla Haar (Graphic Design)</item>
<item>Jon Winet (Project Director, NAMES Foundation Liaison, Editor, Publicity Information)</item>
</list>


<p>The AIDS Memorial Quilt is the largest living monument in the world. Composed of over 48,000 three foot by six foot individual panels, it pays tribute to the lives of more than 98,000 individuals who have died during the AIDS pandemic. Maintained by the NAMES Foundation in Atlanta, each panel is painstakingly hand-crafted by those who knew and loved these individuals. Each panel carries the emotional weight of a life lived, of loving relationships, and of heartfelt loss.</p>

<p>Our interdisciplinary team  &#8212;drawn from backgrounds in information technology, the humanities, and public art, and including undergraduate and graduate students, staff, and faculty &#8212; would like to share our experiences building a public digital humanities project that provides access to a virtual experience of the Quilt.  Provided with data stored in a structure created in the 1980s, we were tasked with transforming this arcane information repository into something robust, agile, and modern. We aimed to design a system that would be usable by the community surrounding the quilt, comprised of people from all walks of life. The process of creating this public digital humanities project, with its goal of preserving the culture and purpose of the original Quilt, presented many learning opportunities we believe could be of value to others seeking to undertake similar projects.  If accepted, we propose a discussion around the cultural, technological, artistic, and community-driven aspects of developing this project. We would also like to discuss the outpouring of community-sourced stories, memorials, and heart-felt comments contributed in the space of this digital memorial by those who visited the Quilt this summer, both physically and virtually.</p>

<p>Working in concert with project director Anne Balsamo at the USC Annenberg Innovation Lab, the University of Iowa Digital Studio for Public Humanities (DSPH) developed "AIDS Quilt Touch." A mobile web application for mobile devices and laptop | desktop computers, AIDS Quilt Touch is a digital extension of the Quilt, which celebrated its twenty-fifth anniversary this year.</p>

<p>DSPH was approached last spring to create this digital version of the Quilt in conjunction with a display of all 48,000 panels on the National Mall in Washington DC in July 2012. The immediate purposes of the app were to allow visitors to the Mall to find the panel of their loved one, and to leave digital remembrances. The timeline for the project was formidable, with just two months to produce a functional beta version of the app. </p>

<p>With records dating from the 1987, the NAMES database is a cobbled-together collection. Our first task was to parse the flat spreadsheet document from the NAMES foundation into a relational database format that we could use. Simultaneously we needed to learn enough about the Drupal Content Management System to deliver a complete and stable mobile web app based on these data. This web app was to be used by thousands of people trying to find the panel of their loved ones during the quilt’s display in Washington DC. The stakes were high, the challenges were great, but in an incredibly satisfying and successful collaborative effort, we pulled it off. You can see the results of our efforts here: <ref type="url" target="http://www.aidsquilttouch.org/">http://www.aidsquilttouch.org/</ref></p>

<p>To the question of “When will the quilt be on display?” we can now answer, “It is always on display.” To the question of “Where is it being displayed?” we can now answer, “Everywhere.” There is much that we can add to the quilt application, and plan to continue development with future displays of this living monument.</p>

<p>The AIDS Quilt Touch mobile web app allows people to leave comments, to extend the narrative that the quilt has begun to tell, and to create virtual celebrations of the lives lived.  We plan to expand the types of media users are able to add in the near future: photographs, audio, video, and information and metadata about the quilt panels, those who constructed the panels, and those whose lives are memorialized by the panels.</p>

<p>The celebrations of life that users have left on the mobile app convey a deep resonance with the heart of the human experience.  It is these comments that begin to show the promise of the technology. This is the good stuff&#8212;the material of human culture. It is not the mobile web app that is important, but the possibility that this technology can facilitate a deep conversation, can create a well of experience from which we can all draw. The mobile web app points to the possibility that these devices we carry in our pockets hold the potential to be portals to a larger and more inclusive cultural realm. </p> 

                
</div>

</body>

</text>
</TEI>

