<?xml version="1.0" encoding="UTF-8"?>

<?oxygen RNGSchema="http://jetson.unl.edu/cdrh/schemas/tei_all.rng" type="xml"?>
<TEI xmlns="http://www.tei-c.org/ns/1.0" xml:id="ab-368">
    
<teiHeader>
<fileDesc>
<titleStmt>
<title>Digging into Human Rights Violations: phrase mining and trigram visualization</title>
<author>
<name><surname>Miller</surname>, <forename>Ben</forename></name>
<affiliation>Georgia State University, United States of America</affiliation>
<email>miller@gsu.edu</email>
</author>
<author>
<name><surname>Li</surname>, <forename>Fuxin</forename></name>
<affiliation>Georgia Institute of Technology</affiliation>
<email>fli45@mail.gatech.edu</email>
</author>
<author>
<name><surname>Shrestha</surname>, <forename>Ayush</forename></name>
<affiliation>Georgia State University, United States of America</affiliation>
<email>ashrestha2@cs.gsu.edu</email>
</author>
<author>
<name><surname>Umapathy</surname>, <forename>Karthikeyan</forename></name>
<affiliation>University of North Florida</affiliation>
<email>k.umapathy@unf.edu</email>
</author>
</titleStmt>
    
<publicationStmt>
<authority></authority>
<publisher>University of Nebraska-Lincoln</publisher>
<distributor>
<name>Center for Digital Research in the Humanities</name>
<address>
<addrLine>319 Love Library</addrLine>
<addrLine>University of Nebraska&#8211;Lincoln</addrLine>
<addrLine>Lincoln, NE 68588-4100</addrLine>
<addrLine>cdrh@unlnotes.unl.edu</addrLine>
</address>
</distributor>
<pubPlace>Lincoln, Nebraska</pubPlace> 
<address>
<addrLine>University of Nebraska-Lincoln</addrLine>
<addrLine>Lincoln, NE 68588-4100</addrLine>
</address>
<availability>
<p></p>
</availability>
</publicationStmt>
            
<notesStmt><note type="abstract">Unidentified victims, perpetrators, and details of human rights violations are camouflaged by the scale of archival records of witness reports. This project responds to that problem by developing an approach for identifying the appearance of often unnamed individuals across a corpus by integrating semi-supervised machine-learning based phrase mining, network visualization, and an event model from human rights reporting known as “Who Did What to Whom.” This natural language processing method facilitates the retrieval of cross-document narratives of victims &#8212; and perpetrators &#8212; of population level events.</note></notesStmt>
            
<sourceDesc>
<p>No source: created in electronic format.</p>
<p>
<date when="20130717"></date>
<time when="10:30:00"></time>
</p>
<p n="session">SP03</p>
</sourceDesc>
</fileDesc>
        
<profileDesc>
<textClass>
<keywords scheme="original" n="category">
<term>Paper</term>
</keywords>
<keywords scheme="original" n="subcategory">
<term>Short Paper</term>
</keywords>
<keywords scheme="original" n="keywords">
<term>text mining</term>
<term>digging into data</term>
<term>natural language processing</term>
<term>human rights data analysis</term>
<term>data visualization</term>
<term>September 11 2001</term>
</keywords>
                
<keywords scheme="original" n="topic">
<term>corpora and corpus activities</term>
<term>information retrieval</term>
<term>natural language processing</term>
<term>text analysis</term>
<term>linguistics</term>
<term>data mining/text mining</term>
                    
</keywords>
</textClass>
</profileDesc>
        
<revisionDesc>
<change>
<date when="2013-03-29"></date>
<name>Erin Pedigo</name>
<desc>Initial encoding</desc>
</change>
</revisionDesc>
</teiHeader>
    
<text type="paper">
<body>
<div>
    
    <head>I. Introduction</head>
    
    <p>Digging into Human Rights Violations (DHRV) is developing a computational reader for large text archives of human rights
abuses so as to discover the stories of hidden victims and unidentified perpetrators only apparent when reading across large
numbers of related documents. In part, this project began with an observation drawn from Benetech’s Human Rights Data
Analysis Group’s (HRDAG) report on the Bosnian Book of Dead (Ball 2007). In their report on the tabulation of fatalities
resulting from ethnic cleansing undertaken by the Milosevic regime, HRDAG was highly concerned with the de-duplication of
entries. This over-reporting of individual victims within human rights corpora is endemic, and represents an opportunity for a
system that can read across a corpus. For example, in the 511 interviews comprising our test corpus, one named individual
appears more than 60 times. How many times might an unnamed individual reoccur? Automated readers exist that classify
documents, produce summaries (Nenkova 2011), extract significant information (Strassel 2008) and highlight sentiment on a perentity,
sentence, paragraph, or document basis (Pang 2008). This type of analysis works best with well-defined figures, such as
occur in newspaper articles or government documents. That partially describes reports of human rights violations, as each report
generally describes a victim’s perspective of one limited event. Currently, these systems have difficulty parsing peripheral
entities, indeterminate language, or references that go beyond the boundaries of one document and are only significant when
traced across documents; many reports peripherally describe the fates of other victims. These implicit, buried links and duplicate
reports amongst records enable horizontally reading across records collections, rather than vertical reading through one record.</p>
    <p>The technical goal of DHRV is to create an NLP system that facilitates cross-document coreference of entities in collections of
witness statements and interviews within the domain of rights. This project’s approach to resolving the task (Kibble and
Deemeter 2000) described as “whether or not two mentions of entities refer to the same person,” begins by considering the
subtype of anaphora (indicative language within a document) known as exophora (indicative language across more than one
document), and relies on placing pronominal entities within a high-order Event Trigraph of location, time, and name. Because
temporal information is so often referential and ambiguous, and therefore difficult to extract and correlate (Northwood 2000) our
approach uses a phrase-based establishment of semantic context to support identifying the temporal context. This noun- and verb-phrase
extraction, collocation detection, and semi-automated matching, feeds a 2D planar visualization similar to network graph
models. Uncertainties in the document and information retrieval processes are visualized to allow researchers to confirm whether
entity occurrences should be conflated. Because much human rights documentation contains sensitive information that cannot be
made public, this project is prototyping with another historically significant corpus that shares many structural features to our
primary data: the World Trade Center Task Force Interviews conducted with first responders to the attacks of September 11,
2001.</p>
</div>

<div>
<head>II. Event Summarization Based on Matching Phrases</head>    
    
    <p>Our main stratagem is to situate entities in the series of events that define their appearances. Phrases useful for this
process accord to a “journalist template,” of Who, What, When, Where, and Why, and are situated in the events reporting schema
developed by Patrick Ball for human rights violations reporting (Chang 2012, Ball 1996). The goal is a system that can
automatically extract these important entities as phrases, and based on these extracts, allow for the recognition of duplicate entities
across documents. A perceptual diagram of the system is shown in Fig. 1.</p>
    
<figure><graphic url="ab-368.001"/><head>Figure 1:</head><p>Phrase mining perceptual diagram</p></figure>
    
    <p>In the system, the noun phrases and verb phrases are first extracted from a parser. Then a phrase classifier is used to determine
which phrases fall into important entity categories such as Person names/Geographic Locations/Date/Time or depiction of an
event. After classifying these phrases into categories, a module called Collocation detector is ran to detect which of the detected
entities are described in the same context within a passage in the corpus. This collocation of phrases is different from the
collocation of words usually used in NLP, in that it captures instances of the collocations, instead of a global probability. A
collocation is only true when multiple elements correlate. After a set of collocated phrases have been detected, they are placed
into the event template and fed to a visualization engine. Human observers then decide which cross-document entities are
identical. The engine computes automatic scores to make suggestions to the observers on which events and entities should be
merged.</p>
</div>

<div>
<head>III. Phrase Extraction and Classification</head> 
    
    <p>The first step of phrase extraction is done by running a full parser on each document and then extracting all the retrieved noun
phrases and verb phrases from the parse tree. We decided against using a shallow parser (chunker) because it has lower recall (may
not capture all the desired phrases) than a full parser. The parser we are using is the Stanford parser (Klein 2003(1), Klein 2003(2)).
From the extracted phrases, we formulate a classification task for labeling important phrases for event extraction. The important
phrases in our research is different from the traditional named entity recognition (NER) problem in NLP, in that we are seeking to
connect names to unnamed entities. We have 8 categories for important phrases: <hi rend="italic">Organization, Person, Title, Location, Date, Time,
Event, Miscellaneous</hi> and the background category of <hi rend="italic">Unimportant.</hi> Of these categories, some are traditional NER or TimeML
categories. <hi rend="italic">Event</hi> and <hi rend="italic">Miscellaneous</hi> labels are new, and determine some important phrases that might not be readily interpreted as named entities. Phrases such as “the pedestrian bridge,” “the ferry,” or “the second tower” which are not identifiable as a particular
named entity, but might be crucial in depicting the event are classified as <hi rend="italic">Miscellaneous</hi>.</p>
    <p>To maximally utilize human knowledge in the phrase labeling phase, an unsupervised selection mechanism selects the phrases
to be labeled. In this mechanism, phrases are ranked by a score that is similar to a frequency or N-gram model, but discounts the
probability of a phrase if it is very common in a background corpus
    </p>
<figure><graphic url="ab-368.m01"/></figure>
<p>
 where log P(<hi rend="italic">phrase</hi>) is computed by an N-gram language model trained on the current corpus, and log P<hi rend="subscript">bg</hi>(<hi rend="italic">phrase</hi>) is based on a Ngram language model trained on a background corpus that is supposed to contain documents of all kinds. Under this model, the
probability of a phrase is only discounted if P<hi rend="subscript">bg</hi>(<hi rend="italic">phrase</hi>) > P(<hi rend="italic">phrase</hi>). This application of Term Frequency–Inverse Document
Frequency (Cohen 2002) helps us to find frequent phrases in the corpus which are not popular in the background corpus. The
phrases with top scores are manually labeled. By this approach we can obtain the labels for the most frequent and unique phrases in
the corpus, which are likely to be more important in isolating an event. Our N-gram training uses the modified Kneser-Ney
smoothing (Chen 1999) from the MitLMpackage (Hsu 2008). The background language model is obtained from Microsoft Web Ngram
Services. Given a set of human-labeled phrases, we then train two levels of classifiers on these phrases. At the first level, a
binary Important versus <hi rend="italic">Unimportant</hi> phrase classifier is trained. At the second level, a one-against-all multi-class classifier is
trained for each of the phrase category described above, except <hi rend="italic">Miscellaneous</hi>, which serves as the background category for
Important phrases. The features used for the classifiers are common NER features (Zhang 2003, Ratinov 2009), plus standard bagof-
words features. For the <hi rend="italic">Date</hi> and <hi rend="italic">Time</hi> phrases, we make use of the SUTime library (Chang 2012) which matches date and time
expressions using an extensive set of rules defined by regular expressions. The classification of these <hi rend="italic">Time</hi> and <hi rend="italic">Date</hi> phrases do not
depend on our own human annotation.</p>
</div>

<div>
<head>IV. Collocation Detection and Event Templates</head>    
    
    <p>For the collocation we use a simple metric: a Gaussian kernel on the distance between mentions of different phrases. Formally,
        the collocation probability of one occurrence of a phrase, given a set of other phrases is defined as: 
    </p>
<figure><graphic url="ab-368.m02"/></figure>
<p>
where <hi rend="italic">S(p<hi rend="sub">i</hi>)</hi> is the sentence number where pi occurred. Given the defined conditionals, one can compute the joint probability <hi rend="italic">P(p<hi rend="subscript">1</hi>, p<hi rend="subscript">2</hi>, p<hi rend="subscript">3</hi>, . . . , p<hi rend="subscript">k</hi>)</hi> and use a threshold to determine which phrase set goes to an event template.</p>
</div>

<div>
<head>V. Visualizing Unvertainty in Event Trigraphs</head>    
    
    <p>Depending upon the context, uncertainty refers to statistical uncertainty, ranged values or missing data (Pang 1997).
Uncertainty can be introduced in the data during acquisition, processing or even visualization. In this paper, since the underlying
data has been extracted from narratives, which in turn lacks precision, uncertainty is introduced right from the data acquisition
phase. These uncertainties include the temporal, “By this time, it had to be 11:00 o'clock at night” and “at that time I noticed,”
locative, “I guess that would be North End Avenue,” and entity, “At this point I had my five guys" [WTCTF 9110250]. One of the
major goals of this project is to visualize the triadic relationship amongst character, time, and location while incorporating these
uncertainties.</p>
    <p>In (Skeels 2010), the authors present a survey of the existing works on uncertainty visualization. The survey shows that most
research in this area is in the field of geospatial (MacEachren 2005) or scientific visualizations (Lodha 1996, Grigoryan 2004,
Wittenbrink1996). It also states, "[t]he main techniques developed include adding glyphs, (Wittenbrink 1996, Lodha 1996) adding
geometry, modifying geometry, (Grigoryan 2004) uncertainty in a model to decision makers (Walker 2003) modifying attributes,
animation (Lodha 1996, Gershon 1992) and sonification.(LodhaSonic 1996).” To convey the time-location-character data and the
associated uncertainty visually, in this paper, we introduce a trigram based visualization called an Event Trigraph.</p>
    <p>An Event Trigraph is a 2D planar diagram consisting of events as its building blocks. An event in this case is a 3-tuple
consisting of the basic elements derived from the phrase mining method detailed above to yield three elements: time, location and
entity. Events are represented visually as triangles with the aforementioned basic elements as vertices connected with weighted
edges. The weights represent the confidence value in the relation as obtained via our text mining methods. These confidence
values show how likely is the connection both between two elements and amongst the trigram. Figure 2 shows a trigram with
confidence values and elements.</p>
    
<figure><graphic url="ab-368.002"/><head>Figure 2.</head><p>Event trigraph with uncertainty values and voids</p></figure>
    
    <p>Confidence values peak at 1, or a certain relationship between two elements. To reduce visual clutter due to the excess number
of edges and vertices, we employ details on demand (Shneiderman 1996) and filtering capabilities on the dataset. The users can
also drag and drop the events over other events and manually enter the confidence values to present the associativity between two
or more events. Since the user loads multiple documents at a time, this feature enables users to visually associate events in
different documents &#8212; the main forte and a unique aspect of our visualization. Furthermore, since the resulting data structure is a
weighted network graph, many graph theory algorithms can be readily applied, thus making it scalable.</p>
</div>

<div>
<head>VI. Conclusion</head>    
    
    <p>As reports are processed by this method, the diagram builds in complexity and supplements each individual event trigraph with
ones that potentially correlate. In the figure above, John-Café-12:00 pm is correlated to Jill-Playground-12:00pm across the time
element, and Jill-Playground-12:00 pm correlates to Eleanor-Playground-12:00 pm across both time and location elements. This
aggregated event trigraph builds to represent a corpus, and offers a method for correlating the collocation of entities across
documents, and potentially identifying unnamed entities within said corpus.</p>
    
    
    
    
    
</div>
</body>

<back>
<div type="References">
<listBibl>
<bibl><hi rend="bold">Ball, P.</hi> (1996). <hi rend="italic">Who Did What to Whom?: Planning and implementing a large scale human rights data project</hi>. Washington, D.C.: American Assoc. for the
Advancement of Science, Science and Human Rights Program.</bibl>
<bibl><hi rend="bold">Ball, P., E. Tabeau and P. Verwimp</hi> (2007). <hi rend="italic">The Bosnian Book of Dead: Assessment of the Database</hi>. Sussex: Households in Conflict Network, Institute of
Development Studies.</bibl>
<bibl><hi rend="bold">Chang, A. X., and C. D. Manning</hi> (2012). Sutime: A library for recognizing and normalizing time expressions. In <hi rend="italic">International Conference on Language Resources
and Evaluation</hi> (LREC 2012).</bibl>
<bibl><hi rend="bold">Chen, S. F., and J. T. Goodman</hi> (1999). An empirical study of smoothing techniques for language modeling. <hi rend="italic">Computer Speech and Language</hi>, 13:359–393.</bibl>
<bibl><hi rend="bold">Cohen, W. W., and J. Richman</hi> (2002). “Learning to Match and Cluster Large High-Dimensional Data Sets for Data Integration.” <hi rend="italic">Eighth ACM SIGKDD International
Conference on Knowledge Discovery and Data Mining</hi> (KDD).</bibl>
<bibl><hi rend="bold">Gershon, N. D.</hi> (1992). “Visualization of fuzzy data using generalized animation.” <hi rend="italic">IEEE Symposium on Visualization 1992</hi>. Chicago: IEEE Computer Society Press, 268–273.</bibl>
<bibl><hi rend="bold">Grigoryan, G., and P. Rheingans</hi> (2004). “Point-based probabilistic surfaces to show surface uncertainty.” <hi rend="italic">IEEE Transactions on Visualization and Computer
Graphics</hi> 10(5): 564–573.</bibl>
<bibl><hi rend="bold">Hsu, B. J. and J. Glass</hi> (2008). Iterative language model estimation: Efficient data structure and algorithms. In <hi rend="italic">Proceedings of Interspeech</hi>.</bibl>
<bibl><hi rend="bold">Klein, D. and C. D. Manning</hi> (2003). Accurate unlexicalized parsing. In <hi rend="italic">Proceedings of the 41st Meeting of the Association for Computational Linguistics</hi>, 423–430.</bibl>
<bibl><hi rend="bold">Klein, D. and C. D. Manning</hi> (2003). Fast exact inference with a factored model for natural language parsing. In <hi rend="italic">Advances in Neural Information Processing
Systems</hi> 15,  3–10.</bibl>
<bibl><hi rend="bold">Lodha, S. K., A. Pang, R. E. Sheehan, and C. M. Wittenbrink</hi> (1996). “UFLOW: Visualizing Uncertainty in Fluid Flow.” <hi rend="italic">IEEE Symposium on Visualization</hi> 
Chicago, IL: IEEE Computer Society Press, (1996): 249–255.</bibl>
<bibl><hi rend="bold">Lodha, S. K., C. M. Wilson, and R. E. Sheehan</hi> (1996). “LISTEN: Sounding uncertainty visualization.” <hi rend="italic">Proceedings of the Visualization 1996</hi>. Los Alamitos, CA:
IEEE Computer Society, 189–195.</bibl>
<bibl><hi rend="bold">MacEachren, A. M., et al.</hi> (2005). "Visualizing geospatial information uncertainty: What we know and what we need to know." <hi rend="italic">Cartography and Geographic
Information Science</hi> 32.3: 139-160.</bibl>
<bibl><hi rend="bold">Nenkova, A., and K. McKeown</hi> (2011). “Automatic Summarization.” In Functions and Trends in Information Retrieval. 5.2-3: 103-233.</bibl>
<bibl><hi rend="bold">Northwood, C.</hi> (2010). <hi rend="italic">TERNIP: Temporal Expression Recognition and Normalisation in Python</hi>. Sheffield: Department of Computer Science. </bibl>
<bibl><hi rend="bold">Pang, A. T., C. M. Wittenbrink, and S. K. Lodha</hi> (1997). "Approaches to uncertainty visualization." <hi rend="italic">The Visual Computer</hi> 13(8): 370-390.</bibl>
<bibl><hi rend="bold">Pang, B., and L. Lee</hi>  (2008). “Opinion Mining and Sentiment Analysis.” In Foundations and Trends in Information Retrieval. 2(1-2): 1-135.</bibl>
<bibl><hi rend="bold">Ratinov, L. and D. Roth</hi> (2009). Design challenges and misconceptions in named entity recognition. In <hi rend="italic">Proceedings of the Thirteenth Conference on Natural
Language Learning</hi> (CONLL 2009).</bibl>
<bibl><hi rend="bold">Shneiderman, B.</hi> (1996). "The eyes have it: A task by data type taxonomy for information visualizations." <hi rend="italic">Visual Languages. Proceedings</hi>, IEEE Symposium
on IEEE, 1996.</bibl>
<bibl><hi rend="bold">Skeels, M., et al.</hi> (2010). "Revealing uncertainty for information visualization." <hi rend="italic">Information Visualization</hi> 9(1): 70-81.</bibl>
<bibl><hi rend="bold">Strassel, S, M. Przybocki, K. Peterson, Z. Song, and K. Maeda</hi> (2008). “Linguistic Resources and Evaluation Techniques for Evaluation of Cross-Document Automatic
Content Extraction.” In <hi rend="italic">Proceedings of the Sixth International Language Resources and Evaluation</hi> (LREC'08).</bibl>
<bibl><hi rend="bold">Walker, W. E., et al.</hi> (2003). “Defining uncertainty: A conceptual basis for uncertainty management in model-based decision support.” <hi rend="italic">Integrated Assessment</hi>
4(1): 5–17</bibl>
<bibl><hi rend="bold">Wittenbrink, C.M., A. T. Pang, and S. K. Lodha.</hi> (1996). “Glyphs for visualizing uncertainty in vector fields.” <hi rend="italic">IEEE Transactions on Visualization and Computer
Graphics</hi> 2(3): 266–279.</bibl>
<bibl><hi rend="bold">Zhang, T., and D. Johnson</hi> (2003). A robust risk minimization based named entity recognition system. In <hi rend="italic">Proceedings of the Seventh Conference on Natural
Language Learning</hi> (CONLL 2003).</bibl>
</listBibl>
</div>

</back>
</text>
</TEI>
