<?xml version="1.0" encoding="UTF-8"?>

<?oxygen RNGSchema="http://jetson.unl.edu/cdrh/schemas/tei_all.rng" type="xml"?>
<TEI xmlns="http://www.tei-c.org/ns/1.0" xml:id="ab-342">
    
<teiHeader>
<fileDesc>
<titleStmt>
<title><hi rend="italic">“Where do you need us?”</hi> &#8212; The National Library in the Digital Humanities</title>
<author>
<name><surname>Conteh</surname>, <forename>Aly</forename></name>
<affiliation>British Library, United Kingdom</affiliation>
<email>aly.conteh@bl.uk</email>
</author>
<author>
<name><surname>Wilms</surname>, <forename>Lotte</forename></name>
<affiliation>Koninklijke Bibliotheek, Netherlands, The</affiliation>
<email>lotte.wilms@kb.nl</email>
</author>
</titleStmt>
<publicationStmt>
<authority></authority>
<publisher>University of Nebraska-Lincoln</publisher>
<distributor>
<name>Center for Digital Research in the Humanities</name>
<address>
<addrLine>319 Love Library</addrLine>
<addrLine>University of Nebraska&#8211;Lincoln</addrLine>
<addrLine>Lincoln, NE 68588-4100</addrLine>
<addrLine>cdrh@unlnotes.unl.edu</addrLine>
</address>
</distributor>
<pubPlace>Lincoln, Nebraska</pubPlace> 
<address>
<addrLine>University of Nebraska-Lincoln</addrLine>
<addrLine>Lincoln, NE 68588-4100</addrLine>
</address>
<availability>
<p></p>
</availability>
</publicationStmt>

<notesStmt><note type="abstract">This poster will present the work of the British Library and the National Library of the Netherlands toward finding the right place in the Digital Humanities community. We will present our digitised collections and the efforts to accomodate these new (research) activities (i.e. BL Labs and the Data Services team at the KB). We hope to stir up a discussion with the digital humanists at DH2013 to ascertain whether our work is going into the right direction, and what Digital Humanities researchers need and expect from us as national libraries. How can we help you?</note></notesStmt>
    
<sourceDesc>
<p>No source: created in electronic format.</p>
</sourceDesc>
</fileDesc>
    
<profileDesc>
<textClass>
<keywords scheme="original" n="category">
<term>Poster</term>
</keywords>
<keywords scheme="original" n="subcategory">
<term></term>
</keywords>
<keywords scheme="original" n="keywords">
<term>Digitisation</term>
<term>data services</term>
<term>BL Labs</term>
<term>British Library</term>
<term>Koninklijke Bibliotheek</term>
</keywords>
<keywords scheme="original" n="topic">
<term>digital humanities &#8212; institutional support</term>
<term>GLAM: galleries, libraries, archives, museums</term>
<term>digital humanities &#8212; facilities</term>
              
</keywords>
</textClass>
</profileDesc>
    
<revisionDesc>
<change>
<date when="2013-03-29"></date>
<name>Erin Pedigo</name>
<desc>Initial encoding</desc>
</change>
</revisionDesc>
</teiHeader>
    
<text type="poster">
<body>
<div>

    <p>In the past two decades or so, national libraries have been digitising millions of pages of books, newspapers, magazines and other text based collections. In this digital age, the research landscape is changing rapidly, with scholars able to ask new types of questions and answer them in novel ways by working with a wide variety of materials and in new collaborative modes.</p>
    <p>As a national library, the British Library (BL) holds over 150 million items dating as far back as 2000 BC and is responding to this climate by realigning its services and structure, including the creation of a new digital scholarship department, but there are still fundamental changes the Library needs to make in order to allow researchers to fully exploit digital resources. We are passionate about working with researchers and scholars so that they can use our digital collection to create new knowledge.</p>
    <p>The National Library of the Netherlands (KB) has planned to have digitised and OCRed its entire collection of books, periodicals and newspapers from 1470 onwards by the year 2030. But already in 2013, 10% of this enormous task will be completed, resulting in 73 million digitised pages, either from the KB itself or via public-private partnerships as Google Books and ProQuest. Many are already available via various websites (e.g. <ref type="url" target="http://kranten.kb.nl">kranten.kb.nl</ref>, <ref type="url" target="http://statengeneraaldigitaal.nl">statengeneraaldigitaal.nl</ref>, <ref type="url" target="http://anp.kb.nl">anp.kb.nl</ref>, <ref type="url" target="http://earlydutchbooksonline.nl">earlydutchbooksonline.nl</ref>) and we are working on a single entry point to (re)search all sets simultaneously.</p>
    <p>Of course, as an institution that serves the community, these (vast) digitisation projects are not done for ourselves and we make everything we digitise publicly available. Unfortunately, as a library that is not connected to a university &#8212; with researchers of their own &#8212; a place for us in the Digital Humanities landscape is not as naturally formed as that of a university library. But we do have interesting material and want to get our data out there and have it used by researchers, the general public or anyone who is interested in large corpora of text. But how can we best achieve this?</p>
    <p>What does the Digital Humanities community need from us? What do we have to do be as institutions to serve researchers who want to get their hands dirty with this data? How would you like to access this data? Would you prefer a lab with support from material experts and programmers? Would you rather have quantity over quality? Which formats should we offer?</p>
    <p>This poster will present the KB as the National Library of the Netherlands, and the collections we(currently)have, but also our efforts to make our data available as complete sets by setting up a Data Services team that focuses on the questions raised by these new activities. This poster will also present the British Library, the data and services it provides and the BL Labs project which is designed to achieve the transformational steps that will change the way the Library provides access to its digital collections and enable scholars to research entire collections rather than just individual items.</p>
    <p>We hope to stir up a discussion with the digital humanists at DH2013 to ascertain whether our work is going into the right direction, and what researchers need and expect from us as national libraries. How can <hi rend="italic">we</hi> help you?</p>
</div>

</body>
</text>
</TEI>