<?xml version="1.0" encoding="UTF-8"?>

<?oxygen RNGSchema="http://jetson.unl.edu/cdrh/schemas/tei_all.rng" type="xml"?>
<TEI xmlns="http://www.tei-c.org/ns/1.0" xml:id="ab-334">
    
<teiHeader>
<fileDesc>
<titleStmt>
<title>Visual Historiography: Visualizing “The Literature of a Field”</title>
<author>
<name><surname>Staley</surname>, <forename>David J.</forename></name>
<affiliation>Ohio State University, United States of America</affiliation>
<email>staley.3@asc.ohio-state.edu</email>
</author>
<author>
<name><surname>French</surname>, <forename>Scot A.</forename></name>
<affiliation>University of Central Florida, United States of America</affiliation>
<email>scotfrench09@gmail.com</email>
</author>
<author>
<name><surname>Ferster</surname>, <forename>Bill</forename></name>
<affiliation>Research Professor, University of Virginia</affiliation>
<email>bferster@virginia.edu</email>
</author>
</titleStmt>
<publicationStmt>
<authority></authority>
<publisher>University of Nebraska-Lincoln</publisher>
<distributor>
<name>Center for Digital Research in the Humanities</name>
<address>
<addrLine>319 Love Library</addrLine>
<addrLine>University of Nebraska&#8211;Lincoln</addrLine>
<addrLine>Lincoln, NE 68588-4100</addrLine>
<addrLine>cdrh@unlnotes.unl.edu</addrLine>
</address>
</distributor>
<pubPlace>Lincoln, Nebraska</pubPlace> 
<address>
<addrLine>University of Nebraska-Lincoln</addrLine>
<addrLine>Lincoln, NE 68588-4100</addrLine>
</address>
<availability>
<p></p>
</availability>
</publicationStmt>

<notesStmt><note type="abstract">Our project treats the published work of historians in a peer-reviewed scholarly journal &#8212; Florida Historical Quarterly, housed at the University of Central Florida and accessible in digital form through J-Stor &#8212; as a primary source dataset to be analyzed and visualized. In applying macro-level reading and topic-modeling tools to the secondary literature of a scholarly field (History) and its subfields (American History/Florida History), we propose to make “visible” shifts in temporal/geographic/topical “coverage,” changing conceptual/analytical/theoretical frames of reference, and networks of scholarly influence through the use of citations.</note></notesStmt>
    
<sourceDesc>
<p>No source: created in electronic format.</p>
</sourceDesc>
</fileDesc>
    
<profileDesc>
<textClass>
<keywords scheme="original" n="category">
<term>Poster</term>
</keywords>
<keywords scheme="original" n="subcategory">
<term></term>
</keywords>
<keywords scheme="original" n="keywords">
<term>visualization</term>
<term>topic-modeling</term>
<term>historiography</term>
<term>scholarly communication</term>
</keywords>
<keywords scheme="original" n="topic">
<term>archives</term>
<term>repositories</term>
<term>sustainability and preservation</term>
<term>historical studies</term>  
<term>text analysis</term>
<term>content analysis</term>
<term>visualisation</term>
<term>data mining/text mining</term>
                
</keywords>
</textClass>
</profileDesc>
    
<revisionDesc>
<change>
<date when="2013-03-29"></date>
<name>Erin Pedigo</name>
<desc>Initial encoding</desc>
</change>
</revisionDesc>
</teiHeader>
    
<text type="paper">
<body>
<div>

    <p>The call for visualizing “Big Data” has generated a groundswell of interest among historians and humanities scholars, as demonstrated by the international response to the National Endowment for the Humanities’ 2010 and 2011 Digging into Data challenges (Williford and Henry, 2012). Exemplary efforts from the first two rounds of projects, such as Stanford University’s “Mapping the Republic of Letters,” and the University of Nebraska at Lincoln’s “Railroads and the Making of Modern America,” suggest the great potential for visualizing large repositories of primary sources for historical insight.</p>
<p>Our project treats the published work of historians in a peer-reviewed scholarly journal &#8212; <hi rend="italic">Florida Historical Quarterly,</hi> housed at the University of Central Florida and accessible in digital form through J-STOR &#8212; as a primary source dataset to be analyzed and visualized. In applying macro-level reading and text-mining tools to the secondary literature of a scholarly field (History) and its subfields (American History/Florida History), we propose to make “visible” patterns of topical “coverage,” changing conceptual/analytical/theoretical frames of reference, and patterns of scholarly influence. We know, for instance, that the Civil Rights Movement, feminism, and the opening of the academy in the 1970s had a profound impact on historical interpretation at the national level (Novick 1988). We expect our data visualization of <hi rend="italic">FHQ</hi> journal articles to reveal the impact of these and other “turns” within the scholarly subfield of Florida History, both confirming and perhaps challenging assumptions based on more traditional reading practices.</p>
    <p> “Knowledge mapping" is more commonplace in the sciences than in the humanities. Chaomei Chen asks, “Why do scientists not have a viewfinder to their own fields? Why cannot scientists videotape the evolution of their own fields, their paradigm shifts, the rises of their own stars and the expansion of their own galaxies of intellectual contributions?  … How can we visualize the process of a paradigm shift?” (Chen 2006) We ask the same questions about history: can we use the tools of knowledge domain visualization to map out shifting paradigms and historiographic “turns” in history? What happens when we apply the techniques of “distant reading” (Moretti 2005) and human-assisted “machine reading” (Hayles 2012) to the secondary literature in history? What insights might visualization of the data produce for historiography? (Staley 2003) Our reading of the literature at this scale forces us to rethink our assumptions about how we understand “seminal” articles/works. More importantly, new questions emerge when we “read” the secondary literature of a field at this macro scale, such as determining the influence of journal editors on the topical/historiographic orientation of the journal.</p>
<p>This poster will present the results of our case study, which examines an 85-year run of the <hi rend="italic">Florida Historical Quarterly,</hi> (1924-2009) made accessible and searchable via Data For Research J-STOR. We will display our findings through interactive visualizations generated in consultation with Ohio State and UCF graduate researchers, <hi rend="italic">FHQ</hi> editorial staff, and visualization specialist Bill Ferster (Ferster, 2012) at the University of Virginia. Visual patterns, the result of a reading of a large textual corpus at a distance, can in and of themselves result in interpretive insights. Stephen Ramsay’s “algorithmic criticism” (criticism derived from algorithmic manipulations of text) relies on the generation of visual patterns as the product of these computer-enabled interpretive acts (Ramsay 2011). Rather than being an intermediate step toward a written piece of scholarship &#8212; the preferred approach of humanists &#8212; the visualization itself becomes the hermeneutical/scholarly performance, the visualization is the hermeneutic object. Such a practice asserts “the primacy of pattern as the basic hermeneutical function [which would unite] art, science, and criticism.” Our poster visualizes the “primacy of topical/historiographic patterns” in the <hi rend="italic">Florida Historical Quarterly</hi>.</p>
    <p>Our poster will outline our research methodology &#8212; a hybrid of qualitative and quantitative analysis, enabled by human-assisted machine-reading. We extend David Mimno’s “computational historiography” (Mimno 2012) beyond a two-topic, p- or not-p approach to topic modeling. For analytic purposes, we will compare the results of our human-assisted  “distant reading” with the perceptions of editors about how the field of Florida history, in its discourse with history in general, has changed over time. We will also problematize these results, pointing to the potential “false positives” that can result from such machine reading and visualization. We will explore the relationship of necessity between machine-and human-reading.</p>
</div>

</body>
    
 <back>
<div type="References">
<listBibl>

<bibl><hi rend="bold">Williford, C. and C. Henry</hi> (2012). <hi rend="italic">One Culture: Computationally Intensive Research in the Humanities and Social Sciences: A Report on the First Respondents to the Digging into Data Challenges.</hi> Washington, D.C.: Council on Library and Information Resources.</bibl>

<bibl><hi rend="bold">Mimno, D.</hi> (2012). Computational Historiography: Data Mining in a Century of Classics Journals. <hi rend="italic">Journal on Computing and Cultural Heritage,</hi> 5(1):1-19.</bibl>

<bibl><hi rend="bold">Hayles, N. K.</hi> (2012). <hi rend="italic">How We Think: Digital Media and Contemporary Technogenesis.</hi> Chicago: University of Chicago Press.</bibl>

<bibl><hi rend="bold">Ferster, B.</hi> (2012) <hi rend="italic">Interactive Visualization: Insight Through Inquiry.</hi> Boston: MIT Press.</bibl>

<bibl><hi rend="bold">Ramsay, S.</hi> (2011). <hi rend="italic">Reading Machines: Toward an Algorithmic Criticism.</hi> Champaign, Il.: University of Illinois Press.</bibl>

<bibl><hi rend="bold">Chen, C.</hi> (2006). <hi rend="italic">Information Visualization: Beyond the Horizon.</hi> New York: Springer.</bibl>

<bibl><hi rend="bold">Staley, D.</hi> (2003). <hi rend="italic">Computers, Visualization and History: How New Technology Will Transform Our Understanding of the Past.</hi> Armonk, N.Y.: M.E. Sharpe.</bibl>

<bibl><hi rend="bold">Novick, P.</hi> (1988). <hi rend="italic">That Noble Dream: The ‘Objectivity Question’ and the American Historical Profession.</hi> Cambridge: Cambridge University Press.</bibl>

</listBibl>
</div>
</back>
</text>
</TEI>

