<?xml version="1.0" encoding="utf-8"?>
<?oxygen RNGSchema="http://jetson.unl.edu/cdrh/schemas/tei_all.rng" type="xml"?>
<TEI xmlns="http://www.tei-c.org/ns/1.0" xml:id="ab-352">

<teiHeader>
<fileDesc>
<titleStmt>
<title>Victorian Paratextual Poetics and Citation Analysis</title>
<author>
<name><surname>Walsh</surname>, <forename>John</forename></name>
<affiliation>Indiana University, United States of America</affiliation>
<email>jawalsh@indiana.edu</email>
</author>
<author>
  <name><surname>Sugimoto</surname>, <forename>Cassidy</forename></name>
  <affiliation>Indiana University, United States of America</affiliation>
  <email>sugimoto@indiana.edu </email>
</author>
</titleStmt>
<publicationStmt>
<authority></authority>
<publisher>University of Nebraska-Lincoln</publisher>
<distributor>
<name>Center for Digital Research in the Humanities</name>
<address>
<addrLine>319 Love Library</addrLine>
<addrLine>University of Nebraska&#8211;Lincoln</addrLine>
<addrLine>Lincoln, NE 68588-4100</addrLine>
<addrLine>cdrh@unl.edu</addrLine>
</address>
</distributor>
<pubPlace>Lincoln, Nebraska</pubPlace> 
<address>
<addrLine>University of Nebraska-Lincoln</addrLine>
<addrLine>Lincoln, NE 68588-4100</addrLine>
</address>
<availability>
<p></p>
</availability>
</publicationStmt>

<notesStmt><note type="abstract">This study combines elements of literary theory, citation theory, and techniques of citation analysis to study paratextual elements in the work of Victorian poets Algernon Charles Swinburne, Dante Gabriel Rossetti, and Alfred, Lord Tennyson. Our study focuses on paratexts that resemble a citation, i.e., those paratexts that explicitly reference one or more bibliographic elements, such as author, title, date, or quotation. We find such references in the paratexual elements such as titles, subtitles, epigraphs, dedications, and authorial notes. Our analysis of these referential paratexts will provide different views of these poets as seen through their paratexts and the diverse collection of authors, artists, and works referenced by those paratexts. We will present the findings from a thorough analysis of paratextual reference in Swinburne, Rossetti, and Tennyson, and based on those findings, we will make some preliminary observations about Swinburnian and Victorian paratextual poetics.</note></notesStmt>

<sourceDesc>
<p>No source: created in electronic format.</p>
<p>
<date when="20130717"></date>
<time when="10:30:00"></time>
</p>
<p n="session">LP04</p>
</sourceDesc>
</fileDesc>

<profileDesc>
<textClass>
<keywords scheme="original" n="category">
<term>Paper</term>
</keywords>
<keywords scheme="original" n="subcategory">
<term>Long Paper</term>
</keywords>
<keywords scheme="original" n="keywords">
<term>TEI</term>
<term>XML</term>
<term>citation analysis</term>
<term>paratext</term>
</keywords>
<keywords scheme="original" n="topic">
<term>encoding - theory and practice</term>
<term>literary studies</term>
<term>text analysis</term>
<term>xml</term>
<term>bibliographic methods / textual studies</term>
<term>genre-specific studies: prose, poetry, drama, english studies</term>
</keywords>
</textClass>
</profileDesc>

<revisionDesc>
<change>
<date when="2013-05-01"></date>
<name>Laura Weakly</name>
<desc>Initial encoding</desc>
</change>
</revisionDesc>
</teiHeader>

<text type="paper">
<body>
<div>

<p>This study combines elements of literary theory, citation theory, and techniques of citation analysis to
study paratextual elements in the work of Victorian poets Algernon Charles Swinburne (1837–1909),
Dante Gabriel Rossetti (1828–1882), and Alfred, Lord Tennyson (1809–1892). The study will focus on
Swinburne, who provides the largest and richest collection of paratextual elements, but will also look at
Rossetti and Tennyson for the sake of comparison. In his Foreword to the English translation of G&#233;rard
Gennette’s <hi rend="italic">Seuils</hi> (translated as <hi rend="italic">Paratexts: Thresholds of Interpretation</hi>), Richard Macksey defines paratexts
as

<quote>those liminal devices and conventions, both within the book (peritext) and outside it (epitext), that
mediate the book to the reader: titles and subtitles, pseudonyms, forewords, dedications, epigraphs,
prefaces, intertitles, notes, epilogues, and afterwords…but also the elements in the public and
private history of the book, its “epitext,” that are analyzed in the latter part of this volume: “public
epitexts” (from the author or publisher) as well as “private epitexts” (authorial correspondence, oral
confidences, diaries, and pre-texts). (Macksey xviii)</quote></p>

<p>In humanities documents, particularly primary source materials, analysis of paratextual elements may
provide information about influence, impact, and networks shared by authors, artists, and their works.
These networks of intertextual and interpersonal relationships contribute to the production of meaning
in the text. Our study will focus on peritexts, that is, the paratexts <hi rend="italic">within</hi> the document. We are further
limiting our focus to paratexts that in some way or another resemble a citation, i.e., those paratexts that
explicitly reference one or more bibliographic elements, such as author, title, date, or a quotation that
identifies itself as such (e.g, by the use of quotation marks). We look at a number of specific textual
elements, including titles, subtitles, epigraphs, dedications, and notes. Titles may reference specific
authors (e.g., Swinburne’s “Song for the Centenary of Walter Savage Landor” and “From Victor
Hugo”) and/or works (e.g., Swinburne’s “Grand Chorus of Birds from Aristophanes”). Epigraphs
include quoted text, often accompanied by more formal citations indicating author, title, and even line
numbers. See the example below, one of the epigraphs to Swinburne’s lyrical drama <hi rend="italic">Erechtheus</hi> (1876):</p>

<quote>ΑΤ. τίς δὲ ποιμάνωρ ἔπεστι κ πιδεσπόζει στρατοῦϗ;<lb/>
ΧΟ. οὔτινος δοῦλοι κέκληνται φωτὸς οὐδ’ ὑπηκόοι.<lb/>
Æsch. <hi rend="italic">Pers.</hi> 241 - 2.</quote>

<p>By focusing our attention on these “citation-like” paratexts, we are able to apply the techniques of
citation analysis to probe these poets’ paratextual gestures. Our analysis is complicated and enriched by
the presence of “invented” paratextual citations, such as the fictitious French epigraph to Swinburne’s
“Laus Veneris” (1866).</p>

<p>Dedications provide an interesting case in that they typically refer to a person rather than a specific
work. But the overwhelming number of Swinburne’s dedication were to men and women of letters and
visual artists: Walter Savage Landor, Victor Hugo, Richard Francis Burton, Edward John Trelawny,
William Bell Scott, Charles Lamb, Dante Gabriel Rossetti, William Michael Rossetti, Christina Rossetti,
Edward Burne-Jones, and William Morris. The target of the dedication, posited as a bibliographic
entity in a bibliographic and literary context, becomes a sort of document, like Suzanne Briet’s antelope,
and represents not just the individual but that individual’s body of work.</p>

<p>Swinburne’s notes, like the epigraphs, often include more formal citations. In fact, a number of long
odes &#8212;to favorite authors Walter Savage Landor and Victor Hugo &#8212; may be characterized as
bibliographies in verse, accompanied by notes containing formal citations to the works described in the
verse. The “Birthday Ode” (1880) to Victor Hugo contains thirty-eight notes, each with a citation to one
or more works by Hugo. Harold Nicolson called this poem “a complete rhymed bibliography of the
works of Victor Hugo.”</p>

<p>Swinburne is certainly not unique among nineteenth-century poets in buttressing his poems with a rich
paratextual framework. Other noteworthy examples include the Preface to <hi rend="italic">Lyrical Ballads</hi>, Coleridge’s
introductory note to <hi rend="italic">Kubla Kahn</hi> and his glosses to <hi rend="italic">The Rime of the Ancient Mariner</hi>, Byron’s notes to <hi rend="italic">Childe
Harold’s Pilgrimage</hi>, and Shelley’s notes to <hi rend="italic">Queen Mab</hi>. But Swinburne was incredibly widely read, a
scholarly poet, and an enthusiastic bibliophile. The paratextual network that surrounds Swinburne’s
work is particularly large, diverse, and complex, and in the context of information studies his work
provides fertile ground for this sort of bibliometric analysis. Swinburne’s poems and paratexts reference
a large number of explicitly identified works by other writers and artists. The six volumes of
Swinburne’s collected <hi rend="italic">Poems</hi> contain over four hundred poems, large and small. Within these roughly
four hundred poems, we have identified over four hundred and fifty paratextual citations, references
embedded within Swinburne’s titles, epigraphs, notes, and so on. The works cited by Swinburne cover
the range of Western culture from the Old and New Testaments of the Bible to classical antiquity
through the middle ages, Renaissance, and Enlightenment to contemporary 19th-century works by
figures such as Landor, Hugo, Tennyson, Gautier, Robert Browning, Whitman, and Dante Gabriel
Rossetti. Besides English, languages represented by Swinburne’s paratexts include French, Greek,
Italian, and Latin. His paratexts also reference visual art (Rossetti, Whister) and music (Wagner).</p>

<p>The Swinburne documents analyzed in this study have been digitized and are available in TEI/XMLencoded
formats through the Algernon Charles Swinburne Project <ref type="url" target="http://www.swinburneproject.org/">http://www.swinburneproject.org/</ref>.
The TEI provides markup elements that map fairly neatly to the types of paratexts and bibliographic
entities under consideration here:</p>

<list type="unordered">
<item><code>&lt;epigraph&gt;</code></item>
<item><code>&lt;title&gt;</code></item>
<item><code>&lt;author&gt;</code></item>
<item><code>&lt;date&gt;</code></item>
<item><code>&lt;quote&gt;</code></item>
<item><code>&lt;div type='dedication'&gt;</code></item>
<item><code>&lt;ab type='dedication'&gt;</code></item>
</list>

<p>Since these elements were already encoded in the TEI/XML, it was relatively trivial to extract them
from the enclosing texts and identify those that contain paratextual references. Swinburne’s references,
or “citations,” were entered into a database that was augmented with more detailed bibliographic
information about Swinburne’s sources. This bibliographic information was then analyzed to provide
different “views” of Swinburne’s paratexts. The analysis provides us with feedback about:</p>

<list type="unordered">
<item>frequency of paratextual types (i.e., titles, epigraphs, notes, etc.)</item>
<item>frequency of cited authors/artists</item>
<item>genres of cited works</item>
<item>literary/historical periods of cited works</item>
<item>languages of cited works</item>
<item>trends in paratextual practice across Swinburne’s career</item>
</list>

<p>The text/document sits at the intersection of the humanities and information studies, and a consideration
of the paratext brings together theoretical concerns about the material document and intertextuality
from literary studies with theories about citation and methodologies of citation analysis from information
studies.</p>

<p>In an effort to broaden the study and provide comparison data, we have also gathered information about
paratexts in the poetry of Swinburne’s contemporaries, Rossetti and Tennyson. Our paper will provide a
comprehensive examination of a large, defined subset of the paratexts found in the work of a three
important Victorian poets. Our analysis will provide different views of these poets as seen through their
paratexts and the diverse collection of authors, artists, and works referenced by those paratexts. We will
present the findings from a thorough analysis of paratextual reference in Swinburne, Rossetti, and
Tennyson, and based on those findings, we will make some preliminary observations about Swinburnian
Victorian paratextual poetics.</p>


                
</div>

</body>

<back>
<div type="References">
<listBibl>

<bibl><hi rend="bold">Briet, S.</hi> (2006). <hi rend="italic">What is Documentation?</hi>. Trans. Ronald E. Day and Laurent Martinet. Lanham, MD:
Scarecrow Press.</bibl>

<bibl><hi rend="bold">Genette, G.</hi> (1997). <hi rend="italic">Paratexts: Thresholds of Interpretation</hi>. Trans. Jane E. Lewin. Cambridge: Cambridge University Press.</bibl>

<bibl><hi rend="bold">Macksey, R.</hi> (1997). Foreword. <hi rend="italic">Paratexts: Thresholds of Interpretation</hi>. By G&#233;rard Genette. Trans. Jane
E. Lewin. Cambridge: Cambridge University Press. xi-xxii.</bibl>

<bibl><hi rend="bold">Nicolson, H.</hi> (1926). <hi rend="italic">Swinburne</hi>. New York: Macmillan.</bibl>

<bibl><hi rend="bold">Swinburne, A. C.</hi> (1904). <hi rend="italic">The Poems of Algernon Charles Swinburne</hi>. 6 vols. London: Chatto &amp;
Windus.</bibl>

<bibl><hi rend="bold">Walsh, J. A., (ed.)</hi> (2011). <hi rend="italic">The Algernon Charles Swinburne Project</hi>. Indiana University. 1 Nov. 2011.
<ref type="url" target="http://www.swinburneproject.org/">http://www.swinburneproject.org/</ref>.</bibl>

</listBibl>
</div>
</back>
</text>
</TEI>

