<?xml version="1.0" encoding="utf-8"?>
<?oxygen RNGSchema="http://jetson.unl.edu/cdrh/schemas/tei_all.rng" type="xml"?>
<TEI xmlns="http://www.tei-c.org/ns/1.0" xml:id="ab-370">

<teiHeader>
<fileDesc>
<titleStmt>
<title>Collaborative technologies for <hi rend="italic">Knowledge Socialization</hi>: the case of <hi rend="italic">elBulli</hi></title>
<author>
<name><surname>Jim&#233;nez-Mavillard</surname>, <forename>Antonio</forename></name>
<affiliation>The CulturePlex Laboratory - Western University Canada</affiliation>
<email>ajimene6@uwo.ca</email>
</author>
<author>
<name><surname>Su&#225;rez</surname>, <forename>Juan Luis</forename></name>
<affiliation>The CulturePlex Laboratory - Western University Canada</affiliation>
<email>jsuarez@uwo.ca </email>
</author>
</titleStmt>
<publicationStmt>
<authority></authority>
<publisher>University of Nebraska-Lincoln</publisher>
<distributor>
<name>Center for Digital Research in the Humanities</name>
<address>
<addrLine>319 Love Library</addrLine>
<addrLine>University of Nebraska&#8211;Lincoln</addrLine>
<addrLine>Lincoln, NE 68588-4100</addrLine>
<addrLine>cdrh@unl.edu</addrLine>
</address>
</distributor>
<pubPlace>Lincoln, Nebraska</pubPlace> 
<address>
<addrLine>University of Nebraska-Lincoln</addrLine>
<addrLine>Lincoln, NE 68588-4100</addrLine>
</address>
<availability>
<p></p>
</availability>
</publicationStmt>

<notesStmt><note type="abstract">Today, organizations face the challenge of managing knowledge in order to succeed. As part of the _Knowledge Management_ process, _Knowledge Socialization_ is a critical step during which the community experiences a decisive interchange of ideas. In this work, we present *a new model for _Knowledge Management_* based on the classic Nonaka and Takeuchi&#039;s one but adapted to the Web 2.0 by using wiki technologies to support _Knowledge Socialization_, and we propose *to apply this model to the case of _elBulli_*.

_elBulli_, voted by _Restaurant_ magazine as the best restaurant in the world for five years, has now become a foundation for creativity and innovation in high cuisine. It incorporates disciplines such as technology, science, and the arts in its research, and it publishes its results in conferences, books or journal articles. Therefore, elBulli is an appropriate case to apply a _Knowledge Management_ model that makes maximum use of its knowledge.</note></notesStmt>

<sourceDesc>
<p>No source: created in electronic format.</p>
<p>
<date when="20130718"></date>
<time when="13:30:00"></time>
</p>
<p n="session">LP18</p>
</sourceDesc>
</fileDesc>

<profileDesc>
<textClass>
<keywords scheme="original" n="category">
<term>Paper</term>
</keywords>
<keywords scheme="original" n="subcategory">
<term>Long Paper</term>
</keywords>
<keywords scheme="original" n="keywords">
<term>knowledge management</term>
<term>collaborative technologies</term>
<term>crowdsourcing</term>
<term>collective inteligence</term>
<term>wiki</term>
<term><hi rend="italic">elBulli</hi></term>
</keywords>
<keywords scheme="original" n="topic">
<term>interdisciplinary collaboration</term>
<term>social media</term>
<term>crowdsourcing</term>
</keywords>
</textClass>
</profileDesc>

<revisionDesc>
<change>
<date when="2013-04-26"></date>
<name>Laura Weakly</name>
<desc>Initial encoding</desc>
</change>
</revisionDesc>
</teiHeader>

<text type="paper">
<body>
<div>

<div>
<head>Introduction</head>

<p>Today, organizations face the crucial challenge of creating and managing knowledge in order to
succeed. As part of the <hi rend="italic">Knowledge Management</hi> process, <hi rend="italic">Knowledge Socialization</hi> is a critical step
during which the community experiences a decisive interchange of ideas. In this work, we present <hi rend="bold">a
new model for <hi rend="italic">Knowledge Management</hi></hi> based on the classic Nonaka and Takeuchi's one but
adapted to the Web 2.0 by using wiki technologies to support <hi rend="italic">Knowledge Socialization</hi>, and we
propose <hi rend="bold">to apply this model to the case of <hi rend="italic">elBulli</hi></hi>.</p>

<p><hi rend="italic">elBulli</hi>, voted by industry authority <hi rend="italic">Restaurant</hi> magazine as the best restaurant in the world in 2002
and from 2006 to 2009 (William, 2012), has now become a foundation for creativity and innovation
in high cuisine. It incorporates disciplines such as technology, science, philosophy, and the arts in
its research. Aware of the value of knowledge, the organization publishes its results in international
conferences, books or journal articles, in a similar way to the academic process of peer review.
Therefore, <hi rend="italic">elBulli</hi> is an appropriate case to apply a <hi rend="italic">Knowledge Management</hi> model that makes
maximum use of its knowledge.</p>
</div>

<div>
<head>Knowledge as an asset</head>

<p>In recent years, the technological development and globalization have produced significant
structural changes in society and the economy. New emergent industries embody a new economic
reality: knowledge has become the main economic resource (Drucker, 1969). Indeed, nowadays,
knowledge is the asset that generates more value in an organization, and the competitiveness of
companies depends heavily on how they maintain and access their knowledge (Fensel, 2004;
Davies, 2003).</p>

<p>Ikujiro Nonaka and Hirotaka Takeuchi propose a model whereby the creation of knowledge is a
continuous and iterative process that transforms <hi rend="italic">tacit</hi> knowledge (individual and subjective) into
<hi rend="italic">explicit</hi> (objective and shared) and vice versa (Nonaka, 1995). This process goes through four
phases:</p>

<list type="unordered">
<item><hi rend="bold">Socialization</hi> is the action of sharing tacit knowledge with other individuals by means of
observation, imitation and practice during collective work (for example, celebrating a
meeting).</item>
<item><hi rend="bold">Externalization</hi> is the action of making tacit knowledge explicit (for example, writing an
article) in order to share it.</item>
<item><hi rend="bold">Combination</hi> is the process of synthesizing more complex explicit knowledge from various
sources of simpler explicit knowledge (for example, building a prototype).</item>
<item><hi rend="bold">Internalization</hi> is the assimilation of explicit knowledge. It occurs when we understand
explicit knowledge through experience (for example, nobody can tell you how to ride a bike,
you need to practise to learn).</item></list>
</div>

<div>
<head>Knowledge at <hi rend="italic">elBulli</hi></head>
<p><hi rend="italic">elBulli</hi> is especially fascinating because of the processes from <hi rend="italic">elBulli Restaurant</hi> to <hi rend="italic">elBulli Foundation</hi> and the way the organization has redefined itself in the last few years: evolution and
reinvention, diffusion of their practices, concepts and techniques across time and social space, etc.
(William, 2012)</p>

<figure><graphic url="ab-370.001"/>
<head>Illustration 1:</head> <p>Nonaka &amp; Takeuchi’s cycle (Aranda-Corral et al., 2010)</p>
</figure>

<p>By applying Nonaka and Takeuchi’s principles, we can demonstrate that <hi rend="bold">this organization creates
valuable knowledge:</hi></p>

<list type="unordered">
<item> <hi rend="bold">Socialization.</hi> Creativity and innovation implies constant learning so that its employees
attend specialized courses, gastronomic fairs, research stays, conferences, etc.</item>
<item> <hi rend="bold">Externalization.</hi> Unlike the traditional model, in which a chef would closely guard his
secrets, <hi rend="italic">elBulli</hi> documents exhaustively all its achievements and developments since 1990
(catalogues, audiovisual resources, recipes…) and it publishes its research in conferences,
books or journal articles.</item>
<item> <hi rend="bold">Combination.</hi> The process of creation can be seen as an engineering process (Soler, 2007):
<list type="ordered">
<item>1. Initial idea</item>
<item>2. Use of one of the creative methods known</item>
<item>3. Tests</item>
<item>4. Analysis and reflection (wisdom and previous knowledge)</item>
<item>5. Finish and last tests</item>
<item>6. Prototype</item>
<item>7. Customer’s feedback</item>
<item>8. Last changes</item>
<item>9. Finished and catalogued dish</item>
</list>
The combination of existing creative methods, techniques, previous knowledge and known
recipes results in new creative methods and new dishes.</item>
<item> <hi rend="bold">Internalization.</hi> Cooking is a suitable example of knowledge internalization: only by
practising these new methods and recipes, chefs can learn how to prepare new dishes.</item></list>


<p>Adri&#224; suggests externalizing all their knowledge onto the <hi rend="italic">Bullipedia</hi>, an online database that <hi rend="italic">“will
contain every piece of gastronomic knowledge ever gathered”</hi>. Adri&#224; and some of the best chefs all
over the world are putting in common their wisdom to agree on the content of the <hi rend="italic">Bullipedia</hi>. Their
aim is to create an encyclopedia with 15,000 articles “<hi rend="italic">where users will leave suggestions for dishes,
concepts and combinations of flavours”</hi> that will affect, in Adri&#224;’s opinion, other chefs’ creativity.</p>

<p>This agreement can only be achieved through a sound process of socialization. According to
Nonaka &amp; Takeuchi’s cycle, socialization entails a transformation from individual tacit knowledge
into collective tacit knowledge. This conversion is extremely hard to carry out due to tacit
knowledge being highly personal, deeply attached to individual actions in a specific context (a
profession, a technology…) and composed of individual’s technical skills that can only be acquired
by learning and improved by experience . Hence, it is difficult to formalize and share.
</p>
</div>

<div>
<head>Proposal</head>
<p>Our contribution is <hi rend="bold">a new model for <hi rend="italic">Knowledge Management</hi></hi> in which we replace the
disadvantaged classic <hi rend="italic">Knowledge Socialization</hi> phase, based on few experts and unidirectional
master-apprentice relationships, with a new process characterized by:

<list type="unordered"><item> Multidirectional socialization given in social networks, where users adopt multiple roles
(they are now content <hi rend="italic">prosumers</hi>, that is, the production and consumption of knowledge is
entrusted to the users (Aranda-Corral et al., 2010)).</item>
<item> Interchange of ideas through wiki technologies.</item></list>

This model fits in better with the current technological and social reality.</p>

<p>Thus, we showcase the advantages that our model would provide in a case such as that of Adri&#224; and
his colleagues when building the <hi rend="italic">Bullipedia</hi> from scratch, so that they really benefit from the
interaction with a large community of prosumers and use wiki technologies to exchange ideas and
develop a more nuanced metalanguage that really supports this initative and make it sustainable in
the long term. This approach could also be exploited in other cases of collaboration such as
collective software construction, project documentation or interactive learning.</p>

<figure>
<graphic url="ab-370.002"/>
<head>Illustration 2:</head> <p>Social network based on prosumers</p>
</figure>

<p><hi rend="bold">Theoretical framework: the power of crowds, social networks and collaborative technologies</hi>
Socializing knowledge is critical to both its evolution and its usefulness (Inmon, 2008). <hi rend="italic">Knowledge
Management</hi> cycle might provide better outcomes, in terms of quality and value of knowledge, by
improving the socialization process. In the case of <hi rend="italic">elBulli</hi>, Adri&#224; and his colleagues are agreeing on
the content of the upcoming <hi rend="italic">Bullipedia</hi>. However, they discovered that the hardest part was to find a
common language, that is, the worlds of science and gastronomy may share similar processes and
methodologies, but they rarely intersect.</p>

<p>It is at this point in which we believe things can be enhanced: turning to a big community instead of
a few experts. We borrow some James Surowiecki’s concepts on crowdsourcing (Adams, 2011;
Schall, 2012; Sautter, 2011; Doan, 2011; Brabham, 2008). Surowiecki asserts that a large group of
people is smarter than an elite few, no matter how brilliant (Surowiecki, 2004). Four conditions
must be met for a crowd’s collective intelligence to produce more accurate outcomes than a small
group of experts (Tapscott, 2006):

<list type="ordered">
<item>1) Diversity of opinion</item>
<item>2) Independence of members from one another</item>
<item>3) Decentralization</item>
<item>4) A good method for aggregating opinions</item>
</list>
</p>

<p>We can demonstrate Surowiecki’s ideas are applicable to our model. First of all, the case of <hi rend="italic">elBulli</hi>
is both especially interdisciplinary and heterogeneous enough. Adri&#224; uses <hi rend="italic">“cuisine as a discourse in
order to create a dialogue with other disciplines”</hi>. The foundation is a mash-up of science, the arts,
philosophy and technology as a <hi rend="italic">creativity-generating</hi> universe that produces knowledge (William,
2012). It is this crossroad among various disciplines what creates such heterogeneity and diversity
of knowledge and opinions about the same topic (1).</p>

<p>Secondly, advance in technology have provided novel ways to socialize knowledge. Social
networks have created a new reality of social interaction (Easly, 2010; Mika, 2007) that has enabled
more effective ways of agreement (Mazzega, 2011). Users organized around a wiki constitute a
non-hierarchical and decentralized social network whose members are independent but collaborate
(Leuf, 2001) (2 y 3). According to <hi rend="italic">Complex Systems</hi> theory, members in social networks selforganize
and agreement emerges from the bottom-up as a result of their interactions (Wood, 2010;
Jones-Rooy, 2010).</p>

<p>Finally, a wiki fosters the idea of <hi rend="italic">prosumers</hi> collaborating on the Web as it blurs the line between
the reader and the writer (Caverly, 2008). Many online communities have adopted this approach to
create collective knowledge (John, 2004; Kr&#246;tzsch, 2006; Ebersbach, 2006). <hi rend="italic">Wikipedia</hi>, the great
online encyclopedia, supports this proposition. Therefore, Wikis are a good method for aggregating
knowldge and opinions (4).</p>
</div>

<div>
<head>Conclusions</head>
<p>We have shown that <hi rend="italic">elBulli</hi> creates valuable knowledge by applying Nonaka and Takeuchi’s
principles. The organization is now creating the Bullipedia, an online database that <hi rend="italic">“will contain
every piece of gastronomic knowledge ever gathered”</hi>. Nonaka &amp; Takeuchi's cycle can be adapted
to manage that knowledge in social networks based on prosumers. In our model, we propose:</p>
<list type="unordered">
<item>Turning to the crowd instead of letting the Bullipedia be constructed by a small group of
experts.</item>
<item>Use of wiki technologies, as they have demonstrated their effectiveness for collaboration.</item></list>

</div>

                
</div>

</body>

<back>
<div type="References">
<listBibl>

<bibl><hi rend="bold">Adams, P. </hi> (2011). <hi rend="italic">Grouped: How Small Groups of Friends Are the Key to Influence on the Social
Web</hi>. Berkeley, CA, USA: New Riders.</bibl>

<bibl><hi rend="bold">Aranda-Corral, G., J. Borrego-Díaz, and A. Jiménez-Mavillard</hi> (2010). Social Ontology
Documentation for Knowledge Externalization. <hi rend="italic">Metadata and Semantic Research: Proceedings of
the 4th International Conference, MTSR 2010</hi>. Sánchez-Alonso, S. and Athanasiadis, I. N. (eds).
Berlin, Heidelberg, Germany: Springer-Verlag. CCIS 108, 137–148.</bibl>

<bibl><hi rend="bold">Brabham, D. C.</hi> (2008). Crowdsourcing as a Model for Problem Solving An Introduction and
Cases. <hi rend="italic">Convergence: The International Journal of Research into New Media Technologies</hi> 14.1,
75–90.</bibl>

<bibl><hi rend="bold">Caverly, D. C., and A. Ward</hi> (2008). Techtalk: Wikis and Collaborative Knowledge Construction.
<hi rend="italic">Journal of Developmental Education</hi> 32.2, 36-37.</bibl>

<bibl><hi rend="bold">Davies, J., D. Fensel, and F. Harmelen</hi> (eds.) (2003). <hi rend="italic">Towards the Semantic Web: Ontology-
Driven Knowledge Management</hi>. John Wiley &amp; Sons.</bibl>

<bibl><hi rend="bold">Doan, A., R. Ramakrishnan, and A. Y. Halevy</hi> (2011). <hi rend="italic">Crowdsourcing systems on the World-Wide Web</hi>. ACM 54.4, 86-96.</bibl>

<bibl><hi rend="bold">Drucker, P.</hi> (1969). <hi rend="italic">The Age of Discontinuity: Guidelines to our Changing Society</hi>. New York:
Harper &amp; Row.</bibl>

<bibl><hi rend="bold">Easly, D., and J. Kleinberg.</hi> (2010). <hi rend="italic">Networks, Crowds, and Markets</hi>. Cambridge: Cambridge
University Press.</bibl>

<bibl><hi rend="bold">Ebersbach, A., et al.</hi> (2006). <hi rend="italic">Wiki: Web Collaboration</hi>. Berlin, Heidelberg, Germany: Springer
Science+Business Media.</bibl>

<bibl><hi rend="bold">Fensel, D.</hi> (2004). <hi rend="italic">Ontologies: Silver Bullet for Knowledge Management and Electronic Commerce</hi>.
2nd ed. Heidelberg: Springer.</bibl>

<bibl><hi rend="bold">Inmon, W.,  B. O’Neil, and L. Fryman</hi> (2008) <hi rend="italic">Business Metadata: Capturing Enterprise
Knowledge</hi>. Morgan Kaufmann.</bibl>

<bibl><hi rend="bold">John, M. and R. Melster.</hi> (2004). Knowledge Networks – Managing Collaborative Knowledge
Spaces. <hi rend="italic">Proceedings of the LSO 2004</hi>. Melnik, G. and Holz, H. (eds). Berlin, Heidelberg, Germany:
Springer-Verlag. LNCS 3096, 165–171.</bibl>

<bibl><hi rend="bold">Jones-Rooy, A. and S.E. Page.</hi> (2010). The Complexities of Global Systems History. <hi rend="italic">Journal of
The Historical Society</hi> 10, 345–365.</bibl>

<bibl><hi rend="bold">Kr&#246;tzsch, M., D. Vrandecic, and M. Völkel. </hi>(2006). Semantic MediaWiki. <hi rend="italic">Proceedings of the 5th
ISWC 2006</hi>. Berlin, Heidelberg, Germany: Springer-Verlag. LNCS 4273, 935–942.</bibl>

<bibl><hi rend="bold">Leuf, B., and W. Cunningham. </hi>(2001). <hi rend="italic">The Wiki Way: Quick Collaboration on the Web</hi>. Boston,
USA: Addison-Wesley.</bibl>

<bibl><hi rend="bold">Mazzega, P., et al.</hi> (2011). A Complex-System Approach: Legal Knowledge, Ontology, Information
and Networks. <hi rend="italic">Approaches to Legal Ontologies</hi>. Sartor, G., et al. (eds), Springer Science+Business
Media: Law, Governance and Technology Series 1, 117-132.</bibl>

<bibl><hi rend="bold">Mika, P.</hi> (2007). <hi rend="italic">Social Networks and the Semantic Web</hi>. Barcelona, Spain: Springer.</bibl>

<bibl><hi rend="bold">Nonaka, I., and T. Takeuchi</hi> (1995). <hi rend="italic">The Knowledge-Creating Company: How Japanese
Companies Create the Dynamics of Innovation</hi>. Oxford University Press.</bibl>

<bibl><hi rend="bold">Sautter, G., and K. B&#246;hm.</hi> (2011). High-Throughput Crowdsourcing Mechanisms for Complex
Tasks. <hi rend="italic">Social Informatics</hi>. Datta, Anwitaman, et al. (eds). Springer: LNCS 6984, 240-254</bibl>

<bibl><hi rend="bold">Schall, D., and F. Skopik</hi> (2012). Social network mining of requester communities in
crowdsourcing markets. <hi rend="italic">Social Network Analysis and Mining</hi> 2.4, 329-344.</bibl>

<bibl><hi rend="bold">Soler, J., F. Adri&#224;, and F. Adri&#224;</hi> (2007). <hi rend="italic">Un día en <hi rend="italic">elBulli</hi></hi>. <hi rend="italic">elBulli</hi> Books.</bibl>

<bibl><hi rend="bold">Surowiecki, J.</hi> (2004). <hi rend="italic">The Wisdom of Crowds</hi>. New York: Random House.</bibl>

<bibl><hi rend="bold">Tapscott, D., and A. Williams</hi> (2006). <hi rend="italic">Wikinomics: How Mass Collaboration Changes Everything</hi>.
New York: Penguin Group.</bibl>

<bibl><hi rend="bold">William, G.</hi> (2012). Staying creative. <hi rend="italic">Wired UK Edition</hi>, 102-111.</bibl>

<bibl><hi rend="bold">Wood, A. T.</hi> (2010). Fire, Water, Earth, and Sky: Global Systems History and the Human Prospect.
<hi rend="italic">Journal of The Historical Society</hi> 10, 287–318.</bibl>

</listBibl>
</div>
</back>
</text>
</TEI>

