<?xml version="1.0" encoding="utf-8"?>
<?oxygen RNGSchema="http://jetson.unl.edu/cdrh/schemas/tei_all.rng" type="xml"?>
<TEI xmlns="http://www.tei-c.org/ns/1.0" xml:id="ab-300">

<teiHeader>
<fileDesc>
<titleStmt>
<title>Building the Social Scholarly Edition: Results and Findings from <hi rend="italic">A Social Edition of the Devonshire Manuscript</hi></title>
<author>
<name><surname>Powell</surname>, <forename>Daniel James</forename></name>
<affiliation>Electronic Textual Cultures Lab, University of Victoria, Canada</affiliation>
<email>djpowell@uvic.ca</email>
</author>
<author>
<name><surname>Crompton</surname>, <forename>Constance</forename></name>
<affiliation>Electronic Textual Cultures Lab, University of British Columbia-Okanagan, Canada</affiliation>
<email>ccrompto@uvic.ca </email>
</author>
<author>
<name><surname>Siemens</surname>, <forename>Ray</forename></name>
<affiliation>Electronic Textual Cultures Lab, University of Victoria, Canada</affiliation>
<email>siemens@uvic.ca</email>
</author>
</titleStmt>
<publicationStmt>
<authority></authority>
<publisher>University of Nebraska-Lincoln</publisher>
<distributor>
<name>Center for Digital Research in the Humanities</name>
<address>
<addrLine>319 Love Library</addrLine>
<addrLine>University of Nebraska&#8211;Lincoln</addrLine>
<addrLine>Lincoln, NE 68588-4100</addrLine>
<addrLine>cdrh@unl.edu</addrLine>
</address>
</distributor>
<pubPlace>Lincoln, Nebraska</pubPlace> 
<address>
<addrLine>University of Nebraska-Lincoln</addrLine>
<addrLine>Lincoln, NE 68588-4100</addrLine>
</address>
<availability>
<p></p>
</availability>
</publicationStmt>

<notesStmt><note type="abstract">In our proposed long paper, we hope to recount the incipient formation of a new type of editing community, one that we argue is defined by iterative publication of material, multiple communities of interest contributing to a single project, the use of technology to facilitate these contributions, and the growing importance of self-directed learning to scholarly editing. We have run years-long experiment to see how one might build an edition which is scholarly in a traditional sense, but which extends the editorial conversation into multiple pre-existing social media platforms including blogs, wiki discussion pages, dedicated Renaissance and early modern online community spaces, Skype-enabled interviews with our advisory group, and Twitter. The past two years of work suggests that some blend of intensive oversight and engagement with defined communities, along with a receptivity to spontaneously formed communities of affinity is necessary to effectively implement social scholarly production.</note></notesStmt>

<sourceDesc>
<p>No source: created in electronic format.</p>
<p>
<date when="20130717"></date>
<time when="13:30:00"></time>
</p>
<p n="session">LP07</p>
</sourceDesc>
</fileDesc>

<profileDesc>
<textClass>
<keywords scheme="original" n="category">
<term>Paper</term>
</keywords>
<keywords scheme="original" n="subcategory">
<term>Long Paper</term>
</keywords>
<keywords scheme="original" n="keywords">
<term>Wikimedia</term>
<term>social editing</term>
<term>Devonshire Manuscript</term>
<term>iterative publication</term>
</keywords>
<keywords scheme="original" n="topic">
<term>digital humanities - nature and significance</term>
<term>publishing and delivery systems</term>
<term>scholarly editing</term>
<term>internet / world wide web</term>
<term>english studies</term>
<term>renaissance studies</term>
<term>social media</term>
<term>crowdsourcing</term>
</keywords>
</textClass>
</profileDesc>

<revisionDesc>
<change>
<date when="2013-04-17"></date>
<name>Laura Weakly</name>
<desc>Initial encoding</desc>
</change>
</revisionDesc>
</teiHeader>

<text type="paper">
<body>
<div>

<div>
<head>1. Introduction and Background</head>

<div>
<head>a. History and Context</head>
<p>Social media technologies can extend and enhance scholarly conversation while challenging traditional notions of textual authority and peer review. Twitter facilitates resource and idea sharing with a speed and ease formerly only possible at conferences; Facebook allows the formation of communities of interest founded not on geography but affinity; blogs disseminate research for widespread discussion; and, most significantly, Wikipedia has become the most popular and largest single reference resource in history, with more than 14 million articles in over 250 languages produced by 1 million monthly contributors (Wikimedia Report Card, 2012). This long paper reflects on the construction of a <hi rend="italic">social scholarly edition</hi> of the Devonshire Manuscript that attempted to harness emerging social media environments to produce a new type of scholarly edition, one that allows multiple stakeholders to access, contribute, and discuss its construction.<ref type="note" target="n01">1</ref></p> 

<p>In this paper we recount the incipient formation of a new type of editing community, one that we argue is defined by iterative publication of material, multiple communities of interest contributing to a single project, the use of technology to facilitate these contributions, and the growing importance of self-directed learning to scholarly editing. Our successes and, just as importantly, our moments of failure, offer insight into best practices for a type of “facilitative scholarship” that will likely become increasingly common as comfort with social media technologies grows within the academy.  As outlined in a DH2012 poster session (Crompton and Siemens, 2012), we designed the public editing process for the social edition from the start to encourage communication across editorial communities while preserving the peer review process. These communities included the Electronic Textual Cultures Lab team, the project advisory board, the online Iter Community (<ref type="url" target="http://www.itergateway.org/">http://www.itergateway.org/</ref>), early modern critics and scholars operating in the blogosphere, Wikibook and Wikipedia users, Tudor enthusiasts, and the general public.<ref type="note" target="n02"></ref>2</p> </div>

<div>
<head>b. Materials of the Project</head>
<p>The Devonshire Manuscript (British Library Additional MS 17,492) contains approximately 200 items (Southall, 1964: 143, Remley, 1994: 47), including poems, verse fragments, excerpts from longer works, anagrams, jottings, and doodles by a coterie of men and women centered on the court of Queen Anne Boleyn. Inscribed in over a dozen hands, the manuscript has long been valued as a source of Sir Thomas Wyatt’s poetry. In addition to 129 of his poems, the volume contains other transcribed lyrics and original work by numerous court figures, including Mary Shelton, Lady Margaret Douglas, Mary (Howard) Fitzroy, and Lord Thomas Howard (Southall, 1964: 143).  These multiple contributors often comment and evaluate each other’s work through marginal notation and in-line interjection. In addition to a consideration of the volume as “a medium of social intercourse” (Love and Marotti, 2002: 63), the multi-layered and multi-authored composition of the Devonshire Manuscript make it an ideal text for experimentation in social editing.</p>

<p>The <hi rend="italic">Social Edition of The Devonshire Manuscript</hi> project manifests Ray Siemens’ earlier argument that social media environments might enable new editing practices (Siemens et al., 2012a).  In building an edition of an early modern text on the principles of open access and editorial transparency in both production and dissemination, we have integrated scholarly content into environments maintained by the social-editorial communities that have sprung up on the web; most notably, these include the Wikimedia suite of projects (Wikipedia, Wikibooks, Wikisource). We have run an experiment to see how one might build an edition which is scholarly in a traditional sense, but which extends the editorial conversation into multiple pre-existing social media platforms including blogs, wiki discussion pages, dedicated Renaissance and early modern online community spaces, Skype-enabled interviews with our advisory group, and Twitter. </p>
</div>

</div>


<div>
<head>2. The Complexity of the New Scholarly Editing Community</head>
<div>
<head>a. Iterative Publication</head>
<p>Perhaps more than any other editorial choice, the iterative publication of the social edition of the Devonshire Manuscript departed most clearly from traditional scholarly editing practices. We have, in effect published (or are in the perpetual process of publishing) two versions of the edition in two mediums: a fixed PDF version, distributed to the project’s advisory board, and a version housed on the publicly-editable Wikibooks. We are currently working with multiple publishing partners to produce a second online edition, an e-reader edition, and a print edition to meet the needs of a broad and varied readership. These versions were planned to productively inform and influence each other’s development, with cross-pollination of editorial input across platforms. Although they did so, each medium also engendered difficulties in communication, coordination, and expectations to be overcome or accommodated&#8212;with varying results.</p> </div>

<div>
<head>b. Communities of Interest and Technologies of Communication</head>
<p>As outlined above, a central aim of the project was to facilitate knowledge transfer and creation between multiple editorial communities, all of whom were invested differently in the project. These ranged from individual academics giving feedback as advisors to interested members of the public in contact with project staff via Twitter. These groups adopted, considered, and, at times, rejected different types of communication technologies in fascinating ways. Wikibook discussion pages were considered by established academics to be spaces meant for peer review; wiki editors explained that they were in fact where confrontations over edits usually occurred. Wiki editors were very helpful with questions of coding and technical production of content, while other communities felt deeply uncomfortable editing posted content. Sustained discussions in the Iter Community space proved difficult, while members of the public interested in Tudor culture followed our work avidly and often interacted with us on Twitter. Bloggers focused on the early modern period helped to generate discussion and disseminate reports as our edition building progress, but chose to limit their direct involvement with producing the edition. In often surprising ways, the technologies of communication each group used came to define, in some cases, the communities of interest and their respective investments. Considered as a whole, our project suggests that social media technologies can be harnessed for productive interaction and discussion by those scholars invested in a content area or project, but that they require comprehensive oversight by dedicated staff to develop and maintain participation in knowledge construction and dissemination. </p>
</div>

<div>
<head>c. Self-Directed Learning</head>
<p>Wikimedia content is openly editable by any individual. Project staff quickly reconsidered this theoretically nonexistent barrier to entry, though, when coding of the edition began in Wikibooks. Resembling a cross between HTML, XML, and CSS, Wikitext language is idiosyncratic and required a great deal of time and experimentation on the part of project staff to use effectively. Given the central importance of lab staff to the production of this edition, we have realized that this ad-hoc program of self-directed study produced a new community: young scholars, mostly masters level and younger doctoral students, who have shown interest in digital scholarly production. In other words, those usually construed as “assisting” in large projects here took on increasingly centralized roles in coordinating community input, coding the social edition in Wikibooks, discussing the project with various communities, and writing and disseminating critical research on the project as a whole. </p>
</div>
</div>


<div>
<head>3. Conclusion</head>

<div>
<head>a. The Open Source Edition?</head>
<p>The basic structures of the social edition are completely open for manipulation and repurposing. The formation, maintenance, and oversight of multiple communities, however, is central the success of any such open edition.  Community investment provides a foundation for a technologically facilitated, process-driven approach. As our full paper will discuss in more detail, developing such communities is often difficult, with success depending on intensive and regular engagement and oversight. It is difficult for disparate communities, even when facilitated by social media technologies, to effectively come together for intellectual production. As even the well-regarded <hi rend="italic">Transcribe Bentham</hi> project has widely discussed, crowdsourcing textual transcription&#8212;much less scholarly editing and production&#8212;is fraught with difficulties we are only beginning to navigate (Cause et al., 2012a; Causer et al., 2012b). In this reconfigured landscape of scholarly production, where we are likely “witnessing the nascent stages of a new ‘social’ edition existing at the intersection of social media and digital editing” (Siemens et al., 2012a: 446), however, we are not without models: the open source community, especially those groups devoted to general tool building and knowledge construction (OpenOffice, Wikimedia, Linux, Mozilla) is a powerful articulation of possible ways the technologically facilitated social production of intellectual content may fruitfully develop&#8212;given a robust and vibrant community of interest.</p>
</div>
<div>
<head>b. Ways Forward</head>
<p>The past two years of work suggests that some blend of intensive oversight and engagement with defined communities, along with a receptivity to spontaneously formed communities of affinity&#8212;as supported by both the <hi rend="italic">Transcribe Bentham</hi> project (Causer, 2012b) and our own observations&#8212;is necessary to effectively implement social scholarly production. Only by becoming effective promoters, facilitators, and instigators can digital humanists provide an effective locus around which multiple communities can cohere. Although we encountered certain difficulties in facilitating knowledge exchange among various communities, on the whole we learned how to effectively facilitate community interaction across and between mediums and communities to produce scholarly knowledge in new ways. </p>
</div>

</div>
                
</div>

</body>

<back>
<div type="References">
<listBibl>

<bibl><hi rend="bold">Causer, T., J. Tonra, and V. Wallace</hi> (2012a). Transcription maximized; expense minimized? Crowdsourcing and editing <hi rend="italic">The Collected Works of Jeremy Bentham</hi>. <hi rend="italic">Literary and Linguistic Computing</hi> 27(2). 119-137. </bibl>

<bibl><hi rend="bold">Causer, T., and V. Wallace</hi> (2012b). Building a Volunteer Community: Results and Findings from Transcribe Bentham. <hi rend="italic">Digital Humanities Quarterly</hi>. 6(1). <ref type="url" target="http://www.digitalhumanities.org/dhq/vol/6/2/000125/000125.html">http://www.digitalhumanities.org/dhq/vol/6/2/000125/000125.html</ref>. </bibl>

<bibl><hi rend="bold">Crompton, C., R. Siemens, and the ETCL and INKE Research Groups.</hi> (2013) 'Vertues Noble &amp; Excelent’? Digital Collaboration and the Social Edition.  <hi rend="italic">Digital Humanities Quarterly</hi>. In consideration. [internally circulated for comment and revision]</bibl>

<bibl><hi rend="bold">Crompton, C., and R. Siemens</hi> (2012). The Social Edition: Scholarly Editing Across Communities. In <hi rend="italic">DH2012</hi>. 16-22 July 2012. Abstract available at  <ref type="url" target="http://www.dh2012.uni-hamburg.de/conference/programme/abstracts/the-social-edition-scholarly-editing-across-communities/">http://www.dh2012.uni-hamburg.de/conference/programme/abstracts/the-social-edition-scholarly-editing-across-communities/</ref>. </bibl>

<bibl><hi rend="bold">Love, H., and A. F. Marotti</hi> (2002). Manuscript Transmission and Circulation. In Loewenstein, D., and J. Mueller. (eds).<hi rend="italic">The Cambridge History of Early Modern English Literature</hi>.   Cambridge: Cambridge University Press. 55-80.</bibl>

<bibl><hi rend="bold">Remley, P. G.</hi> (1994). Mary Shelton and Her Tudor Literary Milieu. <hi rend="italic">Rethinking the Henrician Era: Essays on Early Tudor Texts and Contexts</hi>. In Herman, P. C. (ed). Urbana: University of Illinois Press. 40-77. </bibl>

<bibl><hi rend="bold">Siemens, R., C. Warwick, R. Cunningham, T. Dobson, A. Galey, S. Ruecker, S. Schreibman, and the INKE Team</hi> (2009). Codex Ultor: Toward a Conceptual and Theoretical Foundation for New Research on Books and Knowledge Environments. <hi rend="italic">Digital Studies/Le champ num&#233;rique</hi> 1(2).  <ref type="url" target="http://www.digitalstudies.org/ojs/index.php/digital_studies/article/view/177/220">http://www.digitalstudies.org/ojs/index.php/digital_studies/article/view/177/220</ref>. </bibl>

<bibl><hi rend="bold">Siemens, R., M. Timney, C. Leitch, C. Koolen, A. Garnett, with the ETCL, INKE, and PKP Research Groups</hi> (2012a). Toward modeling the <hi rend="italic">social</hi> edition: An approach to understanding the electronic scholarly edition in the context of new and emerging social media. <hi rend="italic">Literary and Linguistic Computing.</hi> 27(4). 445-461. </bibl>

<bibl><hi rend="bold">Siemens, R., M. Timney, C. Leitch, C. Koolen, and A. Garnett</hi> (2012b). Understanding the Electronic Scholarly Edition in the Context of New and Emerging Social Media: Selected, Annotated Bibliographies. <hi rend="italic">Digital Humanities Quarterly</hi>, 6(11). <ref type="url" target="http://www.digitalhumanities.org/dhq/vol/6/1/000111/000111.html">http://www.digitalhumanities.org/dhq/vol/6/1/000111/000111.html</ref>. </bibl>

<bibl><hi rend="bold">Southall, R.</hi> (1964). The Devonshire Manuscript Collection of Early Tudor Poetry, 1532–41. <hi rend="italic">RES</hi> 15, 142-50.
WikiMedia Report Card. (2012). <ref type="url" target="http://reportcard.wmflabs.org/.">http://reportcard.wmflabs.org/.</ref> </bibl>

</listBibl>
</div>

<div type="Notes">
<note xml:id="n01" n="1">  For an overview of pertinent critical contexts surrounding the modeling of the social edition, see Siemens et al., “Understanding the Electronic Scholarly Edition in the Context of New and Emerging Social Media.” </note>
<note xml:id="n02" n="2">  These efforts are in keeping with the aims of the Implementing New Knowledge Environment (INKE) Project, a $2.5 million, 7-year Major Collaborative Research Initiative (MCRI) grant from the Social Sciences and Humanities Research Council (SSHRC) of Canada devoted to “exploring the future of the book from the perspective of its history.” See the INKE website <ref type="url" target="http://inke.ca/">http://inke.ca/</ref> and Siemens et al., “Codex Ultor: Toward a Conceptual and Theoretical Foundation for New Research on Books and Knowledge Environments.” </note>


</div>


</back>
</text>
</TEI>

