<?xml version="1.0" encoding="UTF-8"?>

<?oxygen RNGSchema="http://jetson.unl.edu/cdrh/schemas/tei_all.rng" type="xml"?>
<TEI xmlns="http://www.tei-c.org/ns/1.0" xml:id="ab-360">
    
<teiHeader>
<fileDesc>
<titleStmt>
<title>Exploring social tags in a digitized humanities online collection</title>
<author>
<name><surname>Choi</surname>, <forename>Youngok</forename></name>
<affiliation>Catholic University of America, United States of America</affiliation>
<email>choiy@cua.edu</email>
</author>
<author>
<name><surname>Syn</surname>, <forename>Sue Yeon</forename></name>
<affiliation>Catholic University of America, United States of America</affiliation>
<email>syn@cua.edu</email>
</author>
</titleStmt>
<publicationStmt>
<authority></authority>
<publisher>University of Nebraska-Lincoln</publisher>
<distributor>
<name>Center for Digital Research in the Humanities</name>
<address>
<addrLine>319 Love Library</addrLine>
<addrLine>University of Nebraska&#8211;Lincoln</addrLine>
<addrLine>Lincoln, NE 68588-4100</addrLine>
<addrLine>cdrh@unlnotes.unl.edu</addrLine>
</address>
</distributor>
<pubPlace>Lincoln, Nebraska</pubPlace> 
<address>
<addrLine>University of Nebraska-Lincoln</addrLine>
<addrLine>Lincoln, NE 68588-4100</addrLine>
</address>
<availability>
<p></p>
</availability>
</publicationStmt>

<notesStmt><note type="abstract">The purpose of this study is to examine user tags that describe digitized archival collections for humanities domains. For the current study, we observed what attributes users describe for primary historical and classical resources as tags, and whether tags in digital scholarly collections go beyond content description.</note></notesStmt>
    
<sourceDesc>
<p>No source: created in electronic format.</p>
</sourceDesc>
</fileDesc>
    
<profileDesc>
<textClass>
<keywords scheme="original" n="category">
<term>Poster</term>
</keywords>
<keywords scheme="original" n="subcategory">
<term></term>
</keywords>
<keywords scheme="original" n="keywords">
<term>tags</term>
<term>tagging behavior</term>
       
</keywords>
<keywords scheme="original" n="topic">
<term>information retrieval</term>
<term>metadata</term>
<term>social media</term>
<term>linking and annotation</term>
                
</keywords>
</textClass>
</profileDesc>
    
<revisionDesc>
<change>
<date when="2013-03-29"></date>
<name>Erin Pedigo</name>
<desc>Initial encoding</desc>
</change>
</revisionDesc>
</teiHeader>
    
<text type="poster">
<body>
<div>

<head><hi rend="bold">Proposal:</hi></head>

    <p>The recent development of Web 2.0 technologies has been implemented in many applications with an emphasis on user contribution, active user participation, and harnessing of collective intelligence. In particular, interest has grown in the use of tagging as tagging allows users to add their own keywords or tags to online documents and images so that they can organize resources for themselves, share them with others, and find resources that others have tagged.</p>
    <p>With this trend, libraries, archives, and museums are providing digitized collections of primary resources to support learning, research, and scholarly activities along with social tagging software to collect user’s terms. Digital archival collections and tagging are backbone for the infrastructure of digital humanities as digital archival collections have become vital for scholarly research and teaching in humanities for resources access (Sinn 2012) and as tagging provides users a tool to hold a personal interpretation of resources to make meanings in a personal activity (Golder and Huberman 2006; Trant and Wyman 2006).</p>
    <p>While an implementation of tagging has been increased in many digital archival collections, most studies investigated tagging in social networking systems such as Flickr, where broad communities contribute to content for different motivation often based on personal intentions. Few studies have paid attention to the tagging on primary resources from digitized collections for research and educational activities. Research thus is needed to develop a basic understanding of how users tag primary resources, and how tagging may function in digital humanities.</p>
    <p>The purpose of this study is to find the value of tags in a digital collection for research and educational activities by investigating the way users describe digital resources in tags. Specific research questions are: What kinds of terms do users assign to primary historical and classical resources as tags? In what ways can tags be used to supplement for retrieval purpose and resource representation? Do tags in digital scholarly collections go beyond content description? How do social tags differ from textual annotation of the object?</p>
    <p>The research is an empirical study collecting data to find descriptive evidence of tagging values and tagging behavior of scholars and users in conducting online research in the 19th-century British and American literature of the NINES (the Networked Infrastructure for Nineteenth-Century Electronic Scholarship). NINES is a federated online collection of peer-reviewed digital objects from more than 110 sites where humanities scholars can find and bring together primary sources, images, literary and cultural documents, and literary criticism in the field of 19th-century studies (Earhart 2010).</p>
    <p>Tag analysis will be done based on several categories to identify functional and linguistic aspects of tag usage as well as to find the relationship between tags and annotation of the resources. Tags will be analyzed based on syntax and variations in spelling. Tags will be categorized based on subject-related tags describing the content of the resource and resource-related tags referring to the resource itself. The degree of overlap between tags and annotation will be examined. The findings will help understand users’ tagging behavior and resource interpretation in primary and historical resources in humanities.</p>
</div>


</body>
    
<back>
<div type="References">
<listBibl>

<bibl><hi rend="bold">Earhart, A.</hi> (2010). Using NINES Collex in the classroom. <hi rend="italic">ProfHacker, the Chronicle of Higher Education Blog,</hi>  <ref type="url" target="http://chronicle.com/blogs/profhacker/using-nines-collex-in-the-classroom/23829">http://chronicle.com/blogs/profhacker/using-nines-collex-in-the-classroom/23829</ref> 10 May 2010.</bibl>

<bibl><hi rend="bold">Golder, S. A., and B. A. Huberman</hi> (2006). Usage Patterns of Collaborative Tagging Systems.<hi rend="italic">Journal of Information Science,</hi> 32(2): 198-208.</bibl>

<bibl><hi rend="bold">Sinn, D.</hi> (2012). Impact of digital archival collections on historical research. <hi rend="italic">Journal of the American Society for Information Science and Technology,</hi> 63(8): 1521-1527.</bibl>

<bibl><hi rend="bold">Trant, J., and B. Wyman</hi> (2006). <hi rend="italic">Investigating social tagging and folksonomy in art museums with steve.museum, World Wide Web 2006: Tagging Workshop.</hi> Edinburgh, Scotland: ACM.</bibl>

</listBibl>
</div>
</back>
</text>
</TEI>
