<?xml version="1.0" encoding="UTF-8"?>

<?oxygen RNGSchema="http://jetson.unl.edu/cdrh/schemas/tei_all.rng" type="xml"?>
<TEI xmlns="http://www.tei-c.org/ns/1.0" xml:id="ab-365">
    
<teiHeader>
<fileDesc>
<titleStmt>
<title>Ambiances: A Framework to Write and Visualize Poetry</title>
<author>
<name><surname>Meneses</surname>, <forename>Luis</forename></name>
<affiliation>Center for the Study of Digital Libraries &#8212; Texas A&amp;M University, United States of America</affiliation>
<email>ldmm@cs.tamu.edu</email>
</author>
<author>
<name><surname>Furuta</surname>, <forename>Richard</forename></name>
<affiliation>Center for the Study of Digital Libraries &#8212; Texas A&amp;M University, United States of America</affiliation>
<email>furuta@cs.tamu.edu</email>
</author>
<author>
<name><surname>Mandell</surname>, <forename>Laura</forename></name>
<affiliation>Initiative for Digital Humanities, Media, and Culture &#8212; Texas A&amp;M University, United States of America</affiliation>
<email>mandell@tamu.edu</email>
</author>
</titleStmt>
    
<publicationStmt>
<authority></authority>
<publisher>University of Nebraska-Lincoln</publisher>
<distributor>
<name>Center for Digital Research in the Humanities</name>
<address>
<addrLine>319 Love Library</addrLine>
<addrLine>University of Nebraska&#8211;Lincoln</addrLine>
<addrLine>Lincoln, NE 68588-4100</addrLine>
<addrLine>cdrh@unlnotes.unl.edu</addrLine>
</address>
</distributor>
<pubPlace>Lincoln, Nebraska</pubPlace> 
<address>
<addrLine>University of Nebraska-Lincoln</addrLine>
<addrLine>Lincoln, NE 68588-4100</addrLine>
</address>
<availability>
<p></p>
</availability>
</publicationStmt>
            
<notesStmt><note type="abstract">Poetry visualization is used mostly to highlight patterns detected using computational tools and to create new forms of expression. In our research, we are attempting to challenge the already established notions about how poetry is visualized. For this purpose, we are building Ambiances: an interactive framework to write and visualize poetry. The main goal of our framework is to create a tool that makes a symbiotic relationship between writing and visualizing a poem. The contribution of our research is to explore the advantages, issues and challenges that a framework for writing and visualizing poetry interactively and can provide. Additionally, we will also address the multiple authorship issues and the implications that will surface from the use of our framework. In the end, our research aims to implement, analyze and study new interactive methods for creating and visualizing poetry.</note></notesStmt>
            
<sourceDesc>
<p>No source: created in electronic format.</p>
<p>
<date when="20130717"></date>
<time when="13:30:00"></time>
</p>
<p n="session">SP06</p>
</sourceDesc>
</fileDesc>
        
<profileDesc>
<textClass>
<keywords scheme="original" n="category">
<term>Paper</term>
</keywords>
<keywords scheme="original" n="subcategory">
<term>Short Paper</term>
</keywords>
<keywords scheme="original" n="keywords">
<term>text corpora</term>
<term>historical studies</term>
</keywords>
<keywords scheme="original" n="topic">
<term>interactive</term>
<term>poetry</term>
<term>visualization</term>
</keywords>
</textClass>
</profileDesc>
        
<revisionDesc>
<change>
<date when="2013-03-29"></date>
<name>Erin Pedigo</name>
<desc>Initial encoding</desc>
</change>
</revisionDesc>
</teiHeader>
    
<text type="paper">
<body>
<div>
    
    <p>Poetry visualization is used mostly to highlight patterns detected using computational tools. These tools aim to help
scholars carry out the critical analysis of poetry and are based on data mining algorithms and visual tools (Bradford
Paley). The purpose of these tools is to synthesize and bring forward certain key elements such as the structure of the
narrative, the organization of the poem, the language elements, and the metaphors employed (Chaturvedi, 2011). This
purpose is achieved by intentionally bringing forward the graphical elements of poetry by carefully layering
annotations (Tufte, 1990) based on literary criticism, thus creating new methods to analyze poetry. Additionally, these
visualization tools can place special emphasis in viewing the poems from different perspectives (Meneses et al., 2011)
and visualizing the textual representation of the poetic texts in their formal structure (Audenaert et al., 2007).</p>
    <p>However, poetry visualization can also be used to create new forms of expression. These new forms of expression
apply deformation and transformation techniques to the original poem to create a new art form that in some cases
retains the original characteristics of the poem. Examples of this transformation include <hi rend="italic">Visualizing Text</hi> by Diana Lange (Lange), <hi rend="italic">Poetry on the Road</hi> (Schaffors et al.), <hi rend="italic">Text Universe</hi> (Rapati) and Ira Greenberg’s <hi rend="italic">Syntactic Arthropod</hi> (Greenberg).</p>
    <p>We believe that the tools used nowadays to visualize poetry have three important characteristics. First, the
visualizations are created after the poem has been published. Second, the scholars who create and use the visualization
usually do not have any relationship to the author who created the original literary work. Third, the visualizations are a
direct consequence of the transformations applied to the original text. When we put together all three characteristics we
are left with a visualization tool that serves its purpose when highlighting certain passages in a poem, but does not have
any effect or significant influence on the author as the poem was written beforehand.</p>
    <p>In our research, we are attempting to challenge the three notions that in our opinion have defined how poetry is
visualized. For this purpose, we are building an interactive framework to write and visualize poetry. We have named
this framework “Ambiances”. The main goal of our framework is to create a tool that affords a symbiotic relationship
between writing and visualizing a poem. In our framework, the process of writing a new poem influences its resulting
visualization and the visualization also affects the process of writing. At first, we envisioned mechanisms that allowed
the author to carry out the writing and visualizing processes interactively. However, our tool also brings forth new
possibilities of interaction when a different author designs the visualization. In this case, this interaction between the
author of the poem and the designer of the visualization can engage in collaborative authorship. Additionally, our
prototype borrows some of the concepts behind Storyspace (Bernstein, 2002, Bernstein, 2009). One of our goals is to
design a tool that allows the author to create visualizations (Bernstein, 2009) that give aesthetic clues about the contents
of the narrative.</p>
    <p>We developed the first prototype of the system using Processing , an open-source programming language designed
specifically for visual artists and designers with the purpose of teaching the fundamentals of programming. Casey Reas
and Ben Fry started Processing as a project in 2001. However, Processing has evolved through the years and it is used
beyond its original pedagogical scope. Nowadays, Processing is also widely used by visual artists and designers to
create new ways of displaying of data, animations and digital artworks.</p>
    <p>Using Processing has some obvious advantages that are concerned how with how the source code is executed and its
portability. Processing is an extension of the Java Imaging Library, so Processing files can be executed as Java
programs. Additionally, the Processing language is also available as a Javascript port , making it possible to run this
system entirely on a modern web browser. However, we believe that the main advantage derived from using Processing
is the simplification of the development process by encapsulating the complex data structures into simpler objects and
methods.</p>
    <p>The Ambiances framework is composed of different areas or “environments”. The first environment is a text editor
where the author writes and composes the poem. The second area consists of a minimalist-programming environment
optimized for writing Processing code. The third is a visualization environment that uses the poem and the source code
as input materials to create a resulting visualization interactively. We specifically chose to emphasize the visualization
environment and make it an integral part of the system. Figure 1 shows a screenshot of a prototype of our framework
using the poem “Bright Star” by John Keats.</p>
    
<figure><graphic url="ab-365.001"/><head>Figure 1.</head><p>Ambiances and a visualization of the poem “Bright Star” by John Keats.</p></figure>  
    
    <p>The layout of the environments in the user interface allows the authors to engage in interesting ways. People have a
natural tendency to create visual structures to organize resources when they share a workspace, which helps them to
communicate interpretations and coordinate activities (Shipman et al., 2001a). This tendency towards the creation of
visual structures facilitates the exchange and interpretation of visual information. In our prototype, the environments
are linked together in a single widow frame.</p>
    <p>The layout of the environments allows users to collaborate synchronously: authoring the poem and the visualization at
the same time, or asynchronously: working at different times. Additionally, the interface encourages the authors to
receive instant feedback through the visualization. Given that the authors cannot critique each other directly and can
communicate through the visualization, Ambiances provides an unobtrusive way of writing poetry collaboratively that
encourages unexpected interactions. For example: in the specific case where the visual elements are developing in
syncopated opposition, we believe that the visualization and the interactions will provide hints that will allow the
author of the poem to modify certain figures of speech accordingly. Our vision also allows authors to collaborate
remotely from different locations. We will place special emphasis on evaluating the interactions in this case, as authors
will communicate mostly through the visualization environment. However, at this point we do not discard allowing the
authors to communicate using other means.</p>
    <p>We plan on evaluating the affordances and the implications of our system by recording and analyzing the user
interactions with the system prototype. This method of evaluation has been used in the past successfully in hypertext
systems. In the specific case of the Visual Knowledge Builder (VKB), Shipman et al. recorded, logged and analyzed
user interactions and found that their user interface created a strong relationship among documents, environments and
their evolution through time (Shipman et al., 2001b). Similarly, our system allows authors to save sets of documents for
a later time. This allows authors to expand their creative and explorative processes through multiple sessions, thus
making their use of the system into a more complete experience.</p>
    <p>In the end, developing the prototype for Ambiances left us with questions that we still need to answer. One of them is if
Ambiances will work better with authors in specific genres, writing styles, languages and cultural backgrounds. It is not
unconventional to assume that it will, but we still need proof. For this purpose, we are gathering a diverse group of
authors to participate in this study. The feedback that we will collect from the authors and their interactions will be
included in the new iterations of the system.</p>
    <p>The contribution of our research is to explore the advantages, issues and challenges that a framework for writing and
visualizing poetry interactively and can provide. More specifically, we are interested in the feedback that authors obtain
in real time from the visualizations and how it can affect their writing. Additionally, we will also address the multiple authorship issues
and the implications that will surface from the use of our framework. In the end, our research aims to
implement, analyze and study new interactive methods for creating and visualizing poetry.</p>
</div>
    
</body>
    
<back>
<div type="References">
<listBibl>
    
<bibl><hi rend="bold"><hi rend="italic">Flare &#8212; Data Visualization for the Web</hi></hi> <ref type="url" target="http://flare.prefuse.org">http://flare.prefuse.org</ref> (accessed 1 November 2012.)</bibl>
    
<bibl><hi rend="bold"><hi rend="italic">Juxta &#8212; Collation Software for Scholars</hi></hi> <ref type="url" target="http://www.juxtasoftware.org">http://www.juxtasoftware.org</ref> (accessed 1 November 2012.)</bibl>
    
<bibl><hi rend="bold"><hi rend="italic">Many Eyes</hi></hi> <ref type="url" target="http://www-958.ibm.com/software/data/cognos/manyeyes/">http://www-958.ibm.com/software/data/cognos/manyeyes/</ref> (accessed 1 November 2012.)</bibl>
    
<bibl><hi rend="bold"><hi rend="italic">Processing.js</hi></hi>  <ref type="url" target="http://www.processingjs.org/">http://www.processingjs.org/</ref> (accessed 22 August 2012.)</bibl>
    
<bibl><hi rend="bold"><hi rend="italic">Processing.org</hi></hi> <ref type="url" target="http://www.processing.org/">http://www.processing.org/</ref> (accessed 2 April 2012).</bibl>
    
    <bibl><hi rend="bold">Audenaert, N.,  U. Karadkar, E. Mallen, R. Furuta, and S. Tonner</hi> <hi rend="italic">Viewing Texts: An Art-Centered
        Representation of Picasso’s Writings. Digital Humanities 2007,</hi> University of Illinois, Urbana-Champaign. 14-
16.</bibl>
    
    <bibl><hi rend="bold">Bernstein, M.</hi> (2002). <hi rend="italic">Storyspace 1. Proceedings of the thirteenth ACM conference on Hypertext and hypermedia &#8212;
        Hypertext '02.</hi>  College Park, Maryland, USA.</bibl>
    
    <bibl><hi rend="bold">Bernstein, M.</hi> (2009). <hi rend="italic">On hypertext narrative. Proceedings of the 20th ACM conference on Hypertext and
hypermedia &#8212; Ht '09.</hi> Torino, Italy.</bibl>
    
<bibl><hi rend="bold">Bradford Paley, W.</hi> <hi rend="italic">TextArc.org Home</hi> <ref type="url" target="http://textarc.org">http://textarc.org</ref> (accessed 1 November 2012.)</bibl>
    
    <bibl><hi rend="bold">Chaturvedi, M.</hi> (2011). <hi rend="italic">Visualization of TEI Encoded Texts in Support of Close Reading.</hi> M.A. thesis, Miami University.</bibl>
    
<bibl><hi rend="bold">Greenberg, I.</hi> syntactic_arthropod: Built with Processing 
<ref type="url" target="http://iragreenberg.com/poetess/viz02/">http://iragreenberg.com/poetess/viz02/</ref> (accessed 22 August 2012).</bibl>
    
<bibl><hi rend="bold">Lange, D.</hi> Visualizing text &#8212; OpenProcessing <ref type="url" target="http://openprocessing.org/sketch/44133">http://openprocessing.org/sketch/44133</ref>. (no date).</bibl>
    
<bibl><hi rend="bold">Meneses, L., C. Monroy, R. Furuta, and E. Mallen</hi> (2011). Computational Approaches to a Catalogue
Raisonné of Pablo Picasso's Works. <hi rend="italic">Interdisciplinary Journal for Germanic Linguistics and Semiotic Analysis.</hi></bibl>
    
<bibl><hi rend="bold">Rapati, T.</hi> Text Universe <ref type="url" target="http://openprocessing.org/sketch/10383">http://openprocessing.org/sketch/10383</ref> (accessed August 22,2012.)</bibl>
    
<bibl><hi rend="bold">Schaffors, A., B. Muller, and F. Pfeffer</hi> <hi rend="italic">esono.com &#8212; Poetry on the Road 2006</hi> 
<ref type="url" target="http://www.esono.com/boris/projects/poetry06/">http://www.esono.com/boris/projects/poetry06/</ref> (accessed 22 August 2012.)</bibl>
    
    <bibl><hi rend="bold">Shipman, F., R. Airhart, H. Hsieh, P. Maloor, P. Moore,  J. M. Moore, and D. Shah</hi> <hi rend="italic">Visual and spatial
        communication and task organization using the visual knowledge builder. Proceedings of the 2001 International ACM
        SIGGROUP Conference on Supporting Group Work, 2001</hi> Boulder, Colorado, USA. 500325: ACM, 260-269.</bibl>
    
    <bibl><hi rend="bold">Shipman, F., H. Hsieh, P. Maloor, and J. M. Moore</hi> <hi rend="italic">The visual knowledge builder: a second generation spatial
        hypertext. Proceedings of the twelfth ACM conference on Hypertext and Hypermedia &#8212; Hypertext '01, 2001b</hi>
Arhus, Denmark. 113-122.</bibl>
    
<bibl><hi rend="bold">Tufte, E.</hi> (1990). <hi rend="italic">Envisioning Information,</hi> Cheshire, CT, Graphics Press.</bibl>
    
</listBibl>
</div>
</back>
</text>
</TEI>
 