<?xml version="1.0" encoding="UTF-8"?>

<?oxygen RNGSchema="http://jetson.unl.edu/cdrh/schemas/tei_all.rng" type="xml"?>
<TEI xmlns="http://www.tei-c.org/ns/1.0" xml:id="ab-315">
    
<teiHeader>
<fileDesc>
<titleStmt>
<title>Live Coding Music: Self-Expression through Innovation</title>
<author>
<name><surname>Dussault</surname>, <forename>Jessica V.</forename></name>
<affiliation>University College London</affiliation>
<email>j.dussault.11@ucl.ac.uk</email>
</author>
<author>
<name><surname>Gold</surname>, <forename>Nicolas E.</forename></name>
<affiliation>University College London</affiliation>
<email>n.gold@ucl.ac.uk</email>
</author>
</titleStmt>
            
<publicationStmt>
<authority></authority>
<publisher>University of Nebraska-Lincoln</publisher>
<distributor>
<name>Center for Digital Research in the Humanities</name>
<address>
<addrLine>319 Love Library</addrLine>
<addrLine>University of Nebraska&#8211;Lincoln</addrLine>
<addrLine>Lincoln, NE 68588-4100</addrLine>
<addrLine>cdrh@unlnotes.unl.edu</addrLine>
</address>
</distributor>
<pubPlace>Lincoln, Nebraska</pubPlace> 
<address>
<addrLine>University of Nebraska-Lincoln</addrLine>
<addrLine>Lincoln, NE 68588-4100</addrLine>
</address>
<availability>
<p></p>
</availability>
</publicationStmt>

<notesStmt><note type="abstract">Live coding music is the practice of manipulating audio with on-the-fly programming. Live coders frequently modify or create unique programming environments. This study compares the systems that live coders build and proposes an explanation for the motivation to explore the processes behind making music through a programming interface.</note></notesStmt>
    
<sourceDesc>
<p>No source: created in electronic format.</p>
</sourceDesc>
</fileDesc>
    
<profileDesc>
<textClass>
<keywords scheme="original" n="category">
<term>Poster</term>
</keywords>
<keywords scheme="original" n="subcategory">
<term></term>
</keywords>
<keywords scheme="original" n="keywords">
<term>on-the-fly</term>
<term>audio</term>
<term>performance</term>
<term>music</term>
</keywords>
<keywords scheme="original" n="topic">
<term>music</term>
<term>creative and performing arts, including writing</term>
               
</keywords>
</textClass>
</profileDesc>
    
<revisionDesc>
<change>
<date when="2013-03-29"></date>
<name>Erin Pedigo</name>
<desc>Initial encoding</desc>
</change>
</revisionDesc>
</teiHeader>
    
<text type="poster">
<body>
<div>

    <p>Musical live coding is a relatively new discipline that explores the manipulation of audio and music through altering a program in real-time, frequently while projecting the music-generating code in front of an audience (TOPLAP, 2012). Live coding falls under both the realm of computer music and computer science in a blend of programming and artistic output.  Pioneering live coders often write their own languages, adapt existing environments, and create unique interfaces and control mechanisms for their systems (McLean and Wiggins, 2010). The frequency of this personalization gives rise to two important questions:  in spite of the presence of existing, similar environments, why are live coders creating their own systems and what types of changes are they making to the musical and programming functionality of their environments?</p>
    <p>The questions are addressed by a comparative study of a wide range of live coding environments, the literature on live coding, and by interviews with active live coders. The types of implementations the environments use for musical expression and the rationale provided by their creators illustrate the many routes that live coders are taking to explore musical creativity and programming intricacies (for discussion of this creativity, see Collins, 2011; Magnusson, 2011; and McLean and Wiggins, 2010). From community supported languages such as SuperCollider (McCartney, 2002, 2012) and MAX/MSP (Puckette, 2002) to individually crafted, younger languages like Sorensen’s Impromptu (2013), Fluxus (Griffiths and Papp, 2012) and Tidal (McLean, 2011), the study shows that all live coding environments must find solutions to the issues of musical representation, time passage, audio creation, and programming paradigm, and it is in these differences and similarities between environments that individual strategies of the live coders become apparent. Figure 1 shows a single note expressed in multiple environments, illustrating the differences between them.</p>

<figure><graphic url="ab-315.001"/><head>Figure 1:</head><p>A sustained note at 440 Hz in three environments used for live coding audio:(a) Impromptu, (b) ixi lang, and (c) Pure Data (see Sorensen, 2013; Bausola et al., 2013; and Puckette 2013, respectively).</p></figure>

    <p>The dedication to individuality in live coding has led to a wide range of methods, goals, and musicality that, as of yet, has no formal theory to describe or categorize the products and notations of live coding (McLean and Wiggins, 2010).  Therefore, this study categorizes methods used by live coders in a prototypical music theory. The study concludes that live coders create and modify their own environments because musical improvisation and on-the-fly composition demand a certain familiarity with a programming environment that is not easily obtained by adopting an existing system (see also Brown, 2006).  Additionally, the study proposes that live coders prefer their own environments to others’ because live coders are as interested in the processes behind making the music as they are in the music itself(see also Brown, 2006; Brown and Sorensen, 2009; and Aaron et al., 2011). By adapting their programming environments, live coders explore the boundaries of their processes and the impact that constraints, interfaces, and techniques have upon the musical output.</p>
    <p>The presentation includes descriptions and examples of code illustrating the different treatments that live coders use when approaching musical or programming requirements. These include the passage of time, ensemble coordination, and types of code interfaces. A laptop will be provided to offer a hands-on interactive comparison of several live coding languages, and an ongoing, paper-based live coding game will encourage participation throughout the course of the conference (Nilson, 1975).</p>
</div>

</body>
    
<back>
<div type="References">
<listBibl>

<bibl><hi rend="bold">Aaron, S., A. F. Blackwell, and R. Hoadley</hi> (2011). A Principled Approach to Developing New Languages for Live Coding.  <hi rend="italic">Proceedings of the International Conference on New Interfaces for Musical Expression (NIME),</hi> 381–386. Oslo, Norway.</bibl>

<bibl><hi rend="bold">Bausola, D., E. Hurtado, and T. Magnusson</hi> (2013). “Ixi Audio.” <ref type="url" target="http://www.ixi-software.net/">http://www.ixi-software.net/</ref> (accessed 14 March 2012).</bibl>

<bibl><hi rend="bold">Brown, A. R.</hi> (2006). Code Jamming, <hi rend="italic">M/C Journal,</hi> 9(6). <ref type="url" target="http://journal.media-culture.org.au/0612/03-brown.php.">http://journal.media-culture.org.au/0612/03-brown.php.</ref></bibl>

<bibl><hi rend="bold">Brown, A. R., and A. Sorensen</hi> (2009). Interacting with Generative Music Through Live Coding. <hi rend="italic">Contemporary Music Review.</hi> 28(1): 17–29. doi:10.1080/07494460802663991.</bibl>

<bibl><hi rend="bold">Collins, N.</hi> (2011). Live Coding of Consequence. <hi rend="italic">Leonardo Music Journal.</hi> 44(3): 207–211.</bibl>

<bibl><hi rend="bold">Griffiths, D. and G. Papp</hi> (2012). “Fluxus.” <ref type="url" target="http://www.pawfal.org/fluxus/">http://www.pawfal.org/fluxus/</ref> (accessed 30 October 2012).</bibl>

<bibl><hi rend="bold">Magnusson, T.</hi> (2011). Confessions of a Live Coder. <hi rend="italic">Proceedings of the International Computer Music Conference,</hi> 609–616. University of Huddersfield, England. <ref type="url" target="http://quod.lib.umich.edu/i/icmc/bbp2372.2011.122">http://quod.lib.umich.edu/i/icmc/bbp2372.2011.122</ref>.</bibl>

<bibl><hi rend="bold">McCartney, J.</hi> (2002). Rethinking the Computer Music Language: SuperCollider. <hi rend="italic">Computer Music Journal</hi> 26(4): 61–68.</bibl>

<bibl><hi rend="bold">McCartney, J.</hi> (2012). “SuperCollider.” <ref type="url" target="http://supercollider.sourceforge.net/">http://supercollider.sourceforge.net/</ref> (accessed 30 October 2012).</bibl>

<bibl><hi rend="bold">McLean, C. A.</hi> (2011). <hi rend="italic">Artist-Programmers and Programming Languages for the Arts.</hi> Ph.D. thesis, Goldsmiths, University of London. <ref type="url" target="http://yaxu.org/writing/thesis.pdf">http://yaxu.org/writing/thesis.pdf</ref>.</bibl>

<bibl><hi rend="bold">McLean, A., and G. Wiggins</hi> (2010). Live Coding Towards Computational Creativity. <hi rend="italic">Proceedings of the First International Conference on Computational Creativity (ICCC-X).</hi> Lisbon, Portugal.</bibl>

<bibl><hi rend="bold">Nilson, C.</hi> (1975). An Instructional Game for 1 to Many Musicians. Composition. <ref type="url" target="http://yaxu.org/writing/thesis.pdf">http://toplap.org/index.php?title=Click_Nilson%27s_text_piece</ref>.</bibl>

<bibl><hi rend="bold">Puckette, M.</hi> (2002). Max at Seventeen. <hi rend="italic">Computer Music Journal,</hi> 26(4): 31–43.</bibl>

<bibl><hi rend="bold">Puckette, M.</hi> (2013). “Pure Data.” <ref type="url" target="http://puredata.info">http://puredata.info/</ref> (accessed 14 March 2013).</bibl>

<bibl><hi rend="bold">Sorensen, A.</hi> (2013). “Impromptu.” <ref type="url" target="http://impromptu.moso.com.au/">http://impromptu.moso.com.au/</ref> (accessed 14 March 2013).</bibl>

<bibl><hi rend="bold">TOPLAP</hi> (2012). “Toplap.” <ref type="url" target="http://toplap.org/about/">http://toplap.org/about/</ref> (accessed 30 October 2012).</bibl>

</listBibl>
</div>
</back>
</text>
</TEI>
                
