<?xml version="1.0" encoding="utf-8"?>
<?oxygen RNGSchema="http://jetson.unl.edu/cdrh/schemas/tei_all.rng" type="xml"?>
<TEI xmlns="http://www.tei-c.org/ns/1.0" xml:id="ab-314">

<teiHeader>
<fileDesc>
<titleStmt>
<title>Five desiderata for scholarly editions in digital form</title>
<author>
<name><surname>Robinson</surname>, <forename>Peter</forename></name>
<affiliation>University of Saskatchewan, Canada</affiliation>
<email>p.m.robinson@bham.ac.uk</email>
</author>
</titleStmt>
<publicationStmt>
<authority></authority>
<publisher>University of Nebraska-Lincoln</publisher>
<distributor>
<name>Center for Digital Research in the Humanities</name>
<address>
<addrLine>319 Love Library</addrLine>
<addrLine>University of Nebraska&#8211;Lincoln</addrLine>
<addrLine>Lincoln, NE 68588-4100</addrLine>
<addrLine>cdrh@unl.edu</addrLine>
</address>
</distributor>
<pubPlace>Lincoln, Nebraska</pubPlace> 
<address>
<addrLine>University of Nebraska-Lincoln</addrLine>
<addrLine>Lincoln, NE 68588-4100</addrLine>
</address>
<availability>
<p></p>
</availability>
</publicationStmt>


<notesStmt><note type="abstract">This paper will advocate that digital scholarly editions should follow five guiding principles, briefly:

1. The text of both the document and of the work should be encoded;

2. All editorial acts should be attributed;

3. All materials should, by default, be available by a Creative Commons share-alike license;

4. All materials should be available independent of any one interface;

5. All materials should be held in a sustainable long-term storage system, such as an institutional repository.

No editions made so far appear to follow all five principles; and many satisfy not even one of these principles. The reasons for the distance between existing digital editions and these principles may provoke useful debate.</note></notesStmt>

<sourceDesc>
<p>No source: created in electronic format.</p>
<p>
<date when="20130719"></date>
<time when="08:30:00"></time>
</p>
<p n="session">LP19</p>
</sourceDesc>
</fileDesc>

<profileDesc>
<textClass>
<keywords scheme="original" n="category">
<term>Paper</term>
</keywords>
<keywords scheme="original" n="subcategory">
<term>Long Paper</term>
</keywords>
<keywords scheme="original" n="keywords">
<term>Scholarly editions</term>
<term>encoding</term>
<term>access</term>
<term>sustainability</term>
</keywords>
<keywords scheme="original" n="topic">
<term>archives</term>
<term>repositories</term>
<term>sustainability and preservation</term>
<term>corpora and corpus activities, encoding - theory and practice</term>
<term>scholarly editing</term>
<term>copyright</term>
<term>licensing, and Open Access</term>
<term>cultural infrastructure</term>
</keywords>
</textClass>
</profileDesc>

<revisionDesc>
<change>
<date when="2013-04-19"></date>
<name>Laura Weakly</name>
<desc>Initial encoding</desc>
</change>
</revisionDesc>
</teiHeader>

<text type="paper">
<body>
<div>

<p>Scholarly editions have received considerable attention from the digital humanities over the last decades.  There are several reasons for this: the fundamental place in the academy occupied by scholarly editions, with many humanities disciplines basing their work on texts which require establishment; the amenability of scholarly editions to computer methods, in terms of the digital representations of primary sources from which editions derive, and in terms of the highly-structured nature of the editions themselves, lending itself naturally to complex computer encoding.  Accordingly, we have seen many digital editions made, in many different forms, and we are beginning to see too the first attempts towards a theory of digital editions, as a phenomenon distinct from print editions (which are, indeed, the subject of many theoretical debates): thus articles by Kiernan, Gabler, Pierazzo, Siemens and Robinson.</p>

<p>This paper will use the knowledge we have gained from our experiences, and the first competing theoretical discussions of digital editions, towards the statement of a set of desiderata, expressed as five propositions, collectively declaring the principles upon which scholarly editing in the digital medium should proceed.  At the least, these will serve as starting points for useful discussion.  </p>

<p>Proposition 1: <hi rend="bold">A digital edition should encode both the text of the document, line by line and page by page, and the text of the work which the document text instances, chapter by chapter, paragraph by paragraph (or, poem by poem, line by line).</hi>  One should be able to examine the text of the document, a page at a time; one should be able to read the text of the work, a chapter at a time, a poem at a time.  This might seem obvious: yet several recent editions (for example, Sutherland’s edition of the Jane Austen manuscripts online), the thirty or so online transcription tools listed by Ben Brumfield, and the genetic transcription system proposed by the Text Encoding Initiative (Burnard et al), all assert that one need encode only the disposition of the text on the document.  Thus, not one of the separate works contained in the Austen manuscripts is accessible as a work in the Sutherland edition.  It is a mistake not to encode both document and work.  It is certainly more difficult (because of the all-too-familiar overlapping hierarchy problem) to encode both.  But it can be done, and it should be done.  </p>

<p>Proposition 2: <hi rend="bold">Every act of editing in a digital edition should be attributed explicitly to the person who did it.</hi>  Any act of editing, in any medium, requires knowledge and effort: an edition is made from thousands, millions of such acts.  Every such act should be recognized, and explicitly linked to the person who did it.  Our confidence in editions comes from knowing who was responsible for each act.  In the digital medium, as in the print medium, attribution is everything.  But in the digital medium, we can go further: we can label who did what.  And we should.</p>

<p>Proposition 3: <hi rend="bold">Everything in digital editions should, by default, be made available under a Creative Commons Attribution Share-alike licence.</hi> Editing in the digital medium is profoundly collaborative.  Even if one scholar does all the work of transcription, encoding, interface design and publication on his or her own: others will want to take elements of that edition and reuse it in ways that the original scholar could never anticipate.  Further, we may expect, as the movement to ‘social editing’ gathers pace, that we will see more and more informed readers becoming editors: contributing transcriptions, identifying documents, enriching their encoded texts by labelling persons, places, events.   It is not quite true to say that digital editions belong to us all: but it is nearly true enough for us to make us much as possible as free as possible to all: hence, the Attribution Share-alike licence.  We should not impose the ‘non-commercial’ restriction (which is too often a back-door way of maintaining the old worst habits of academic culture,  to reward our friends and punish our enemies). Indeed, we should welcome and encourage commercial interests to provide the best interfaces they can to our editorial materials; the ‘share-alike’ provision will foreclose any commercial attempt to monopolize the text.  Nor should we require the ‘no-derivative works’ restriction: we should welcome the scholar who wants to take what we did and use it as the starting point for his or her work &#8212; so long as this scholar acknowledges our work.</p>

<p>Proposition 4: <hi rend="bold">All the materials in a digital edition should be available independent of any one interface.</hi> It should be possible (for example) for a scholar interested in the Greek New Testament to take the text of the transcription of Codex Sinaiticus given on the British Library website, combine it with other texts taken from other places, and present it in a distinct interface, offering tools and facilities nowhere else available.  To make this possible, it will not be enough for editors to provide text: they must provide the facility (whether through metadata or an ontology or an API) to allow that text to be taken up and given out through an interface completely independent from the original digital publication.  Of course, this cannot happen unless the materials are free of any restrictive licence, as argued in proposition 3.</p>

<p>Proposition 5: <hi rend="bold">All the materials in a digital edition should be held in a long-term sustainable data store.</hi> Large scale data storage facilities, maintained in perpetuity as part of an institution’s core mission (“in perpetuity” that is, as long as the institution lasts), have become commonplace in the last decade, thanks to the success of the institutional repository movement. Yet, very few editions ground their data in an institutional repository or similar facility.  Institutional repositories are mature, well able to dispense scholarly edition materials, of every kind, and are increasingly recognized by universities and other memory institutions as the digital equivalent of a print library.  We can and should use them.</p>

<p>A survey of existing digital editions against these propositions would yield interesting reflections.  It appears that not one of the many digital editions so far made satisfies all five propositions; and rather many fail to satisfy even one.  It is possible, of course, that these five propositions are flatly wrong.  It is also possible that much of what we have been doing, under the dizzying spell of the technologies that press upon us, is wrong, and needs to change.</p>

</div>

</body>

<back>
<div type="References">
<listBibl>

<bibl><hi rend="bold">Brumfield, W. B.</hi> (2012). Crowdsourced Transcription Tool List. Blog entry for April 11, 2012.  <ref type="url" target="http://manuscripttranscription.blogspot.co.uk">http://manuscripttranscription.blogspot.co.uk</ref></bibl>

<bibl><hi rend="bold">Burnard, L., F. Iannidis, E. Pierazzo, and M. Rehbein</hi> (n.d.) An Encoding Model for Genetic Editions.  <ref type="url" target="http://www.tei-c.org/Activities/Council/Working/tcw19.html">http://www.tei-c.org/Activities/Council/Working/tcw19.html</ref>.</bibl>

<bibl><hi rend="bold">Codex Sinaiticus Online.</hi> <ref type="url" target="http://www.codex-sinaiticus.net/en/">http://www.codex-sinaiticus.net/en/</ref>.</bibl>

<bibl><hi rend="bold">Gabler, H. W.</hi> (2007). The Primacy of the Document in Editing. <hi rend="italic">Ecdotica</hi>, 4.  197–207.</bibl>

<bibl><hi rend="bold">Gabler, H. W.</hi> (2010). “Theorizing the Digital Scholarly Edition.” <hi rend="italic">Literature Compass</hi>, 7. 43-56.</bibl>

<bibl><hi rend="bold">Kiernan, K.</hi> (2006). “Digital facsimiles in Editing.” In Burnard, L., K. O’Brien O’Keeffe and J. Unsworth (eds.) <hi rend="italic">Electronic Textual Editing</hi>. New York: Modern Language Association of America, 262-268.</bibl>

<bibl><hi rend="bold">Mingana Collection online</hi>. <ref type="url" target="http://vmr.bham.ac.uk/Collections/Mingana/">http://vmr.bham.ac.uk/Collections/Mingana/</ref></bibl>

<bibl><hi rend="bold">Pierazzo, E.</hi> (2011). A Rationale of Digital Documentary editions. <hi rend="italic">Literary and Linguistic Computing</hi>, 26. 463-477.</bibl>

<bibl><hi rend="bold">Robinson, P. M. W.</hi> (2013). “Towards a theory of digital editions.” <hi rend="italic">Variants</hi> 10. 105-132.</bibl>

<bibl><hi rend="bold">Siemens, R., M. Timney, C. Leitch, et al.</hi> forthcoming. Toward Modeling the Social Edition: An Approach to Understanding the Electronic Scholarly Edition in the Context of New and Emerging Social Media. <hi rend="italic">Literary and Linguistic Computing</hi>.</bibl>

<bibl><hi rend="bold">Sutherland, K.</hi> (2010). <hi rend="italic">Jane Austen’s Fictional Manuscripts Digital Edition</hi>. <ref type="url" target="http://www.janeausten.ac.uk/index.html">http://www.janeausten.ac.uk/index.html</ref></bibl>

</listBibl>
</div>
</back>
</text>
</TEI>

