<?xml version="1.0" encoding="utf-8"?>
<?oxygen RNGSchema="http://jetson.unl.edu/cdrh/schemas/tei_all.rng" type="xml"?>
<TEI xmlns="http://www.tei-c.org/ns/1.0" xml:id="ab-350">

<teiHeader>
<fileDesc>
<titleStmt>
<title>The Digital <hi rend="italic">Orationes</hi> Project: Interfacing a Restoration Manuscript</title>
<author>
<name>
<surname>Johnson</surname>, 
<forename>Anthony W.</forename>
</name>
<affiliation>&#197;bo Akademi University, Finland</affiliation>
<email>anthony.johnson@abo.fi</email>
</author>
<author>
<name>
<surname>Juuso</surname>, 
<forename>Ilkka</forename>
</name>
<affiliation>University of Oulu, Finland</affiliation>
<email>ijuuso@ee.oulu.fi</email>
</author>
<author>
<name>
<surname>Toljamo</surname>, 
<forename>Tuomo</forename>
</name>
<affiliation>University of Oulu, Finland</affiliation>
<email>toljatuo@mail.student.oulu.fi</email>
</author>
<author>
<name>
<surname>M&#228;t&#228;saho</surname>, 
<forename>Timo</forename>
</name>
<affiliation>University of Oulu, Finland</affiliation>
<email>timomata@paju.oulu.fi</email>
</author>
<author>
<name>
<surname>Opas-H&#228;nninen, </surname>
<forename>Lisa Lena</forename>
</name>
<affiliation>University of Oulu, Finland</affiliation>
<email>lisa.lena.opas-hanninen@oulu.fi</email>
</author>
<author>
<name>
<surname>Sepp&#228;nen</surname>, 
<forename>Tapio</forename>
</name>
<affiliation>University of Oulu, Finland</affiliation>
<email>tapio.seppanen@oulu.fi</email>
</author>
</titleStmt>
<publicationStmt>
<authority></authority>
<publisher>University of Nebraska-Lincoln</publisher>
<distributor>
<name>Center for Digital Research in the Humanities</name>
<address>
<addrLine>319 Love Library</addrLine>
<addrLine>University of Nebraska&#8211;Lincoln</addrLine>
<addrLine>Lincoln, NE 68588-4100</addrLine>
<addrLine>cdrh@unl.edu</addrLine>
</address>
</distributor>
<pubPlace>Lincoln, Nebraska</pubPlace> 
<address>
<addrLine>University of Nebraska-Lincoln</addrLine>
<addrLine>Lincoln, NE 68588-4100</addrLine>
</address>
<availability>
<p></p>
</availability>
</publicationStmt>
<sourceDesc>
<p>No source: created in electronic format.</p>
</sourceDesc>
</fileDesc>

<profileDesc>
<textClass>
<keywords scheme="original" n="category">
<term>Poster</term>
</keywords>
<keywords scheme="original" n="subcategory">
<term></term>
</keywords>
<keywords scheme="original" n="topic">
<term>interface and user experience design</term>
<term>literary studies</term>
<term>digitisation</term>
<term>resource creation, and discovery</term>
<term>software design and development</term>
<term>renaissance studies</term>
</keywords>
<keywords scheme="original" n="keywords">
<term>Early Modern manuscript</term>
<term>digital archive</term>
<term>image calibration tool</term>
<term>image search</term>
<term>user interface</term>
</keywords>
</textClass>
</profileDesc>

<revisionDesc>
<change>
<date> when="2013-06-19</date>
<name>Laura Weakly</name>
<desc>Initial encoding</desc>
</change>
</revisionDesc>
</teiHeader>

<text type="paper">
<body>
<div>


<p>Funded by the Academy of Finland (2011-2014), the Digital <hi rend="italic">Orationes</hi> Project is an interdisciplinary initiative intended to bring an important unpublished Early Modern manuscript into the scholarly arena. The manuscript, preserved as Lit. MS E41 in the archive of Canterbury Cathedral, was collected, and in part composed, by George Lovejoy (c. 1675), Headmaster of the King’s School, Canterbury, after the English Civil War. The texts within it represent one of the most substantial unpublished sources of English School Drama from the period. As well as containing a previously unnoticed adaptation of a pre-war play by a major author (James Shirley), this large volume, comprising 656 folio pages and running to some 230,000 words, includes a number of short plays and dramatized orations written in English, Latin and Greek by the scholars and staff of the King’s School. (Amid much else, these works celebrate the Restoration of Charles II to power, re-enact the Gunpowder plot, discuss a wide range of topical issues, and provide a wealth of information about the role of drama in Early Modern schooling.)</p>

<p>The overall aim of the project has been to create a state-of-the-art digital archive which makes the texts in the manuscript available to a wider audience at the same time as it offers new affordances for its scholarly users. In this, we have been responding to, and actively critiquing, best practices within the field of digital editions so succinctly summarized by Pierazzo (2011). The final digital interface for the manuscript will enable the searching of its handwritten text by means of visual recognition of the letter forms as well as the more usual text-based functions relating to the transcribed, translated, and edited manuscript; and simultaneously allow access to a number of higher scholarly functions. Accordingly, the present paper will focus on ongoing developments concerning three elements in the (otherwise, substantially developed) package: a) an image calibration tool (i.e. a tool to flatten pages, scale them consistently and link with the transcript); b) an image search prototype (which can search for graphic features in the manuscript using visual cues); and c) the blueprint for the final <hi rend="italic">Orationes</hi> user interface. We are presenting these features before they have been packaged into a single polished user-friendly entity – and at the penultimate stage of a larger project involving an international team from four Universities (Oulu, &#197;bo Akademi, Helsinki [Finland], and Austin, Texas) – in order to make new research available at the same time as we solicit the feedback which will make our final interface as helpful as possible within the DH community. </p>   

<p>In its basic form, the <hi rend="italic">Orationes</hi> manuscript is represented by a rich digital edition that utilizes the high resolution scanned images of the manuscript pages and TEI-compliant transcriptions created by domain experts. As demonstrated in our JADH-2012 presentation (Opas-H&#228;nninen <hi rend="italic">et al.</hi> 2012), our <hi rend="italic">modus operandi</hi> has been to approach the work from two opposite directions. First, the team created an uncompromising TEI-XML version of the manuscript (a process which has not only involved rigorous textual transcription but also entailed the translation of the Latin and Greek portions of the material and the identification of features of interest for use in a rich visual interface). Second, it has been working on the production of a reusable software package which, without sacrificing functionality or source integrity, can be used to generate digital editions from similar XML and image source materials in a straightforward manner. In order to combine these two goals successfully, the team navigated the requisite TEI guidelines (tweaking them where necessary as developments within, rather than departures from, the system), constructed an automatic linking mechanism between image and text, and have been creating efficient search mechanisms for TEI data: not to mention an interface that is both intuitive and generic at the same time.</p>

<p>The high resolution scanned images of the manuscript were produced by experts at the Canterbury Cathedral Archives. When beginning the work on image searching, i.e. the recognition of graphical forms such as letters and punctuation, it quickly became evident that in order to be able to carry out any such work, the images of the manuscript would need to be flattened and scaled consistently first, because of slight warping on the inner edges of the pages.  Preprocessing will simplify the actual pattern recognition search process, because there will be less variation to account for and thus better results should be achieved; it is also beneficial for creating a clean GUI. Thus we set out to develop a process for calibrating the images, which we think will be very useful for other projects which use similar manuscripts that simply can’t be flattened as the scanned images are produced.</p>
<p>
Although, since 2012, the Digital <hi rend="italic">Orationes</hi> interface has been able to allow for full searches of the transcribed text (along with translations from the relevant Latin or Greek passages), links to the apparatus and editorial notes, or a layered comparison (at varying magnifications) between the written text and the transcription, our endeavours in the present move considerably closer to an engagement with the manuscript as an artefact and the sort of operations which a professional palaeographer or historical linguist might require of it. In particular, by developing an optical recognition faculty which is able to identify and search out letters and other graphical forms manifested in the manuscript (such as varieties of dashes and other idiosyncracies of punctuation), the 2013 prototype indicates how our edition might contribute to raising the bar for palaeographers: helping them to search, line up, or compare visual features across the manuscript in an easy, intuitive way. Looking ahead, the presenters of the 2013 poster will also be prepared to engage with the wider perspective of how, adapting a tool developed and presented for other purposes (Juuso <hi rend="italic">et al.</hi> 2011), our final interface will also be able to serve historians of language and literature by keying in to etymological dictionaries of English, Latin or Greek, identifying new words and colour-coding lexical items according to the first date of occurrence in the historical corpus.
</p>


                
</div>

</body>

<back>
<div type="References">
<listBibl>
<bibl><hi rend="bold">Pierazzo, E.</hi> (2011) A Rationale of Digital Documentary Editions, <hi rend="italic">LLC: The Journal of Digital Scholarship in the Humanities</hi>, 26(4): 463-477. </bibl>

<bibl><hi rend="bold">Opas-H&#228;nninen, L. L., I. Juuso, T. Toljamo, A. W. Johnson, and T. Sepp&#228;nen</hi> (2012). The <hi rend="italic">Orationes</hi> Project: Bringing a Restoration Manuscript Online. Paper presented at JADH2012, Tokyo, 17 September 2012.</bibl>

<bibl><hi rend="bold">Juuso, I., L. L. Opas-H&#228;nninen, A. W. Johnson, and T. Sepp&#228;nen</hi> (2011). The Time Machine: capturing Worlds Across Time in Texts. Paper presented at DH2011, Stanford 18 June 2011.</bibl>

</listBibl>
</div>
</back>
</text>
</TEI>

