<?xml version="1.0" encoding="UTF-8"?>

<?oxygen RNGSchema="http://jetson.unl.edu/cdrh/schemas/tei_all.rng" type="xml"?>
<TEI xmlns="http://www.tei-c.org/ns/1.0" xml:id="ab-377">
    
<teiHeader>
<fileDesc>
<titleStmt>
<title>Reliable Citation as a Foundation for Preservable Web-Based Digital Humanities Projects</title>
<author>
<name><surname>Smith</surname>, <forename>James</forename></name>
<affiliation>University of Maryland, United States of America</affiliation>
<email>jgsmith@gmail.com</email>
</author>
</titleStmt>
<publicationStmt>
<authority></authority>
<publisher>University of Nebraska-Lincoln</publisher>
<distributor>
<name>Center for Digital Research in the Humanities</name>
<address>
<addrLine>319 Love Library</addrLine>
<addrLine>University of Nebraska&#8211;Lincoln</addrLine>
<addrLine>Lincoln, NE 68588-4100</addrLine>
<addrLine>cdrh@unlnotes.unl.edu</addrLine>
</address>
</distributor>
<pubPlace>Lincoln, Nebraska</pubPlace> 
<address>
<addrLine>University of Nebraska-Lincoln</addrLine>
<addrLine>Lincoln, NE 68588-4100</addrLine>
</address>
<availability>
<p></p>
</availability>
</publicationStmt>
            
<notesStmt><note type="abstract">The proposed poster will consist of diagrams and text explaining how reliable citation works with respect to resource versioning and project timelines. In addition, a demonstration of a temporal content and data management system hosted at <ref type="url" target="http://alpha.ookook.net/">http://alpha.ookook.net/</ref> providing reliable citation will accompany the poster so that attendees can interact with the system and see the platform affordances in action. The demonstration will also provide an opportunity for attendees to interact with the developer. This poster will be of interest to anyone wishing to see how a platform supporting reliable citation might be designed.</note></notesStmt>
            
<sourceDesc>
<p>No source: created in electronic format.</p>
</sourceDesc>
</fileDesc>
        
<profileDesc>
<textClass>
<keywords scheme="original" n="category">
<term>Poster</term>
</keywords>
<keywords scheme="original" n="subcategory">
<term></term>
</keywords>
<keywords scheme="original" n="keywords">
<term>world wide web</term>
<term>temporal</term>
<term>content management system</term>
<term>platform</term>
<term>preservation</term>
</keywords>
                
<keywords scheme="original" n="topic">
<term>archives</term>
<term>repositories</term>
<term>sustainability and preservation</term>
<term>publishing and delivery systems</term>  
<term>internet/world wide web</term>
                   
</keywords>
</textClass>
</profileDesc>
        
<revisionDesc>
<change>
<date when="2013-03-29"></date>
<name>Erin Pedigo</name><desc>Initial encoding</desc>
</change>
</revisionDesc>
</teiHeader>
    
<text type="paper">
<body>
<div>
    
    <p>Preservation of digital humanities (DH) projects is an emerging problem. As languages,
frameworks, platforms, libraries, and databases evolve, the effort required to maintain
meaningful access to existing projects is a challenge that competes with efforts to produce new
work. Creators of DH projects need to be able to continue to iterate and innovate but also
demonstrate good stewardship of digital materials.</p>
    <p>The field recognizes this problem, from the 2004 Sustaining Digital Scholarship (SDS) final
report and continuing through such projects as Memento, SiteStory, and TAPAS, and is actively
researching ways to enable sustainable, long-term stewardship for certain project components,
but these efforts do not provide a comprehensive platform for the full DH project. All of these
efforts consider a project to be a set of static pages or resources that seldom change. None of
them would be sufficient for hosting or describing ongoing projects such as <hi rend="italic">World Shakespeare
Bibliography Online.</hi></p>
    <p>Many new DH projects build their web presence with open source platforms such as
Wordpress, Drupal, or Omeka, extending them through customizations. The long-term
sustainability of such projects is an issue, involving the cost of hosting as well as migration of
customizations as platforms and languages evolve. SalahEldeen and Nelson show evidence
that after only a year, an average of eleven percent of cited on-line resources are lost. It is not
surprising then that none of the common systems used to build DH projects allows reliable
citation since the same platforms used in DH host a share of the resources lost each year. It is
surprising that reliable citation is not seen as a greater problem by the scholarly community.
Reliable citation is necessary for long-term preservation and therefore expresses a need for a
temporal content and data management system that allows for reliable citation of scholarly
narratives and resources.</p>
    <p>We might base the value of a scholarly work on its place in the larger scholarly conversation. If it
is not part of the conversation, then it has little effect on the field and thus has little value.
Scholarly work can only be part of the conversation if it can be referenced. This is well
developed for traditional publications (e.g., citing a particular edition of a printed work), but
remains a problem for web-based scholarly work, not because particular pages can not be
addressed, but because the information presented as part of that page is not stable. Without
being able to reference the particular version of the page, scholars can not make reliable
arguments about the work. What a reader sees might differ from what the author saw when
researching and writing the work referencing the web­based project. These problems increase
when referencing a dynamic, algorithmic project.</p>
    <p>We see three fundamental requirements for such a system to enable reliable citation of scholarly
works and resources: temporal citation, reproducible citation, and sustainable citation. Any
platform meeting these requirements should be able to provide level four preservation as
described in the SDS final report (11).</p>
    <p>A temporal citation of a web-based scholarly work must be able to address the view within the
context of the project’s history. Not only must a scholar be able to point a reader to a particular
resource in a project, but the scholar must be able to point to a particular resource at a particular
date and time.</p>
    <p>A reproducible citation of a web­based scholarly work must show the same content over time.
Fetching the cited resource year after year should show no significant changes in the scholarly
content of the resource.</p>
    <p>A sustainable citation of a web-based scholarly work allows a scholar to cite a project and know
that their readers will be able to see the same information they saw by following the citation, for
as long as their citation exists. Sustainability is a social issue as much as a technical one. We
are not trying to address the social issues involved in sustainability in this poster.</p>
    <p>The poster consists of diagrams and text explaining how reliable citation works with respect to
resource versioning and project timelines. In addition, a demonstration of a temporal content and
data management system hosted at <ref type="url" target="http://alpha.ookook.net/">http://alpha.ookook.net/</ref> 
providing reliable citation will accompany the poster so that attendees can interact with the system 
and see the platform affordances in action. The demonstration will also provide an opportunity for 
attendees to interact with the developer.</p>
    <p>Reliable citation does not require any unique data model or software architecture. The poster
outlines both the data model and the architecture as they are developed in the demonstration
software, principally by segmenting a project’s history into discrete editions that aggregate
changes to the project.</p>
    <p>Discussion will quickly muddy if we don’t establish some nomenclature for dates and times. A
resource date and time is the date and time for which the resource should be rendered. For
example, if I specify a resource date and time of noon on January 1st, 2012, then I expect the
see a rendering of the resource as it appeared at noon on January 1st, 2012. A request date and
time is the date and time at which the request is made, even if the request is for a resource with
a resource date and time different than the request date and time.</p>
    <p>The data model partitions the project into two classes of objects: editioned objects, such as a
project or theme, and versioned objects, such as pages or stylesheets. Editions are published
for a span of time during which no public changes are made to the pages. Any changes made to
a page require the creation of a new page version which will be aggregated with other versions
when a new edition is created and published. Only one project edition is active for a resource
date and time. By tracking the time spans for which an edition is active, we can reproduce the
project as it existed at a particular date and time.</p>
    <p>The demonstration software separates information into two editioned resources: Projects (web
sites) and Themes (collections of style information). Editions of projects and themes are
independent of each other, with each managing their own history.</p>
    <p>References between different editioned resources are done by naming the referenced resource
as well as the referenced resource date and time. This allows a project to select a theme in a
reproducible fashion. References to a versioned resource within an editioned resource (e.g., a
page within a project) may reference the page without referencing a particular version. The
appropriate version will be retrieved based on the edition selected by the resource date and time
of the request.</p>
    <p>This poster will be of interest to anyone wishing to see how a platform supporting reliable citation
might be designed.</p>
</div>
    
</body>
    
<back>
<div type="References">
<listBibl>
    
<bibl><hi rend="bold"><hi rend="italic">Drupal.</hi></hi> <ref type="url" target="http://www.drupal.org/">http://www.drupal.org/</ref></bibl>
    
<bibl><hi rend="bold"><hi rend="italic">Memento.</hi></hi> <ref type="url" target="http://www.mementoweb.org/">http://www.mementoweb.org/</ref></bibl>
    
<bibl><hi rend="bold"><hi rend="italic">Omeka.</hi></hi> <ref type="url" target="http://www.omeka.org/">http://www.omeka.org/</ref></bibl>
    
    <bibl><hi rend="bold">SalahEldeen, M. Hany, and  M. L. Nelson</hi> Losing My Revolution: How Many Resources
Shared on Social Media Have Been Lost? (2012). arXiv:1209.3026.</bibl>
    
<bibl><hi rend="bold"><hi rend="italic">Sustaining Digital Scholarship Final Report.</hi></hi> (2004)
<ref type="url" target="http://www2.iath.virginia.edu/sds/SDS_AR_2003.pdf">http://www2.iath.virginia.edu/sds/SDS_AR_2003.pdf</ref></bibl>
    
<bibl><hi rend="bold"><hi rend="italic">SiteStory.</hi></hi> <ref type="url" target="http://mementoweb.github.com/SiteStory/">http://mementoweb.github.com/SiteStory/</ref></bibl>
    
<bibl><hi rend="bold"><hi rend="italic">TEI Archiving Publishing and Access Service (TAPAS) Project.</hi></hi> <ref type="url" target="http://www.tapasproject.org/">http://www.tapasproject.org/</ref></bibl>
    
<bibl><hi rend="bold"><hi rend="italic">Wordpress.</hi></hi> <ref type="url" target="http://www.wordpress.org/">http://www.wordpress.org/</ref></bibl>
    
<bibl><hi rend="bold"><hi rend="italic">World Shakespeare Bibliography Online.</hi></hi> <ref type="url" target="http://www.worldshakesbib.org/">http://www.worldshakesbib.org/</ref></bibl>
    
</listBibl>
</div>
</back>
</text>
</TEI>
