<?xml version="1.0" encoding="UTF-8"?>

<?oxygen RNGSchema="http://jetson.unl.edu/cdrh/schemas/tei_all.rng" type="xml"?>
<TEI xmlns="http://www.tei-c.org/ns/1.0" xml:id="ab-367">
    
<teiHeader>
<fileDesc>
<titleStmt>
<title>Mapping Homer's Catalogue of Ships</title>
<author>
<name><surname>Evans</surname>, <forename>Courtney</forename></name>
<affiliation>University of Virginia, United States of America</affiliation>
<email>cme2c@virginia.edu</email>
</author>
<author>
<name><surname>Jasnow</surname>, <forename>Ben</forename></name>
<affiliation>University of Virginia, United States of America</affiliation>
<email>bbj9t@virginia.edu</email>
</author>
</titleStmt>
            
<publicationStmt>
<authority></authority>
<publisher>University of Nebraska-Lincoln</publisher>
<distributor>
<name>Center for Digital Research in the Humanities</name>
<address>
<addrLine>319 Love Library</addrLine>
<addrLine>University of Nebraska&#8211;Lincoln</addrLine>
<addrLine>Lincoln, NE 68588-4100</addrLine>
<addrLine>cdrh@unlnotes.unl.edu</addrLine>
</address>
</distributor>
<pubPlace>Lincoln, Nebraska</pubPlace> 
<address>
<addrLine>University of Nebraska-Lincoln</addrLine>
<addrLine>Lincoln, NE 68588-4100</addrLine>
</address>
<availability>
<p></p>
</availability>
</publicationStmt>
    
<notesStmt><note type="abstract">Mapping the Catalogue of Ships illustrates the route of Homer’s poetic journey around Greece and provides a digital forum in which to test and develop theories about the poet’s knowledge and use of geography. This paper will detail the ways in which the construction of these digital exhibits has both deepened and changed our initial theories about Homer’s familiarity with ancient routes.</note></notesStmt>
    
<sourceDesc>
<p>No source: created in electronic format.</p>
<p>
<date when="20130718"></date>
<time when="13:30:00"></time>
</p>
<p n="session">SP11</p>
</sourceDesc>
</fileDesc>
    
<profileDesc>
<textClass>
<keywords scheme="original" n="category">
<term>Paper</term>
</keywords>
<keywords scheme="original" n="subcategory">
<term>Short Paper</term>
</keywords>
<keywords scheme="original" n="keywords">
<term>Homer</term>
<term>space</term>
<term>maps</term>
<term>geography</term>
<term>routes</term>
                
</keywords>
<keywords scheme="original" n="topic">
<term>classical studies</term>
<term>geospatial analysis</term>
<term>interfaces and technology</term>
<term>maps and mapping</term>
               
</keywords>
</textClass>
</profileDesc>
    
<revisionDesc>
<change>
<date when="2013-03-29"></date>
<name>Erin Pedigo</name>
<desc>Initial encoding</desc>
</change>
</revisionDesc>
</teiHeader>
    
<text type="paper">
<body>
<div>
<div> 
    
    <p>Our project, <hi rend="italic">Mapping the Catalogue of Ships</hi>, created by Classicist Jenny Strauss Clay, illustrates the route of Homer’s poetic journey around Greece and provides a digital forum in which to test and develop theories about the poet’s knowledge and use of geography. This paper will detail the ways in which the construction of these digital exhibits has both deepened and changed our initial theories about Homer’s familiarity with ancient routes.</p>
</div>

<div>
<head>The Research Question</head>    
    
    <p>In Book 2 of Homer’s <hi rend="italic">Iliad</hi>, the poet embarks upon a seemingly impossible feat: to enumerate the commanders of the 29 contingents of the Greek expedition, along with the number of ships and troops belonging to each, and the almost 190 towns from which they came. It must have seemed a superhuman performance to the audience of the poet’s day. Homer was an oral poet, composing his verses aloud and extemporaneously, without the use of writing. Nor did Homer have the benefit of looking at a map, since the first maps of the Greek world came about only after the composition of the <hi rend="italic">Iliad</hi>. Yet the poet presents his 250-verse masterpiece as an organized tour of the Greek world, subdividing the commanders and their contingents according to geography. It was such a convincing performance that the late antique geographer Strabo would name Homer as the “father of geography.” Yet the degree to which Homer was familiar with the details of Ancient Greek landscape remains unclear.<ref type="note" target="n01" n="1">1</ref></p>
    <p>The places named in the Catalogue may be divided into two types: large kingdoms and the cities within those kingdoms. A well-known geographical principle clearly underlies the narrative order in which Homer relates the 29 large kingdoms that make up the Greek fleet. Beginning from Boeotia, in Central Greece, the poet narrates three circuits of these kingdoms, moving from one geographical region to the next in a continuous fashion (Clay 2011; Minchin 2001). This well organized plan or mental roadmap serves the oral poet as a “spatial mnemonic” (Clay 2011), allowing Homer to traverse the nearly 190 places he mentions without getting lost in the details (Clay 2011; Minchin 2001). One function of <hi rend="italic">Mapping the Catalogue of Ships</hi> is to illustrate this large-scale navigation of Greece, making clear for students and scholars the fundamental order that underlies Homer’s tour-de-force of memory.</p>
    <p>Although the principle according to which Homer moves from kingdom to kingdom is well understood, the poet’s use of geography remains, in its other aspects, mysterious. Several scholars have suggested that Homer may have used ancient travel itineraries to organize the Catalogue (Clay 2011; Kirk 1985). However, we lack a detailed analysis of the particular routes and landscape features that Homer would have employed. The main purpose of <hi rend="italic">Mapping the Catalogue of Ships</hi> is to fill this scholarly gap. Does the geographical ordering of the 29 kingdoms represent an actual itinerary? Moreover, does the narration of the cities within those kingdoms constitute an itinerary? Does the narrative order of the place-names in the catalogue reflect ancient roads and landscape features? These are the questions <hi rend="italic">Mapping the Catalogue of Ships</hi> seeks to answer.  </p>
</div>
    
<div>
<head>Neatline: Mapping the Catalogue of Ships</head> 
    
    <p>Our project uses an exciting new tool under development by the Scholars’ Lab at the University of Virginia. That tool is <hi rend="italic">Neatline</hi> (<ref type="url" target="http://neatline.org">neatline.org</ref>) a "geotemporal exhibit-builder," which combines the resources of an interactive archive and narrative timeline with a custom mapping capability, making it an ideal means to engage with the poetic, geographical and cultural challenges of Homer’s Catalogue.</p>
    <p>A full understanding of the Catalogue of Ships requires simultaneous exposure to many different types of information. The text of the <hi rend="italic">Iliad</hi> must be integrated into a map display capable of presenting detailed information and scholarship about ancient routes and landscape. Moreover, since our investigation depends upon understanding the Catalogue from a traveler's point of view, the map display must highlight the link between Homer’s narrative order and the order of the points upon the map. Our <hi rend="italic">Neatline</hi>-supported exhibition of the Catalogue of Ships will do all these things. With help from <hi rend="italic">Pleiades</hi>  (<ref type="url" target="http://pleiades.stoa.org/">http://pleiades.stoa.org/</ref>), an online, open source gazetteer of the ancient world, we have already compiled a database containing the locations of the sites featured in the Catalogue. Drawing on this database, we have begun to create maps to illustrate the various stages of Homer’s narration (each with selectable layers). When the project is finished, the user will be able to zoom out for a macroscopic view of Homer’s entire journey around the Greek world, or zoom in for a more detailed look at the routes and geography belonging to each one of the 29 contingents mentioned by the poet. Each map will feature a menu-bar, listing every place that Homer names. By selecting a place-name in the menu-bar or on the map itself, visitors may browse through textual analysis, photographs as well as scholarship about archeology and ancient routes. Where archaeological evidence does not reveal the track of ancient roads, we will propose probable routes using least-cost-path GIS analysis. But the Catalogue is more than a list of places; it is a poetic narrative. Every map, therefore, will also feature an interactive text of the <hi rend="italic">Iliad</hi>, which acts as a narrative timeline. As the user scrolls through the text of the <hi rend="italic">Iliad</hi> (Greek and English), the map will follow along, moving to that portion of the display appropriate to the narrative. Likewise, when the user selects a particular map-exhibit, the text will jump to the appropriate portion of the Catalogue.</p>
    <p><hi rend="italic">Mapping the Catalogue of Ships</hi> takes advantage of an increasing movement towards digital modeling and mapping in the Classics. <hi rend="italic">Digital Atlas of the Roman Empire</hi> (<ref type="url" target="http://francia.ahlfeldt.se/imperium.php">francia.ahlfeldt.se/imperium.php</ref>) and the <hi rend="italic">Digital Atlas of Roman and Medieval Civilizations</hi> (<ref type="url" target="http://darmc.harvard.edu/icb/icb.do">http://darmc.harvard.edu/icb/icb.do</ref>) are both useful resources and contain a certain amount of information about ancient routes. A closer parallel to <hi rend="italic">Mapping the Catalogue of Ships</hi>, however, is <hi rend="italic">ORBIS</hi> (<ref type="url" target="http://orbis.stanford.edu/#">http://orbis.stanford.edu/#</ref>), which uses maps not merely as a way to get a bird’s-eye-view, but to understand the cultural context of ancient geography. <hi rend="italic">ORBIS</hi> analyzes ancient travel networks, mapping least-cost-paths by land and sea while accounting for many different variables (e.g. wind patterns, travel by donkey-cart vs. by foot, civilian vs. military travel). Our project also uses least-cost-path analysis of travel networks, but seeks to understand how such networks may have shaped a literary work. In its attention to the use of space by oral poets, <hi rend="italic">Mapping the Catalogue of Ships</hi> has a clear predecessor in Professor Clay’s earlier project, <hi rend="italic">Homer's Trojan Theater</hi> (<ref type="url" target="http://www.homerstrojantheater.org/">http://www.homerstrojantheater.org/</ref>), which demonstrated that Homer’s disposition of the <hi rend="italic">Illiad's</hi> battlefield serves as a mnemonic device.</p>
</div>    
    
 <div>
<head>Unexpected Results</head>     
     
     <p>Although <hi rend="italic">Mapping the Catalogue of Ships</hi> is not yet complete, the process of plotting routes and building exhibits has already yielded interesting results. For example, we have found that the theory of Homer’s catalogue as a series of itineraries appears to be correct in some respects. The poet frequently finishes enumerating the cities of one region at the geographical point closest to the area to which he is about to proceed. In some cases, moreover, Homer appears to possess detailed geographic knowledge about the disposition of cities along routes or landscape features, as in the narration of the Mycenaean contingent. Here the narrative order reflects local routes, supporting the theory, proposed by Clay and others, that the Catalogue reflects an actual itinerary. In instances where Homer seems to possess detailed geographic knowledge, his syntax mirrors that familiarity: regional subdivisions also constitute syntactic subdivisions, with a single verb governing each of the places grouped around a particular geographic area or landscape feature.</p>
     <p>In the narration of certain regions, however, Homer seems to lack intimate knowledge, or else is unconcerned to construct his list in an order that could reflect a plausible travel-route. Such regions pose a difficulty to Clay’s theory of the Catalogue as an itinerary. The Boeotian contingent is a good example of an instance in which the poet is unconcerned with listing locations in an order that could be followed by a traveler. Instead, Homer here narrates in a rough circuit around the city of Thebes, the major power of the area. This new way of understanding the narration of the Boeotian contingent finds a striking parallel in Homer’s Catalogue of Trojans, which moves in a series of spokes around the city of Troy (Clay 2011).</p>
     <p>The process of constructing this tool has yielded unexpected results and deepened our understanding of Homer’s use itineraries. This paper will report on these and other unexpected findings as we continue to expand the tool.</p>
</div>   
    
<div>
<head>Credits</head> 
    
    <list type="simple"><item>Jenny Strauss Clay, William R. Kenan, Jr. Professor of Classics, University of Virginia</item>
        <item>Courtney Evans, Graduate Student, Department of Classics, University of Virginia</item>
        <item>Ben Jasnow, Graduate Student, Department of Classics, University of Virginia</item></list>
</div>   
    
<div>
<head>Scholars' Lab Collaborators</head>  
    
    <list><item>Bethany Nowviskie, Director, Digital Research &amp; Scholarship</item>
        <item>Wayne Graham, Head, Research &amp; Development</item>
        <item>Jeremy Boggs, Design Architect</item>
        <item>Chris Gist, GIS Specialist</item>
        <item>Kelly Johnson, GIS Specialist</item></list>
</div>    
    
   
    </div>
</body>
    
<back>
<div type="References">
<listBibl>
    
    <bibl><hi rend="bold">Clay, J. S.</hi> (2011). <hi rend="italic">Homer’s Trojan Theater: Space, Vision, and Memory in the Iliad.</hi> Cambridge: Cambridge University Press.</bibl>
    
    <bibl><hi rend="bold">Kirk, G. S.</hi> (1985). <hi rend="italic">The</hi> <hi rend="italic">Iliad: A Commentary,</hi> vol. I. Cambridge: Cambridge University Press.</bibl>
    
    <bibl><hi rend="bold">Lattimore, R.,</hi> (1951). <hi rend="italic">The Iliad of Homer</hi>. trans. by Lattimore.  Chicago: University of Chicago Press.</bibl>
    
    <bibl><hi rend="bold">Minchin, E.</hi> (2001). <hi rend="italic">Homer and the Resources of Memory.</hi> Oxford: Oxford University Press.</bibl>
    
</listBibl>
</div>

<div type="Notes">
<note xml:id="n01" n="1">As the composition of an oral poet, the Catalogue of Ships is the product not only of Homer, but also the entire oral tradition, consisting of highly formulaic language and content, altered on the occasion of every bard’s performance, stretching back hundreds of years prior to the written form of the poem as we have it. In examining the use of space and geography in Homer’s Catalogue, we are also examining the larger Homeric tradition.</note>
</div>


</back>
</text>
</TEI>
            
