<?xml version="1.0" encoding="UTF-8"?>

<?oxygen RNGSchema="http://jetson.unl.edu/cdrh/schemas/tei_all.rng" type="xml"?>
<TEI xmlns="http://www.tei-c.org/ns/1.0" xml:id="ab-355">
    
<teiHeader>
<fileDesc>
<titleStmt>
<title>TEI Boilerplate</title>
<author>
<name><surname>Walsh</surname>, <forename>John</forename></name>
<affiliation>Indiana University, United States of America</affiliation>
<email>jawalsh@indiana.edu</email>
</author>
<author>
<name><surname>Simpson</surname>, <forename>Grant Leyton</forename></name>
<affiliation>Indiana University, United States of America</affiliation>
<email>glsimpso@indiana.edu</email>
</author>
</titleStmt>
<publicationStmt>
<authority></authority>
<publisher>University of Nebraska-Lincoln</publisher>
<distributor>
<name>Center for Digital Research in the Humanities</name>
<address>
<addrLine>319 Love Library</addrLine>
<addrLine>University of Nebraska&#8211;Lincoln</addrLine>
<addrLine>Lincoln, NE 68588-4100</addrLine>
<addrLine>cdrh@unlnotes.unl.edu</addrLine>
</address>
</distributor>
<pubPlace>Lincoln, Nebraska</pubPlace> 
<address>
<addrLine>University of Nebraska-Lincoln</addrLine>
<addrLine>Lincoln, NE 68588-4100</addrLine>
</address>
<availability>
<p></p>
</availability>
</publicationStmt>
            
<notesStmt><note type="abstract">TEI Boilerplate (<ref type="url" target="http://teiboilerplate.org/">http://teiboilerplate.org/</ref>) is a lightweight, HTML5 compliant framework for publishing TEI documents. TEI Boilerplate (TEIBP) is designed to bridge the gap between the browser-friendly features of HTML and the semantic richness of native TEI documents. Our proposed poster will provide an overview of the TEI Boilerplate system and explore in more detail the theoretical motivations behind the project.</note></notesStmt>
            
<sourceDesc>
<p>No source: created in electronic format.</p>
</sourceDesc>
</fileDesc>
        
<profileDesc>
<textClass>
<keywords scheme="original" n="category">
<term>Poster</term>
</keywords>
<keywords scheme="original" n="subcategory">
<term></term>
</keywords>
<keywords scheme="original" n="keywords">
<term>TEI</term>
<term>CSS</term>
<term>HTML5</term>
<term>Javascript</term>
<term>design</term>
</keywords>
    
<keywords scheme="original" n="topic">
<term>encoding &#8212; theory and practice</term>
<term>publishing and delivery systems</term>
<term>scholarly editing</term>
<term>software design and development</term>  
<term>xml</term>
<term>bibliographic methods/textual studies</term>
<term>standards and interoperability</term>
                    
</keywords>
</textClass>
</profileDesc>
        
<revisionDesc>
<change>
<date when="2013-03-29"></date>
<name>Erin Pedigo</name>
<desc>Initial encoding</desc>
</change>
</revisionDesc>
</teiHeader>
    
<text type="paper">
<body>
<div>
    
<head><hi rend="bold">Introduction</hi></head>  
    
    <p>TEI Boilerplate (<ref type="url" target="http://teiboilerplate.org/">http://teiboilerplate.org/</ref>) is a lightweight, HTML5 compliant framework for publishing TEI documents. TEI Boilerplate (TEIBP) is designed to bridge the gap between the browser-friendly features of HTML and the semantic richness of native
TEI documents (Walsh, Simpson, &amp; Moaddeli, 2012).</p>
    <p>Although TEI provides mechanisms for describing the design, presentational, and material features of the source document, projects and
individual scholars that use TEI are responsible for developing their own methods, or implementing existing solutions, for converting the
TEI to a presentation-ready state for the web or print (Rahtz, 2006). Two potential paths to reach this goal are:
    
    <list type="ordered">
        <item>1. Transforming TEI to HTML using XSLT and styling the HTML output with CSS.</item>
        
        <item>2. Styling the TEI directly with CSS by referencing a CSS stylesheet from within the TEI document.</item></list></p>
    
    <p>Both approaches have advantages and disadvantages. Although HTML is the language of the web and is well supported by browsers,
HTML’s descriptive capabilities are less expressive than TEI’s. When TEI is transformed to HTML, much of the richness of the TEI is
lost in the resulting HTML. However, the browser understands HTML very well and knows, for example, when to initiate retrieval of a
document based on certain user events, such as clicking a link. The second option, CSS-styled TEI, delivers the TEI document directly]
to the browser. However, while the browser may apply CSS to format and style a TEI document, the browser does not understand the
semantics of TEI. For instance, the browser does not understand that TEI’s <code>&lt;ptr&gt;</code> and <code>&lt;ref&gt;</code> elements are linking elements.</p>
    <p>TEIBP bridges the gap between these two approaches by making use of the built-in XSLT (1.0) capabilities of browsers to embed the
TEI XML, with minimal modifications, within an HTML5 shell document. Features expected of web documents, such as clickable links
and display of linked images, are enabled through selective transformation of a very small number of TEI elements and attributes. Both
the HTML5 shell and the embedded TEI are styled using CSS.</p>
    <p>TEIBP gives HTML/CSS/JavaScript documents direct access to original TEI content, and it gives TEI documents direct access to the
substantial capabilities of HTML, CSS, and JavaScript &#8212; the dominant document format, styling language, and (client-side)
programming language of the web. TEIBP aims for simplicity and elegance, but it also facilitates complexity and innovation by exposing
TEI content directly to the capabilities of JavaScript, the many powerful JavaScript frameworks, and CSS.</p>
</div>
<div>
<head><hi rend="bold">Theoretical Motivations</hi></head>
    
    <p>The power of TEI lies in the richness of its vocabulary. But much of that richness and expressiveness is lost in the translation to HTML.
TEIBP largely preserves the integrity of the TEI document. Because the TEI document is delivered directly to the browser, that source
TEI document &#8212; unchanged by any XSLT transformation &#8212; can be easily accessed and saved.</p>
    <p>Scholars labor over the intricate encoding of TEI documents, encoding that may represent sophisticated readings and analysis. But with
the typical XSLT publishing solution, much or all of the richness of the TEI content is lost. Furthermore, the presentation of the
document is targeted at the HTML surrogate rather than the encoded TEI document. This results in a conceptual disconnect between
the design of the document and the original TEI encoding. By exposing the TEI itself to the browser, one may format the TEI directly,
applying intentional design to a sophisticated document model.</p>
    <p>TEIBP respects the integrity of the TEI document, and keeps the TEI document central throughout the publication process. TEIBP
takes advantage of the separation of form and content inherent in XML, XSLT, CSS frameworks. However, like Liu (2004), Galey
(2010), and others, the authors of TEIBP view that separation with suspicion. TEIBP attempts to weaken that separation of form and
content in the typical TEI-to-web design and delivery model by largely removing the HTML layer, exposing the TEI-encoded text
directly to the browser, and providing scholars with more immediate access to the readings, models, and analysis embedded in the TEIencoded
document.</p>
<p>Our proposed poster will provide an overview of the TEIBP system and explore in more detail the theoretical motivations behind the
project.</p>
</div> 


</body>    
<back>
<div type="References">
<listBibl>
    
    <bibl><hi rend="bold">Galey, A.</hi> (2010). The human presence in digital artifacts. In W. McCarty (ed), <hi rend="italic">Text and genre in reconstruction: effects of digitization on ideas, behaviours, products, and institutions</hi> 93–117. Oxford: Open Book.</bibl>
    
<bibl><hi rend="bold">Liu, A.</hi> (2004). Transcendental data: Towards a cultural history and aesthetics of the new encoded discourse. <hi rend="italic">Critical Inquiry,</hi> 31: 49–84.</bibl>
    
    <bibl><hi rend="bold">Omeka</hi> (2012). Omeka: Serious web publishing.<ref type="url" target="http://omeka.org/about/">http://omeka.org/about/</ref>.</bibl>
    
    <bibl><hi rend="bold">Rahtz, S.</hi> (2006). Storage, retrieval, and rendering. In Burnard, L., K. O’Brien O’Keeffe, and J. Unsworth (eds.), <hi rend="italic">Electronic textual
editing</hi> 310–333. New York, NY: Modern Language Association of America.</bibl>
    
    <bibl><hi rend="bold">Walsh, J., G. Simpson, and S. Moaddeli</hi> (2012). TEI Boilerplate. <ref type="url" target="http://teiboilerplate.org">http://teiboilerplate.org</ref>.</bibl> 
</listBibl>
</div>
</back>
</text>
</TEI>