<?xml version="1.0" encoding="utf-8"?>
<?oxygen RNGSchema="http://jetson.unl.edu/cdrh/schemas/tei_all.rng" type="xml"?>
<TEI xmlns="http://www.tei-c.org/ns/1.0" xml:id="ab-426">

<teiHeader>
<fileDesc>
<titleStmt>
<title>XQuery databases for language resources in the IAIA and UyLVs Projects</title>
<author>
<name><surname>Sperberg-McQueen</surname>, <forename>Michael</forename></name>
<affiliation>Black Mesa Technologies LLC, United States of America</affiliation>
<email>cmsmcq@acm.org</email>
</author>
<author>
<name><surname>Dwyer</surname>, <forename>Arienne M.</forename></name>
<affiliation>Institute for Digital Research in the Humanities, University of Kansas</affiliation>
<email>anthlinguist@ku.edu </email>
</author>
</titleStmt>
<publicationStmt>
<authority></authority>
<publisher>University of Nebraska-Lincoln</publisher>
<distributor>
<name>Center for Digital Research in the Humanities</name>
<address>
<addrLine>319 Love Library</addrLine>
<addrLine>University of Nebraska&#8211;Lincoln</addrLine>
<addrLine>Lincoln, NE 68588-4100</addrLine>
<addrLine>cdrh@unl.edu</addrLine>
</address>
</distributor>
<pubPlace>Lincoln, Nebraska</pubPlace> 
<address>
<addrLine>University of Nebraska-Lincoln</addrLine>
<addrLine>Lincoln, NE 68588-4100</addrLine>
</address>
<availability>
<p></p>
</availability>
</publicationStmt>

<notesStmt><note type="abstract">This paper describes two problems that arise in making suitable XQuery-based search interfaces available for these materials, and outlines our work to date on solving them: (1) how to provide not only simple search interfaces for casual searchers but more powerful open-ended interfaces for specialist searches, and (2) how to use XQuery to full advantage in searches that involve patterns across sequences of sibling nodes (and not just the hierarchical relations which XML systems find easy to handle).</note></notesStmt>

<sourceDesc>
<p>No source: created in electronic format.</p>
<p>
<date when="20130719"></date>
<time when="10:30:00"></time>
</p>
<p n="session">LP23</p>
</sourceDesc>
</fileDesc>

<profileDesc>
<textClass>
<keywords scheme="original" n="category">
<term>Paper</term>
</keywords>
<keywords scheme="original" n="subcategory">
<term>Long Paper</term>
</keywords>
<keywords scheme="original" n="keywords">
<term>XQuery</term>
<term>endangered languages</term>
<term>corpus annotation</term>
<term>search</term>
</keywords>
<keywords scheme="original" n="topic">
<term>corpora and corpus activities</term>
<term>xml</term>
<term>linguistics</term>
</keywords>
</textClass>
</profileDesc>

<revisionDesc>
<change>
<date when="2013-05-01"></date>
<name>Laura Weakly</name>
<desc>Initial encoding</desc>
</change>
</revisionDesc>
</teiHeader>

<text type="paper">
<body>
<div>

<div>
<p>This paper reports on work done in the Interactive Inner Asia (IAIA) and Uyghur Light Verbs (UyLVs) projects<ref type="note" target="n01">1</ref> on two problems arising in the construction of XML query interfaces for linguistically annotated corpora in Central Asian languages: (1) providing both simple search interfaces for casual users and open-ended interfaces for specialists, without security vulnerabilities; and (2) using XQuery for search patterns involving precedence relations (on sequences of siblings) and not only dominance (containment) relations.</p>

<p>XML query interfaces are not the focus of either project, just means to an end. The immediate purpose of both projects is the study of language contact, language areas, and the development of particular linguistic structures; a broader aim is the creation of annotated corpora useful both for comparative and historical linguistic research and for ethnological, folkloric, literary, historical and other study.</p>
</div>

<div>
<head>1 Current corpus format and user interfaces</head>
<p>Although the goals of the two projects differ, the IAIA and UyLVs projects share a common corpus format. Transcriptions of audiovisual recordings and transliterations of manuscripts are presented in multiple tiers: one tier holds the text in a practical orthography, one in the International Phonetic Alphabet (IPA); other tiers contain a morphological segmentation, part-of-speech labels, an interlinear gloss, free translations in English, Russian, German, Chinese, and/or Tibetan, and comments (not all tiers are present for all utterances).</p>
 
<p>In the current version of our XML corpus format (Sperberg-McQueen 2012), a sample Uyghur sentence takes the following form:</p>

<figure>
<graphic url="ab-426.001"/>
</figure>

<p>Future versions will replace the implicit alignment of the SEG, POS, and ILG tiers with an explicit alignment to simplify validation and searching (Dwyer / Sperberg-McQueen 2013).</p></div>

<div>
<head>2 Sample queries</head>

<p>Simple searches (e.g. for light verbs, coded “LV” in the pos tier) are useful for the project. But linguistically motivated queries easily become complex. Like those of many corpora, our POS tier does not encode grammatical relations (including Subject), so to study the co-occurrence of light and main verbs with the subjects of their sentences, we search for types of noun (tagged N, PN, etc.) in certain positions and with certain predicted inflections, in order to identify subjects. In Uyghur, a subject or agent is likely to be the leftmost uninflected noun (e.g. Bu in the sentence “Bu [Alimdin kelgen xet] PN [Npr-ABL Vi-PST.REL N] 'This is the letter from Alim',”) even when the subject is a relative clause (e.g. xet, in: “[Alimdin kelgen xet] uzun iken. [Npr-ABL V-PST.REL N] AJ COP.indir '[The letter from Alim] seems to be long.')”.</p>

<p>To exclude adjuncts (like after lunch in “After lunch, Mahire took a nap”), which are potentially the leftmost N, we search for the leftmost N (excluding the string "NUM"), and excluding N-*, N(*) POST and then sort the results by the surface form of the matrix verb or light verb.</p>

<p>A third query searches for patterns across different languages in the IAIA project. Both SE Monguor and Baonan have calqued a postposed indefinite article nege~nige ‘one’ from Tibetan zeg ‘one’. We've seen instances of postposed yi-ge (yi ‘one’ (Chinese) + ge ‘classifier’ (Chinese) in the same postnominal position, at least in mjg-se. We might hypothesize that that yige is the Mandarin calque equivalent of the Mongolic nege calque, and that both originate in Tibetan zeg. The presence of yige is thus a good indicator of a strong Mandarin influence on the language. To test the hypothesis, we will want to search the segmentation layer for the morphemes yi and -ge in adjacent positions, or alternatively for adjacent pairs of the POS tags NU-CL.</p>
</div>

<div>
<head>3 Supporting open-ended queries</head>

<p>The queries above illustrate a common pattern. The first is trivial to express in XPath or XQuery:</p>

<figure><graphic url="ab-426.002"/></figure>

<p>or alternatively</p>

<figure><graphic url="ab-426.003"/></figure>

<p>Similar queries will be necessary for other POS tags; the query “Find all sentences containing a morpheme tagged X” (for any POS-tag X) will be useful both to the project team and to casual outside users of the collection.</p>

<p>Not all users will know enough XPath to formulate such queries on the fly, however, so it would be helpful to provide query interfaces for this and similar queries which do not require the use of a query language. The usual solution to this common problem is to make some pre-defined searches available in some fill-in-the-blank or point-and-click interface where users can select a pre-defined query and select its parameters from a list. In our full paper, we will show the search forms in use in the IAIA and UyLVs projects for this kind of canned search.</p>

<p>For intensive use of the collection, however, such fixed-parameter searches will not suffice. As the other queries above illustrate, intensive use of any collection will require new ad-hoc searches, not predefined ones, and arbitrary Boolean combinations of basic searches. How can projects support such open-ended queries?</p>

<p>One easy solution is to allow users to formulate queries in the underlying query language (for these projects, XQuery; in the case of relational data, SQL). Feeding raw user data to a live XQuery interpreter, however, represents a sizable security hole and cannot be advised.<ref type="note" target="n02">2</ref> We discuss other ways to provide open-ended searches:</p>

<list type="unordered">
<item>Define an acceptable ('safe') subset of XQuery. If the user input is in that subset, hand it to the XQuery engine for evaluation; otherwise, hand it back to the user for correction (or conclude that the user is an attacker and shut down).</item>
<item>The safe subset can be checked by:
<list type="unordered">
<item>a full context-free parser for the subset, or</item>
<item>regular expressions which capture 'regular approximations' of the subset; we will generate these automatically from the subset definition and execute them with standard regular-expression evaluators.</item></list>
</item>
<item>Define a new open-ended query language for advanced users, using an ad-hoc character-based syntax, then write (a) a parser for the language, and (b) a translator into XQuery, for communication with the underlying XQuery engine.</item>
<item>Implement some existing query language (or a subset); candidates include Annis 2 (Zeldes 2012); Arras (Smith 1985); CSS Selectors (); the DynaText query language (EBT 1996), (Silicon Graphics 1995); the ‘extended pointer notation’ of TEI P3 and P4 (ACH/ACL/ALLC 1994), (ACH/ACL/ALLC 2001-2004); the query language of Sara / Xaira (Burnard, n.d.); and subsets of XPath 1.0 or 2.0 (W3C 1999), (W3C 2010).</item>
<item>Define a query language using an XML syntax, with a user interface defined in XForms to allow the user to formulate complex queries (roughly analogous to the 'query builder' interfaces familiar from search tools like Xaira [Burnard, n.d.] and EXMARaLDA [Schmidt 2010]).</item></list>

</div>

<div>
<head>4 Searching on siblings in XQuery</head>

<p>A second class of challenge is illustrated by the third query described above. In building our corpora we have, like many others before us, focused our attention initially on segment-by-segment annotation of the data. We have not built parse trees for our sentences; we are building corpora, not tree banks. Automatic parse-tree generators are widely available for ‘major’ languages, but for the non-standardized, unwritten, and ‘non-major’ languages at the center of our work, such tools will become possible only as a result of projects like ours. In the absence of XML representations of full parse trees, subjects, agents, etc., our users will need to search for grammatical relations by using surrogates. As illustrated above, a search for a subject will need to be reformulated as a search for a particular pattern in the sequence of anotated morphemes in a sentence.</p>

<p>Sequence searching is a particular challenge for linguistic resources. XQuery engines are typically very good at building indexes for Boolean combinations of context-sensitive searches (find X within Y where Z and (W or V) ...), but sequence searches are much trickier to support. By a 'sequence search' we mean (for example) a search for morphemes M1, M2, M3 in that order, with M1 matching this pattern, M2 matching that pattern, and M3 the other pattern, and M1 adjacent to M2 and M3 anywhere later in the same utterance. Some of our work will focus on whether we can construct indexes manually to help make such queries faster or more convenient. Sequence searches are likely to be of interest for corpus linguists in any area, as well as for people interested in tight control of full-text phrase searches.</p>

<p>In the full paper, we survey some existing work in this area (e.g. in the Prague Markup Language [Pajas 2010] and in corpus search tools like EXAKT [Schmidt 2010] or Sara and Xaira [Burnard, n.d.]), and describe our work on supporting sequence pattern searches in XQuery.  In so doing, we also illustrate the balance between the inclusion of syntactic annotation and ease of querying.</p>
</div>


</div>

</body>

<back>
<div type="References">
<listBibl>

<bibl><hi rend="bold">Association for Computers and the Humanities, Association for Computational Linguistics, and Association for Literary and Linguistic Computing.</hi> (1994). Extended Pointers, section 14.2 of <hi rend="italic">Guidelines for Electronic Text Encoding and Interchange (TEI P3)</hi>. Sperberg-McQueen, C. M. and Burnard, L. (eds), Chicago: Oxford: Text Encoding Initiative. <ref type="url" target="http://quod.lib.umich.edu/cgi/t/tei/tei-idx?type=pointer&amp;value=SAXR">http://quod.lib.umich.edu/cgi/t/tei/tei-idx?type=pointer&amp;value=SAXR</ref></bibl>

<bibl><hi rend="bold">Association for Computers and the Humanities, Association for Computational Linguistics, and Association for Literary and Linguistic Computing.</hi> (2001-2004). Extended Pointers’, section 14.2 of <hi rend="italic">Guidelines for Electronic Text Encoding and Interchange (TEI P4)</hi>, Sperberg-McQueen, C. M. and Burnard, L. (eds.) XML conversion  by Bauman, S., L. Burnard, S. DeRose, and S. Rahtz: Text Encoding Initiative.  <ref type="url" target="http://www.tei-c.org/Vault/P4/doc/html/SA.html#SAXR">http://www.tei-c.org/Vault/P4/doc/html/SA.html#SAXR</ref>.</bibl>

<bibl><hi rend="bold">Burnard, L.</hi> <hi>All about Xaira</hi>. Oxford: OUCS, n.d. <ref type="url" target="http://projects.oucs.ox.ac.uk/xaira/">http://projects.oucs.ox.ac.uk/xaira/</ref></bibl>

<bibl><hi rend="bold">Dwyer, A. M., and C. M. Sperberg-McQueen</hi> (2013). <hi>The Uyghur Light Verbs and Interactive Inner Asia Corpora</hi>. Lawrence, KS: Interactive Inner Asia Project: Uyghur Light Verbs Project.  <ref type="url" target="http://uyghur.ittc.ku.edu/2013/tsd/UyLVs-IAIA-corpora.xml">http://uyghur.ittc.ku.edu/2013/tsd/UyLVs-IAIA-corpora.xml</ref>.</bibl>

<bibl><hi rend="bold">EBT (Electronic Book Technologies).</hi> (1996). ‘Searching’ In <hi rend="italic">DynaText Publishing: Document Preparation</hi>. Providence: EBT.</bibl>

<bibl><hi rend="bold">Pajas, P.</hi> (2006-2010). <hi>The Prague Markup Language (Version 1.1)</hi>.  Prague: Institute of Formal and Applied Linguistics, Faculty of Mathematics and Physics, Charles University. <ref type="url" target="http://ufal.mff.cuni.cz/jazz/PML/doc/">http://ufal.mff.cuni.cz/jazz/PML/doc/</ref>.</bibl>

<bibl><hi rend="bold">Schmidt, T.</hi> (2010). <hi>EXMARaLDA EXAKT Manual Version 1.0</hi>. Hamburg. <ref type="url" target="http://www1.uni-hamburg.de/exmaralda/files/EXAKT_Manual.pdf">http://www1.uni-hamburg.de/exmaralda/files/EXAKT_Manual.pdf</ref></bibl>

<bibl><hi rend="bold">Silicon Graphics, Inc.</hi> (1995). <hi>IRIS InSight DynaWeb User's Guide</hi>. Silicon Graphics. <ref type="url" target="http://techpubs.sgi.com/library/dynaweb_docs/0620/SGI_EndUser/books/IIDWeb_UG/sgi_html/index.html">http://techpubs.sgi.com/library/dynaweb_docs/0620/SGI_EndUser/books/IIDWeb_UG/sgi_html/index.html</ref></bibl>

<bibl><hi rend="bold">Smith, J. B.</hi> (1985). Arras User's Manual. <hi rend="italic">TR</hi> 85-036. Chapel Hill: University of North Carolina Department of Computer Science. <ref type="url" target="http://www.cs.unc.edu/techreports/85-036.pdf">http://www.cs.unc.edu/techreports/85-036.pdf</ref></bibl>

<bibl><hi rend="bold">Sperberg-McQueen, C. M.</hi> (2012). <hi>PixCor 1.1 Tag-set documentation for Project-internal corpus vocabulary</hi> <hi>The Uyghur Light Verbs and Interactive Inner Asia Corpora</hi>. Lawrence, KS: Interactive Inner Asia Project: Uyghur Light Verbs Project. <ref type="url" target="http://uyghur.ittc.ku.edu/2012/tsd/pixcor.v1.1.tsd.xml">http://uyghur.ittc.ku.edu/2012/tsd/pixcor.v1.1.tsd.xml</ref></bibl>

<bibl><hi rend="bold">van der Vlist, E.</hi> (2011) XQuery injection: Easy to exploit, easy to prevent in <hi rend="italic">Proceedings of Balisage: The Markup Conference 2011</hi>, 'The Markup Conference' held 2011 at Prague and Montreal.  In Balisage Series on Markup Technologies, vol. 7 (2011). doi:10.4242/BalisageVol7.Vlist02.  <ref type="url" target="http://www.balisage.net/Proceedings/vol7/html/Vlist02/BalisageVol7-Vlist02.html">http://www.balisage.net/Proceedings/vol7/html/Vlist02/BalisageVol7-Vlist02.html</ref>; slides from a presentation of an earlier version of the material XML Prague 2011 at <ref type="url" target="http://archive.xmlprague.cz/2011/presentations/eric-vdv-xquery-injection/xquery-injection.xhtml">http://archive.xmlprague.cz/2011/presentations/eric-vdv-xquery-injection/xquery-injection.xhtml</ref></bibl>

<bibl><hi rend="bold">World Wide Web Consortium (W3C).</hi> (1999). XML Path Language (XPath) Version 1.0. In Clark, J. and DeRose, S. (eds), <hi rend="italic">W3C Recommendation</hi> <hi>16</hi> World Wide Web Consortium. <ref type="url" target="http://www.w3.org/TR/xpath">http://www.w3.org/TR/xpath</ref>.</bibl>

<bibl><hi rend="bold">World Wide Web Consortium (W3C).</hi> (2010). XML Path Language (XPath) 2.0 2nd edn. In Berglund, A. (ed),  <hi rend="italic">W3C Recommendation.</hi> World Wide Web Consortium. <ref type="url" target="http://www.w3.org/TR/xpath20">http://www.w3.org/TR/xpath20</ref>.</bibl>

<bibl><hi rend="bold">World Wide Web Consortium (W3C).</hi> Selectors Level 3, In ed. Çelik, T. et al. <hi rend="italic">W3C Recommendation.</hi>  World Wide Web Consortium. <ref type="url" target="http://www.w3.org/TR/css3-selectors/">http://www.w3.org/TR/css3-selectors/</ref>, (accessed 29 September 2011).</bibl>

<bibl><hi rend="bold">Zeldes, A.</hi> ANNIS: User Guide - Version 2.2.1. Potsdam: SFB 632 Information Structure / D1 Linguistic Database. Potsdam: Humboldt Universität zu Berlin und Universität Potsdam<ref type="url" target="https://launchpadlibrarian.net/102488706/ANNIS_User_Guide_2.2.1.pdf">https://launchpadlibrarian.net/102488706/ANNIS_User_Guide_2.2.1.pdf</ref> (accessed 18 April 2012).</bibl>

</listBibl>
</div>

<div type="Notes">
<note xml:id="n01" n="1">The IAIA and UyLVs projects are supported by the U.S. National Science Foundation (NSF-BCS 1065524, 1053152). Much of the data for IAIA stems from earlier work sponsored by a Fulbright-Hays and a Volkswagen Foundation DOBES grant.</note>
<note xml:id="n02" n="2">The problem is that SQL injection is widely known as an attack vector for machines on the open net; XQuery injection is also possible and has been documented (van der Vlist 2011).</note>
</div>

</back>
</text>
</TEI>

