<?xml version="1.0" encoding="utf-8"?>
<?oxygen RNGSchema="http://jetson.unl.edu/cdrh/schemas/tei_all.rng" type="xml"?>
<TEI xmlns="http://www.tei-c.org/ns/1.0" xml:id="ab-450">

<teiHeader>
<fileDesc>
<titleStmt>
<title>Debates in the Digital Humanities: Scholarly Publishing Across Print/Digital Streams</title>
<author>
<name><surname>Gold</surname>, <forename>Matthew K.</forename></name>
<affiliation>CUNY Graduate Center, United States of America</affiliation>
<email>mgold@gc.cuny.edu</email>
</author>
<author>
  <name><surname>Armato</surname>, <forename>Douglas</forename></name>
  <affiliation>University of Minnesota Press</affiliation>
  <email>armat001@umn.edu </email>
</author>
<author>
  <name><surname>Davis</surname>, <forename>Zach</forename></name>
  <affiliation>Cast Iron Coding</affiliation>
  <email>zach@castironcoding.com</email>
</author>
<author>
  <name><surname>Slaats</surname>, <forename>Matthew</forename></name>
  <affiliation>CUNY Graduate Center, United States of America</affiliation>
  <email>mslaats@gc.cuny.edu</email>
</author>
<author>
  <name><surname>Abrams</surname>, <forename>Mark</forename></name>
  <affiliation>CUNY Graduate Center, United States of America</affiliation>
  <email>lookmark@earthlink.net</email>
</author>
</titleStmt>
<publicationStmt>
<authority></authority>
<publisher>University of Nebraska-Lincoln</publisher>
<distributor>
<name>Center for Digital Research in the Humanities</name>
<address>
<addrLine>319 Love Library</addrLine>
<addrLine>University of Nebraska&#8211;Lincoln</addrLine>
<addrLine>Lincoln, NE 68588-4100</addrLine>
<addrLine>cdrh@unl.edu</addrLine>
</address>
</distributor>
<pubPlace>Lincoln, Nebraska</pubPlace> 
<address>
<addrLine>University of Nebraska-Lincoln</addrLine>
<addrLine>Lincoln, NE 68588-4100</addrLine>
</address>
<availability>
<p></p>
</availability>
</publicationStmt>

<notesStmt><note type="abstract">Debates in the Digital Humanities, an edited collection of essays, straddles the line between print and digital publication. The printed text incorporated web-based materials such as blogs, tweets, and wikis. January 2013 will see such work returned to digital form in an expanded, open-access edition published on an innovative platform that includes social reading features. New pieces published online will be incorporated into future printed editions of the book and smaller packaged releases organized around specific topics/themes. This poster will highlight the interplay of print and digital publication streams, focusing on the state of scholarly publishing in DH.</note></notesStmt>

<sourceDesc>
<p>No source: created in electronic format.</p>
</sourceDesc>
</fileDesc>

<profileDesc>
<textClass>
<keywords scheme="original" n="category">
<term>Poster</term>
</keywords>
<keywords scheme="original" n="subcategory">
<term></term>
</keywords>
<keywords scheme="original" n="keywords">
<term>scholarly communication</term>
<term>publishing</term>
<term>open access</term>
<term>social media</term>
<term>peer review</term>
</keywords>
<keywords scheme="original" n="topic">
<term>digital humanities - nature and significance</term>
<term>publishing and delivery systems</term>
<term>history of Humanities Computing/Digital Humanities</term>
</keywords>
</textClass>
</profileDesc>

<revisionDesc>
<change>
<date when="2013-05-24"></date>
<name>Laura Weakly</name>
<desc>Initial encoding</desc>
</change>
</revisionDesc>
</teiHeader>

<text type="paper">
<body>
<div>


<p><hi rend="italic">Debates in the Digital Humanities</hi>, an edited collection featuring contributions from over forty DH scholars and practitioners, straddles the line between print and digital publication. The first edition of the printed text, which was published by the University of Minnesota Press in January 2012, was composed predominately of essays but also incorporated a variety of web-based materials such as blog posts, tweets, and wiki pages. The printed book was, from the earliest stages of the publication process, intertwined with digital platforms: following the model of peer-to-peer review described by Kathleen Fitzpatrick in <hi rend="italic">Planned Obsolescence</hi>, all essays in the book were part of a semi-public, web-based review process that mixed new forms of peer-to-peer review with more traditional models of publisher-based blind peer review. </p>

<p>In an attempt to move the university-press based print publication process along at a rapid pace, the book went from initial conception and solicitation of essays to printed publication in the space of a single calendar year, a timeline that involved substantial efforts from contributors and from the Press. The book was conceived of less as an attempt to create a monumental, standard reference guide for the field than as a snapshot of current conversations within it a key moment of growth, with the primary purpose of introducing DH to scholars unfamiliar with its projects, practitioners, and debates.</p>

<p>Debates within the field have not stopped with the publication of the book, of course, so the challenge now facing the editorial team is to create an open access (OA) edition of the text that goes beyond the basic task of making the contents of the print edition available in digital form. In January 2013, an expanded, OA edition of the text will be published on a new platform created by a team of technologists associated with the GC Digital Scholarship Lab at the CUNY Graduate Center, in partnership with the University of Minnesota Press. This platform is being created from a fork of the Prism tool for collective interpretation that was released by the University of Virginia’s Scholar’s Lab in 2012 (Lestock) as part of its innovative Praxis Fellows Program (Nowviskie). The publication platform will feature enhanced social reading experiences that will include shared/social highlighting of the text, a dynamic index of the book built from reader interactions, and a fine-grained commenting system that will allow readers to associate comments with specific words and phrases within the text. Technical challenges for the platform include the creation of a system that will allow reader markup and commenting to be associated with a text even as the text itself is updated over time. Like Prism itself, all code associated with the new publication platform will be shared freely on Github, thus enabling others working on similar projects to use and reshape the codebase. In this respect, the online edition of <hi rend="italic">Debates in the Digital Humanities</hi> is itself a DH project.</p>

<p>Beyond the technical infrastructure of the platform, this poster will examine the ways in which the <hi rend="italic">Debates in the Digital Humanities</hi> project is moving from a printed book to an open-access digital stream that will be harvested at various points for new print and digital publications. These will include new printed editions of <hi rend="italic">Debates in the Digital Humanities</hi>, targeted publications on specific DH topics and themes, and a series of DH annuals that attempt to capture important moments of debate on a yearly basis. And as the expanded edition of the text takes new forms, the publication process will be opened up and will become more inclusive, with open calls for submissions and fully public rounds of peer review.  The project is thus attempting to stake out ground as a publication space that lies somewhere between a printed book, a book series, an academic journal, and a blog, one that is actively engaged in exploring both print and digital instantiations of a text as <hi rend="italic">events</hi> that take place along a larger continuum of reading and writing around a set of shared issues. The project provides an important example of experimentation by a university press, in partnership with another academic institution, at a moment when the future of such presses is consistently being called into question. </p>

<p>This poster will present the project in its many forms and will attempt to delineate the ways in which the project itself instantiates the values of DH (defined by Lisa Spiro in <hi rend="italic">Debates in the Digital Humanities</hi> as the values of openness, collaboration, and connectedness, diversity, and experimentation). </p>


                
</div>

</body>

<back>
<div type="References">
<listBibl>
<bibl><hi rend="bold">Fitzpatrick, K.</hi> (2011). Planned Obsolescence: Publishing, Technology, and the Future of the Academy. New York: New York University Press.</bibl>

<bibl><hi rend="bold">Lestock, B.</hi> (2012). Announcing Prism! Scholar’s Lab, University of Virginia Library. 1 May 2012. Web. <ref type="url" target="http://www.scholarslab.org/announcements/announcing-prism/">http://www.scholarslab.org/announcements/announcing-prism/</ref></bibl>

<bibl><hi rend="bold">Nowviskie, B.</hi> (2011). Announcing the Praxis Program. Scholar’s Lab, University of Virginia Library. 24 August 2011. Web. <ref type="url" target="http://www.scholarslab.org/praxis-program/announcing-the-praxis-program/">http://www.scholarslab.org/praxis-program/announcing-the-praxis-program/</ref></bibl>

<bibl><hi rend="bold">Spiro, L.</hi> (2012). 'This Is Why We Fight': Defining the Values of the Digital Humanities. In Gold, M. K. (ed.) <hi rend="italic">Debates in the Digital Humanities</hi>. Minneapolis: University of Minnesota Press.</bibl>


</listBibl>
</div>
</back>
</text>
</TEI>

