<?xml version="1.0" encoding="UTF-8"?>

<?oxygen RNGSchema="http://jetson.unl.edu/cdrh/schemas/tei_all.rng" type="xml"?>
<TEI xmlns="http://www.tei-c.org/ns/1.0" xml:id="ab-460">
    
<teiHeader>
<fileDesc>
<titleStmt>
<title>KORA: A Digital Repository and Publishing Platform</title>
<author>
<name><surname>Tegtmeyer</surname>, <forename>Rebecca</forename></name>
<affiliation>Michigan State University, United States of America</affiliation>
<email>REBECCA@RLTDESIGN.NET</email>
</author>
<author>
<name><surname>Rehberger</surname>, <forename>Dean</forename></name>
<affiliation>Michigan State University, United States of America</affiliation>
<email>rehberge@msu.edu</email>
</author>
</titleStmt>
<publicationStmt>
<authority></authority>
<publisher>University of Nebraska-Lincoln</publisher>
<distributor>
<name>Center for Digital Research in the Humanities</name>
<address>
<addrLine>319 Love Library</addrLine>
<addrLine>University of Nebraska&#8211;Lincoln</addrLine>
<addrLine>Lincoln, NE 68588-4100</addrLine>
<addrLine>cdrh@unlnotes.unl.edu</addrLine>
</address>
</distributor>
<pubPlace>Lincoln, Nebraska</pubPlace> 
<address>
<addrLine>University of Nebraska-Lincoln</addrLine>
<addrLine>Lincoln, NE 68588-4100</addrLine>
</address>
<availability>
<p></p>
</availability>
</publicationStmt>
            
<notesStmt><note type="abstract">MATRIX has developed an open source application that cultural and educational institutions can use to preserve digital materials and display them online. The application, KORA (<ref type="url" target="http://kora.matrix.msu.edu">http://kora.matrix.msu.edu</ref>), is particularly well-suited for working with digital objects of all media types and for easily creating displays of these objects in multiple ways that enhance their educational and research value. KORA 3.0 will be released this spring with many major changes.</note></notesStmt>
            
<sourceDesc>
<p>No source: created in electronic format.</p>
</sourceDesc>
</fileDesc>
        
<profileDesc>
<textClass>
<keywords scheme="original" n="category">
<term>Poster</term>
</keywords>
<keywords scheme="original" n="subcategory">
<term></term>
</keywords>
<keywords scheme="original" n="keywords">
<term>content management system</term>
<term>application</term>
<term>database</term>
<term>open source</term>
                  
</keywords>
                
<keywords scheme="original" n="topic">
<term>databases &amp; dbms</term>
<term>audio</term>
<term>video</term>
<term>multimedia</term>
<term>metadata</term>
<term>information architecture</term>
                    
</keywords>
</textClass>
</profileDesc>
        
<revisionDesc>
<change>
<date when="2013-03-29"></date>
<name>Erin Pedigo</name>
<desc>Initial encoding</desc>
</change>
</revisionDesc>
</teiHeader>
    
<text type="paper">
<body>
<div>
    
    <p>MATRIX has developed an open source application that cultural and educational
institutions can use to preserve digital materials and display them online. The
application, KORA (<ref type="url" target="http://www.arlima.net">http://kora.matrix.msu.edu</ref>), 
is particularly well-suited for working with digital objects of all media types and for easily creating displays of
these objects in multiple ways that enhance their educational and research value.
MATRIX, a humanities computing research center at Michigan State University,
has built and enhanced this application in the course of seven years of research
with support from the National Science Foundation.</p>
    <p>Designed for long-term preservation and access, KORA includes unique features
that meet two important needs of institutions that have limited technological
resources: (1) simple design of the digital repository and the ingesting of data,
and (2) the ability to display digital materials online in diverse ways, such as
image galleries, multimedia educational activities, or story chapters.</p>
    <p>The KORA architecture is unique in that it can accommodate any set of metadata
schemes (or tables) in individualized digital libraries. Users can easily create
metadata elements (database fields) using a simple point-and-click interface,
select the type of form control for each element (e.g., required formats for date,
URL, file upload, etc.), and then determine whether the element is required for
each record, whether it should appear in search returns, and other features.
KORA then automatically generates storage structures, ingestion (data entry)
forms, and validation requirements for each metadata scheme.</p>
    <p>Because the back-end of projects can be created in minutes by people without
technical training, the overhead for getting projects started is reduced
immeasurably compared to beginning with a blank SQL or other database. And
because KORA is an online application, multiple users can develop a collection
from separate locations at the same time. Also, KORA can ingest materials from
any standardized repository and can output XML that can be harvested by these
repositories.</p>
    <p>KORA also includes an easy-to-use "associator" tool for creating relationships
that combine objects of various media types. As demonstrated by diverse
websites built with KORA, many creative displays are possible using this open
source application.</p>
    <p>In keeping with the need to ensure authenticity and integrity of files ingested into
KORA, as described in the International Research on Permanent Authentic
Records in Electronic Systems (InterPARES) guidelines, automatic fixity
checking has been built into KORA to verify that data has been kept free of
tampering and corruption. Long-term access to digital material can be assured by
storing this preservation information in the digital repository, as described by the
ISO Reference Model for an Open Archival Information System (OAIS) model
and Preservation Metadata: Implementation Strategies (PREMIS).</p>
</div>

<div>
<head><hi>New Release: KORA 3.0</hi></head>    
    
    <p>KORA 3.0 will be released this fall with a host of new features, including many
        major changes:
        
        <list type="unordered">
            <item>all new user experience design;</item>
            
            <item>independence from MYSQL so it can be used with other database
                management systems;</item>
            
            <item>enhanced Multilanguage capabilities;</item>
            
            <item>rebuilt on Symphony, KORA will have enhanced plugin capabilities;</item>
            
            <item>and many more features.</item></list></p>
    
</div>
</body>
</text>
</TEI>    
