<?xml version="1.0" encoding="utf-8"?>
<?oxygen RNGSchema="http://jetson.unl.edu/cdrh/schemas/tei_all.rng" type="xml"?>
<TEI xmlns="http://www.tei-c.org/ns/1.0" xml:id="ab-438">

<teiHeader>
<fileDesc>
<titleStmt>
<title>Mapping Multispecies Temporalities: Experiments in Diagrammatic Representation</title>
<author>
<name>
<surname>Gan</surname>, 
<forename>Elaine</forename>
</name>
<affiliation>University of California, Santa Cruz, United States of America</affiliation>
<email>eganuc@gmail.com</email>
</author>
</titleStmt>
<publicationStmt>
<authority></authority>
<publisher>University of Nebraska-Lincoln</publisher>
<distributor>
<name>Center for Digital Research in the Humanities</name>
<address>
<addrLine>319 Love Library</addrLine>
<addrLine>University of Nebraska&#8211;Lincoln</addrLine>
<addrLine>Lincoln, NE 68588-4100</addrLine>
<addrLine>cdrh@unl.edu</addrLine>
</address>
</distributor>
<pubPlace>Lincoln, Nebraska</pubPlace> 
<address>
<addrLine>University of Nebraska-Lincoln</addrLine>
<addrLine>Lincoln, NE 68588-4100</addrLine>
</address>
<availability>
<p></p>
</availability>
</publicationStmt>
<sourceDesc>
<p>No source: created in electronic format.</p>
</sourceDesc>
</fileDesc>

<profileDesc>
<textClass>
<keywords scheme="original" n="category">
<term>Poster</term>
</keywords>
<keywords scheme="original" n="subcategory">
<term></term>
</keywords>
<keywords scheme="original" n="topic">
<term>image processing</term>
<term>audio</term>
<term>video</term>
<term>multimedia</term>
<term>historical studies</term>
<term>interface and user experience design</term>
<term>digitisation</term>
<term>resource creation, and discovery</term>
<term>software design and development</term>
<term>knowledge representation</term>
<term>content analysis</term>
<term>hypertext</term>
<term>creative and performing arts</term>
<term>including writing</term>
<term>visualisation</term>
<term>digitisation - theory and practice</term>
<term>anthropology</term>
<term>maps and mapping</term>
<term>networks</term>
<term>relationships</term>
<term>graphs</term>
<term>spatio-temporal modeling</term>
<term>analysis and visualisation</term>
</keywords>
<keywords scheme="original" n="keywords">
<term>time</term>
<term>mapping</term>
<term>ecologies</term>
<term>posthumanities/multispecies</term>
<term>diagrams</term>
</keywords>
</textClass>
</profileDesc>

<revisionDesc>
<change>
<date> when="2013-06-19</date>
<name>Laura Weakly</name>
<desc>Initial encoding</desc>
</change>
</revisionDesc>
</teiHeader>

<text type="poster">
<body>
<div>

<div>
<head>Introduction</head>
<p>This paper presents an ongoing experiment in mapping temporalities of multispecies
ecologies. Addressing the conference theme, "Freedom to Explore", the paper asks: what
happens to figurations of "freedom" and "exploration" when recontextualized as multispecies
emergences (more-than-human freedoms), indeterminate patternings (temporal rather than
spatial formations), and contingent, historically constituted mobilities (uneven trajectories
and explorations constituted through difference and incommensurability)? Rather than
proposing answers, my presentation offers two ways of thinking through such
recontextualization. It unpacks a speculative methodology for digital and diagrammatic
representations of time, and offers an early look at a working prototype for a fungal clock: a
web-based visualization of polyrhythmic interactions between multiple organisms.</p>
</div>

<div>
<head>Diagrammatic Representation, Or Mapping Worlds Otherwise</head>

<p>Political ecologists describe maps as power tools: they both reveal <hi rend="italic">and</hi> hide. As Arturo
Escobar writes: "Who counts, draws, and narrates and how is of decisive importance."
(Escobar 2008; Rocheleau 2005). Indeed, fast growing fields of data visualization,
geographic information systems, simulation modeling, and scenario planning tap into silos of
data to generate seemingly inexhaustible means to chart, count, tabulate, track, tag, and thus
masterfully deploy a financialized Fix. Such representations are tethered to nineteenth
century projects of calculation and seriality (Daston 1994; Hopwood, Schaffer, Secord 2010),
epistemic tools constructed through historical materialities and discursive formations, but
fraught nonetheless with violent legacies of occupation, extraction, and obsolescence. Given
their rhetorical clout in the production and disruption of globalized hegemonies, how might
visualizations &#8212; and specifically new diagrammatic forms and alternative cartographies &#8212;
render worlds otherwise?</p>

<p>To describe freedom and exploration is to consider circulation. To study circulation is to
unpack relationships that unfold not just in space, but through time. How might
diagrammatic forms open up little-known, or perhaps long-forgotten, multiplicities of time or
polyrhythms?</p>

<p>Unilinear orderings of time undergird scientific visualizations of growth, transformation, and
exchange. Representations of species origins and variabilities &#8212; through historical timelines,
energy cycles, network patterns, activity diagrams, genealogies, arborescent or rhizomatic
animations &#8212; largely depend on a chronological sequence of standardized, homogeneous
units of time. Entangled histories, indeterminate contingencies, and dynamic mobilities are
distilled into teleological causes and effects. Qualitative differences and durational
synchronies/sedimentations (Bergson 1922) that emerge from and constitute change,
movement, and encounter are quantified into time series, or a measurable succession of
seconds, minutes, hours, days, months, years, decades, centuries. Modernity configures and
depends upon a temporality abstracted from lived experiences and meterized into a
compressed, scalable, and human-centric coordinate of space (Harvey 1990). Against
unilinear anthropogenic time, difference is obscured and becomes difficult to locate. As
capitalist breakdowns come to a head, the need for critical attention to differential
temporalities can no longer be ignored.</p>
</div>

<div>
<head>Multispecies Times: A Fungal Clock</head>

<p>The second thread of this paper offers a speculative methodology for diagrammatic
representation. It presents an experimental web project that reframes unilinear time as
entangled polytemporalities constituted through more-than-human assemblages. An
interdisciplinary collaboration between anthropologist Anna Tsing and media artist Elaine
Gan, it takes the form of a fungal clock. Written in html-5, and built through the lens of field
research and multispecies ethnographies of matsutake (mycorrhizal fungi) worlds, the clock
brings together a series of digital experiments in representing time. Instead of visualizing
cycles and encounters between determinate species beings against a single (Western
European) time scale, the clock diagrams interweaving temporal relations or topologies of
differential rhythms. These relations are distinguished as three main folds: synchrony or
coordination across recurring seasons; emergent becomings or interspecies webs that
sediment into ecologies and worlds; uneven trajectories and aleatory encounters that
crystallize into historical conjunctures.</p>

<p>Diversity does not unfold against a standard ruler of time. Nor does "it" branch through
anthropogenic scales. Learning from Karen Barad, "temporality is produced through the
iterative enfolding of phenomena marking the sedimenting historiality of differential patterns
of mattering." (Barad 2007) What is at stake in visualizing temporality is not <hi rend="italic">how</hi> formations
change, but <hi rend="italic">which</hi> properties, taxonomies, and relations become meaningful, intense, and
valuable within and across particular regimes, niches or semiotic systems. What comes to
matter is a matter of time.</p>

<p>Thus, this paper considers critical diagrams of temporalities as expanded ways of defining
"freedom" and "exploration". It calls for ongoing development of conceptual-practical
apparatuses that rethink human-centric movements and agencies as multispecies webs and
temporal patternings. It highlights these questions as generative lines of inquiry for an
exciting field of possibilities, increasingly known as "digital humanities": (1) What kinds of
temporal relations materialize into and emerge through biocultural assemblages? (2) How
might interdisciplinary scholarship (theorizing, making, imagining) articulate these
movements to work through incommensurable claims for engineering life or death? (3) What
digital diagrammatic media might mobilize ethico-political practices beyond modernist
master narratives and postmodernist relativisms &#8212; and towards worlds constituted through
immanence and difference?</p></div>


                
</div>

</body>

<back>
<div type="References">
<listBibl>

<bibl><hi rend="bold">Barad, K.</hi> (2007). <hi rend="italic">Meeting the Universe Halfway</hi>, Durham and London: Duke University
Press. 180.</bibl>

<bibl><hi rend="bold">Bergson, H.</hi> (1922). <hi rend="italic">Duration and Simultaneity</hi>, translation by Leon Jacobson in Durie, R. (ed.) <hi rend="italic">Duration and Simultaneity: Bergson and the Einsteinian Universe</hi>, Manchester:
Clinamen Press, Ltd., 1999.</bibl>

<bibl><hi rend="bold">Braidotti, R.</hi> (2002). <hi rend="italic">Metamorphoses: Towards a Materialist Theory of Becoming</hi>,
Cambridge: Polity Press.</bibl>

<bibl><hi rend="bold">Daston, L.</hi> (1994). Enlightenment Calculations, <hi rend="italic">Critical Inquiry</hi> 21(1:)  182-202. Autumn 1994.</bibl>

<bibl><hi rend="bold">De Landa, M.</hi> (2000). Deleuze, Diagrams, and the Genesis of Form, <hi rend="italic">American Studies</hi>, 45(1): 33-41.</bibl>

<bibl><hi rend="bold">Deleuze, G., and F. Guattari</hi> (1987). <hi rend="italic">A Thousand Plateaus</hi>. translation by Brian
Massumi, Minneapolis: University of Minnesota Press.</bibl>

<bibl><hi rend="bold">Escobar, A.</hi> (2008). <hi rend="italic">Territories of Difference</hi>, Durham and London: Duke University Press. 56.</bibl>

<bibl><hi rend="bold">Galison, P.</hi> (2003). <hi rend="italic">Einstein's Clocks, Poincaré's Maps: Empires of Time</hi>, New York and
London: W.W. Norton &amp; Company.</bibl>

<bibl><hi rend="bold">Harvey, D.</hi> (1990). <hi rend="italic">The Condition of Postmodernity: An Enquiry Into the Origins of
Cultural Change</hi>, Cambridge, MA and Oxford, UK: Blackwell Publishing.</bibl>

<bibl><hi rend="bold">Hopwood, N., S. Schaffer, and J. Secord</hi> (2010). "Seriality and Scientific Objects in
the Nineteenth Century", <hi rend="italic">History of Science</hi> 48, 161. 251-285.</bibl>

<bibl><hi rend="bold">Lima, M.</hi> (2011). <hi rend="italic">Visual Complexity: Mapping Patterns of Information</hi>. New York:
Princeton Architectural Press.</bibl>

<bibl><hi rend="bold">Rocheleau, D.</hi> (2005). Maps as Power Tools: Locating Communities in Space or Situating
People and Ecologies in Place? in Brosius, P., A. Tsing, and C. Zerner (eds.), <hi rend="italic">Communities and
Conservation</hi>, Walnut Creek, CA: AltaMira Press. 326-362.</bibl>

<bibl><hi rend="bold">Rosenberg, D., and A. Grafton</hi> (2010). <hi rend="italic">Cartographies of Time</hi>. New York: Princeton Architectural Press.</bibl>

</listBibl>
</div>
</back>
</text>
</TEI>

