<?xml version="1.0" encoding="UTF-8"?>

<?oxygen RNGSchema="http://jetson.unl.edu/cdrh/schemas/tei_all.rng" type="xml"?>
<TEI xmlns="http://www.tei-c.org/ns/1.0" xml:id="ab-419">
    
<teiHeader>
<fileDesc>
<titleStmt>
<title>The Lethbridge Journal Incubator: Aligning digital open access scholarly publishing with the teaching and research missions of a public university.</title>
<author>
<name><surname>Donnell</surname>, <forename>Daniel Paul</forename></name>
<affiliation>University of Lethbridge, Canada</affiliation>
<email>daniel.odonnell@uleth.ca</email>
</author>
<author>
<name><surname>Hobma</surname>, <forename>Heather</forename></name>
<affiliation>University of Lethbridge, Canada</affiliation>
<email>heather.hobma@uleth.ca </email>
</author>
<author>
<name><surname>Ayers</surname>, <forename>Gillian</forename></name>
<affiliation>University of Lethbridge, Canada</affiliation>
<email>gillian.ayers2@uleth.ca</email>
</author>
<author>
<name><surname>Devine</surname>, <forename>Kelaine</forename></name>
<affiliation>University of Lethbridge, Canada</affiliation>
<email>kelaine.devine@gmail.com</email>
</author>
<author>
<name><surname>Ruzek</surname>, <forename>Jessica</forename></name>
<affiliation>University of Lethbridge, Canada</affiliation>
<email>jessica.ruzek3@uleth.ca</email>
</author>
</titleStmt>
<publicationStmt>
<authority></authority>
<publisher>University of Nebraska-Lincoln</publisher>
<distributor>
<name>Center for Digital Research in the Humanities</name>
<address>
<addrLine>319 Love Library</addrLine>
<addrLine>University of Nebraska&#8211;Lincoln</addrLine>
<addrLine>Lincoln, NE 68588-4100</addrLine>
<addrLine>cdrh@unlnotes.unl.edu</addrLine>
</address>
</distributor>
<pubPlace>Lincoln, Nebraska</pubPlace> 
<address>
<addrLine>University of Nebraska-Lincoln</addrLine>
<addrLine>Lincoln, NE 68588-4100</addrLine>
</address>
<availability>
<p></p>
</availability>
</publicationStmt>
            
<notesStmt><note type="abstract">This poster summarises the goals and principles behind the Journal Incubator model and discusses the results of the first year of prototype operations.</note></notesStmt>
            
<sourceDesc>
<p>No source: created in electronic format.</p>
</sourceDesc>
</fileDesc>
        
 <profileDesc>
<textClass>
<keywords scheme="original" n="category">
<term>Poster</term>
</keywords>
<keywords scheme="original" n="subcategory">
<term></term>
</keywords>
<keywords scheme="original" n="keywords">
<term>digital training</term>
<term>journal publication</term>
<term>resources</term>
<term>institutional priorities</term>
<term>scholarly journals</term>
                    
</keywords>
<keywords scheme="original" n="topic">
<term>archivese</term>
<term>repositories</term>
<term>sustainability and preservation</term>
<term>digital humanities &#8212; institutional support</term>
<term>publishing and delivery systems</term>
<term>digital humanities &#8212; pedagogy and curriculum</term>
<term>copyright, licensing, and Open Access</term>
                    
</keywords>
</textClass>
</profileDesc>
        
<revisionDesc>
<change>
<date when="2013-03-29"></date>
<name>Erin Pedigo</name>
<desc>Initial encoding</desc>
</change>
</revisionDesc>
</teiHeader>
    
<text type="paper">
<body>
<div>

    <p>The Lethbridge Journal incubator is an experiment in the sustainability of academic publishing. The incubator attempts to ensure this sustainability by aligning the publishing processes with the research, teaching, and service missions of the University. Instead of drawing resources away from these central missions, academic communication under this model become a resource that materially improves the University’s ability to carry out these core functions.</p>
    <p>The basic premise of the incubator is that the skills and experiences involved in contemporary scholarly journal production are both generalisable across disciplines and of significant value to graduate students whether they pursue post-graduate careers within or without the academy.</p>
    <p>Through their work in the incubator, students will acquire training, managerial experience, and networking opportunities that are both of immediate use to them in their research domains and easily transferred to other aspects of their academic or professional careers. These skills are, moreover, highly sought-after by public and private sector employers, especially when combined with the higher-level analytic skills acquired in the course of their graduate studies.</p>

<figure><graphic url="ab-419.001"/></figure>

<figure><graphic url="ab-419.002"/></figure>

    <p>The incubator works by training graduate students in technical and managerial aspects of journal production. On the one hand, academic journals are highly specialised publications that require high-level, research-domain-specific skills and knowledge from their authors, editors, and readers. On the other hand, however, the actual process by which journals are produced is relatively standard and requires very little research-domain knowledge</p>
    <p>Under the supervision of academics, professional librarians, and a professional office manager, students are introduced to the core elements of the workflow that underlies the production of all academic journals and trained in detail both in one or more technical aspects of journal production (copy-editing, preparation of proofs, document-encoding, the use of standard journal-production software), and, more broadly, in the duties of an academic journal managing editor (supervising the progress of articles through the workflow from receipt to publication, corresponding with authors and referees, keeping minutes of editorial meetings, and the like). Students then assume managerial responsibility for one or two titles from their broad area of domain expertise while also working as production assistants specialising in one or more technical aspects of journal production across all titles, regardless of discipline, in the incubator as a whole.</p>
        <p>The incubator has been in prototype for just over a year. This poster describes the basic approach and reviews the lessons learned from the first year as well as plans for the coming year, in which we will be working on librarianship and business-model issues.</p>
</div>

</body>
</text>
</TEI>

    




