<?xml version="1.0" encoding="UTF-8"?>

<?oxygen RNGSchema="http://jetson.unl.edu/cdrh/schemas/tei_all.rng" type="xml"?>
<TEI xmlns="http://www.tei-c.org/ns/1.0" xml:id="ab-443">
    
<teiHeader>
<fileDesc>
<titleStmt>
<title>Computing Place: The Case of City Nature</title>
<author>
<name><surname>Grossner</surname>, <forename>Karl</forename></name>
<affiliation>Stanford University, United States of America</affiliation>
<email>karlg@stanford.edu</email>
</author>
</titleStmt>
            
<publicationStmt>
<authority></authority>
<publisher>University of Nebraska-Lincoln</publisher>
<distributor>
<name>Center for Digital Research in the Humanities</name>
<address>
<addrLine>319 Love Library</addrLine>
<addrLine>University of Nebraska&#8211;Lincoln</addrLine>
<addrLine>Lincoln, NE 68588-4100</addrLine>
<addrLine>cdrh@unlnotes.unl.edu</addrLine>
</address>
</distributor>
<pubPlace>Lincoln, Nebraska</pubPlace> 
<address>
<addrLine>University of Nebraska-Lincoln</addrLine>
<addrLine>Lincoln, NE 68588-4100</addrLine>
</address>
<availability>
<p></p>
</availability>
</publicationStmt>
            
<notesStmt><note type="abstract">>To date, computational geography (born in the late 1950s but distinguished as GIScience for a couple decades now) has concerned itself with quantitative analyses of spatial and spatial-temporal aspects of natural phenomena at geographic scales. However social scientists and, more obviously, humanist scholars have questions concerning human experience of space and space-time. In recent years, GIScience has increasingly been adding methods more directly supporting qualitative analysis. I present an example from my own work integrating remote sensing imagery with demographic variables to create a measure of &quot;nature-ness&quot; &#8212;the human sense of being in a natural place, as a step towards explaining the enormous variation of the experience of nature within and across US cities.</note></notesStmt>
            
<sourceDesc>
<p>No source: created in electronic format.</p>
<p>
<date when="20130718"></date>
<time when="13:30:00"></time>
</p>
<p n="session">SP11</p>
</sourceDesc>
</fileDesc>
        
<profileDesc>
<textClass>
<keywords scheme="original" n="category">
<term>Paper</term>
</keywords>
<keywords scheme="original" n="subcategory">
<term>Short Paper</term>
</keywords>
<keywords scheme="original" n="keywords">
<term>geography</term>
<term>space and place</term>
<term>GIS</term>
                    
</keywords>
                
<keywords scheme="original" n="topic">
<term>image processing</term>
<term>geospatial analysis</term>
<term>interfaces and technology</term>
<term>digital humanities &#8212; nature and significance</term>
<term>maps and mapping</term>
                    
</keywords>
</textClass>
</profileDesc>
        
<revisionDesc>
<change>
<date when="2013-03-29"></date>
<name>Erin Pedigo</name>
<desc>Initial encoding</desc>
</change>
</revisionDesc>
</teiHeader>
    
<text type="paper">
<body>
<div>
    
    <p>A large proportion of digital humanities projects entail mapping and therefore computation about places. Much of that computation concerns spatial attributes and relations &#8212; location, distribution, interaction flows, and so on &#8212; the list of spatial analytic operations of interest for humanistic studies is long and growing. Much of this decidedly quantitative spatial (often spatial-temporal) analysis is performed to better understand <hi rend="italic">place</hi>, a decidedly humanistic concept defined here as ‘experiential space’ or ‘space as experienced by humans.’<ref type="note" target="n01" n="1">1</ref> This distinction can be confusing because the term space is often appropriated by humanities scholars and critical theorists, in speaking for example of human-constructed spaces. In my biased view as a practitioner of geographic information science (GIScience) with a humanist bent, we need both terms and we need for them not to be conflated.</p>
    <p>To date, computational geography (born in the late 1950s but distinguished as GIScience for a couple decades now) has concerned itself with quantitative analyses of spatial and spatial-temporal aspects of natural phenomena at geographic scales. However social scientists, and more obviously, humanist scholars, have questions concerning human experience of space and space-time. In recent years, GIScience has increasingly added methods more directly supporting qualitative analysis (Bodenhamer et al 2010; Dear et al 2011). Examples of this include (i) the semantic analysis of texts joined with spatial analysis of locations associated with their production (Cooper and Gregory 2011), and (ii) the space-time prisms of Time Geography applied to urban residents daily movements by critical human geographers (e.g. Kwan and Schwanen 2009).</p>
    <p>In my own recent work on the City Nature project<ref type="note" target="n02" n="2">2</ref>, I have undertaken to characterize “Naturehoods” as areas within cities that are distinctive for their level of “nature-ness;” to capture the human sense of being close to nature in a classification which integrates several physical measures including satellite imagery and social variables including wealth and ethnicity. The overarching goals of City Nature have been first, accounting for the enormous variation in quantity and quality of natural areas in large U.S. cities, and then helping planners arrive at best practices for ensuring reasonable quality of life as cities world-wide grow at an unsustainable pace.</p>
    <p>The Naturehoods profile combines satellite measures of mean distance to park-level greenness and non-impervious surface with areal percentages of park and open space, as well as walking distance to parks, and demographic variables like age, household income, diversity, affluence and race.</p>
    <p>Somewhat surprisingly, initial results show no appreciable correlation between environmental facts on the ground and social factors. Explanation must now be sought in historical contingency &#8212; both in cities’ planning processes and external events. Textual analysis of cities’ comprehensive plans has been undertaken, and is helping us develop hypotheses to investigate further. Some historical investigation has begun as well, with a study of Los Angeles park planning history. Both of these are outside this paper’s scope, but will be discussed in the delivered paper.</p>
    <p>Finally, we are also designing a human-subject experiment that will attempt to validate our measures of urban nature on the basis of human reactions to traversing through disparate “Naturehoods.” That is, to learn whether this carefully crafted statistical profile of earth surface characteristics joined with demographic statistics in fact corresponds with peoples’ “sense of place.” Living in an area dominated by strip malls and new tracts is not like living in an area with leafy boulevards, nor a downtown with a few sprinkled mini-parks, nor a wealthy enclave with large yards dense with foliage. Can digital methods predict residents’ affect in this case?</p>
    <p>Preliminary results of these attempts at “Computing Place” appear in an interactive scholarly work<ref type="note" target="n03" n="3">3</ref> &#8212; a mapping and visualization application that allows researchers and the general public to explore will ultimately tell a story of the variation in people’s experience of nature in US cities.</p>
</div>

</body>
    
<back>
<div type="References">
<listBibl>
    
<bibl><hi rend="bold">Bodenhamer, D. J., J. Corrigan, and T. M. Harris (eds.)</hi> (2010). <hi rend="italic">The spatial humanities: GIS and the future of humanities scholarship.</hi> Bloomington, IN: Indiana University Press.</bibl>
    
<bibl><hi rend="bold">Cooper, D., and I. N. Gregory</hi> (2011). Mapping the English Lake District: a literary GIS. <hi rend="italic">Transactions of the Institute of British Geographers,</hi> 36(1).</bibl>
    
<bibl><hi rend="bold">Dear, M., J. Ketchum, S. Luria, and D. Richardson</hi> (2011) (eds),(2011). <hi rend="italic">Geohumanities: Art, history, text at the edge of place.</hi> London: Routledge.</bibl>
    
<bibl><hi rend="bold">Kwan, M. and T. Schwanen</hi> (2009) (eds), Critical Quantitative Geographies. <hi rend="italic">Environment and Planning A,</hi> 41(2).</bibl>
    
<bibl><hi rend="bold">Massey, D.</hi> (2005). <hi rend="italic">For space.</hi> London: Sage</bibl>
    
<bibl><hi rend="bold">Tuan, Y. F.</hi> (1977). <hi rend="italic">Space and place.</hi> Minneapolis: University of Minnesota Press: <hi rend="italic">The perspective of experience</hi></bibl>
    
</listBibl>
</div>

<div type="Notes">
<note xml:id="n01" n="1">There are of course many understandings of the term Place; my own are influenced heavily by Massey (2005) and Tuan (1977).</note>
<note xml:id="n02" n="2">undertaken with colleagues Jon Christensen, Elijah Meeks and Maria Santos at Stanford</note>
<note xml:id="n03" n="3"><ref type="url" target="http://citynature.stanford.edu">http://citynature.stanford.edu</ref></note>

</div>

</back>
</text>
</TEI>
    
