<?xml version="1.0" encoding="utf-8"?>
<?oxygen RNGSchema="http://jetson.unl.edu/cdrh/schemas/tei_all.rng" type="xml"?>
<TEI xmlns="http://www.tei-c.org/ns/1.0" xml:id="ab-442">

<teiHeader>
<fileDesc>
<titleStmt>
<title>Theorizing Data Visualization: A Comparative Case-Study Approach</title>
<author>
<name><surname>Solomon</surname>, <forename>Dana Ryan</forename></name>
<affiliation>English Dept. UC Santa Barbara, United States of America</affiliation>
<email>danasolomon@umail.ucsb.edu</email>
</author>
</titleStmt>
<publicationStmt>
<authority></authority>
<publisher>University of Nebraska-Lincoln</publisher>
<distributor>
<name>Center for Digital Research in the Humanities</name>
<address>
<addrLine>319 Love Library</addrLine>
<addrLine>University of Nebraska&#8211;Lincoln</addrLine>
<addrLine>Lincoln, NE 68588-4100</addrLine>
<addrLine>cdrh@unl.edu</addrLine>
</address>
</distributor>
<pubPlace>Lincoln, Nebraska</pubPlace> 
<address>
<addrLine>University of Nebraska-Lincoln</addrLine>
<addrLine>Lincoln, NE 68588-4100</addrLine>
</address>
<availability>
<p></p>
</availability>
</publicationStmt>

<notesStmt><note type="abstract">This paper directly engages with the (oft-overlooked) notion that data visualization is in fact an argumentative, non-neutral process and asks: what is and is not visualized, how are visualizations produced, why and how are digital humanists using this technology, and how can data visualization be contextualized historically, materially, and politically. The paper does so by offering focused case studies of two specific data visualization environments: IBM’s <hi rend="italic">Many Eyes</hi> platform and Alan Liu’s NEH-funded <hi rend="italic">Research-oriented Social Environment</hi>. It examines the corporate lineage of Many Eyes, while constructing a parallel genealogy for <hi rend="italic">RoSE</hi>, one rooted more in scholarship, new media art practice, and collaborative knowledge production. The goal is not to critique the corporate affiliation of <hi rend="italic">Many Eyes</hi> as such, but to ask what might be at stake in the implementation of a technology that has its ideological roots and disciplinary methodologies outside of the humanities.</note></notesStmt>

<sourceDesc>
<p>No source: created in electronic format.</p>
<p>
<date when="20130717"></date>
<time when="13:30:00"></time>
</p>
<p n="session">LP08</p>
</sourceDesc>
</fileDesc>

<profileDesc>
<textClass>
<keywords scheme="original" n="category">
<term>Paper</term>
</keywords>
<keywords scheme="original" n="subcategory">
<term>Long Paper</term>
</keywords>
<keywords scheme="original" n="keywords">
<term>data visualization</term>
<term>information visualization</term>
<term>cultural studies</term>
<term>database</term>
<term>literary analysis</term>
</keywords>
<keywords scheme="original" n="topic">
<term>archives</term>
<term>repositories</term>
<term>sustainability and preservation</term>
<term>databases &amp; dbms</term>
<term>literary studies</term>
<term>project design</term>
<term>organization</term>
<term>management</term>
<term>text analysis</term>
<term>knowledge representation</term>
<term>information architecture</term>
<term>interdisciplinary collaboration</term>
<term>english studies</term>
<term>cultural studies</term>
<term>visualisation</term>
<term>history of Humanities Computing/Digital Humanities</term>
<term>linking and annotation</term>
<term>media studies</term>
<term>data mining/ text mining</term>
</keywords>
</textClass>
</profileDesc>

<revisionDesc>
<change>
<date when="2013-04-29"></date>
<name>Laura Weakly</name>
<desc>Initial encoding</desc>
</change>
</revisionDesc>
</teiHeader>

<text type="paper">
<body>
<div>


<p>Data visualization is a digital technique for organizing, representing, and interpreting information visually. Etymologically, data visualization is the process wherein “that which is given” is “made visible to the eye,” translating a particular collection of statistics, values, or words into a visual diagram, design, or architecture. Due to its efficient (computational) and scalable workflow, data visualization lends itself particularly well to working with large amounts of raw or unprocessed information, which is typically collected and organized into datasets and stored in electronic collections called databases. This project takes as its critical object the application of data visualization as a means of textual analysis in the digital humanities, examining how a technology with a long-running history in corporate business contexts and the social and STEM sciences might affect the practice of literary scholarship, particularly in terms of reading and interpretation.</p>	

<p>Due in large part to its often powerful and aesthetically pleasing visual impact, relatively quick learning curve, and overall “cool” the practice of visualizing textual data has been widely adopted by the digital humanities. This prevalence is evidenced by, for instance, the high frequency of the term “data visualization” in the 2011-2012 Digital Humanities conference abstracts as well as the 2011-2013 Modern Language Association panels related to the digital humanities. If the first wave of large-scale database projects in the digital humanities is exemplified by the practices of digitizing texts, constructing archives, and determining best practices for digital preservation, then the practice of data visualization is emblematic of the second wave of projects devoted to mining this new data. The NEH-funded “Digging into Data” granting program, a yearly challenge that asks how the notion of scale affects humanities research, has specifically supported this practice of engaging with huge databases and archives.</p>

<p>This paper directly engages with the (oft-overlooked) notion that data visualization is in fact an argumentative, non-neutral process and asks: what is and is not visualized, how are visualizations produced, how do aesthetics factor into this discussion, why and how are digital humanists using this technology, and how can data visualization be contextualized historically, materially, and politically. The paper does so by offering focused case studies of two specific data visualization environments:</p>

<p>1.) IBM’s <hi rend="italic">Many Eyes</hi> &#8212; This case study involves close-reading mission statements, web content, user-instructions, and sample and showcase datasets and visualizations. This case-study helps to construct and illuminate the project’s corporate identity. IBM’s history, after all, is deeply intertwined with the invention of the punch-time clock and other aspects of contemporary (Taylorist) business culture and embodies the corporate values of efficiency and time management. Further, due to its work with Swiss-style graphic designer Paul Rand on the company’s logo and minimalist aesthetic identity, IBM is emblematic of the intersection of early computing and mid-century graphic design.  The company is unique in that it managed to synthesize cutting edge technology, profit-driven corporate culture, and “cool” graphic design, an accomplishment that I argue contributes to the prevalence of <hi rend="italic">Many Eyes</hi> data visualizations in the digital humanities, especially in projects produced by individuals who are making their first forays into the field.</p>

<p>2.) Alan Liu’s NEH-funded <hi rend="italic">Research-oriented Social Environment (RoSE)</hi> &#8212; This section contrasts <hi rend="italic">Many Eyes</hi> with RoSE, a data visualization platform with a different material and cultural history. I use my insight here as a humanities developer on the project team to explain how RoSE privileges critical approaches to design, collaborative development, and data transparency. In fact, the data itself is produced collaboratively through cooperation with individual users and large-scale institutional partners, including Project Gutenberg and the SNAC team at the University of Virginia. Finally, unlike <hi rend="italic">Many Eyes</hi>, RoSE hosts a supplementary website that provides details about the project’s goals, developers, and potential limitations. </p>

<p>The project complements other recent and historical moves to examine data visualization, particularly as it is embedded within a longer engagement with graphic design, information aesthetics, and visual rhetoric. The work of theorists of information design and large-scale data analysis, including Edward Tufte, Andrea Lau, and Lev Manovich, has been crucial in formulating an informational aesthetic. This aesthetic framework extends from the mid-twentieth century introduction of the so-called Swiss graphic design, known for its emphasis on minimalism and reliance on the “grid,” to new media art practice. Whereas much of the research to date has dealt with database and visualization design, my intervention is to engage with the importation and application of data visualization in the digital humanities as such. Previous research on data visualization in the field has been concerned primarily with the development of visualization software and the technology’s exciting new capabilities, rather than how such development might in fact transform literary scholarship. This project takes a critical step back from these discussions in order to consider how visualization techniques, tools, and technologies might in fact transform literary scholarship, what is at stake in their instrumentalized use, and how humanistic modes of critical engagement might be applied to them.</p> 

<p>The focus here is on differentiating the cultural genealogies of each platform to shed light on their unique ideological foundations. The paper examines the corporate lineage of <hi rend="italic">Many Eyes</hi>, while constructing a parallel but alternative genealogy for RoSE, one rooted more in scholarship, new media art practice, and collaborative knowledge production than profit-driven commercial activity. The goal of the paper is not to critique the corporate affiliation of <hi rend="italic">Many Eyes</hi> as such, but to ask what might be at stake in the implementation of a technology that has its roots outside of the humanities, specifically a technology that has existed for half a century in other contexts and contains its own embedded goals, methodologies, and ideological underpinnings.</p>

</div>

</body>

<back>
<div type="References">
<listBibl>
<bibl><hi rend="bold">Borner, K.</hi> (2003). Visualizing Knowledge Domains. <hi rend="italic">Annual Review of Information Science &amp; Technology,</hi> 37, Medford, NJ: Information Today, Inc./American Society for Information Science and Technology. 5. 179-255.</bibl>

<bibl><hi rend="bold">Fitzpatrick, K.</hi> (2011). <hi rend="italic">Planned Obsolescence: Publishing, Technology, and the Future of the Academy</hi>. New York: New York University Press.</bibl>

<bibl><hi rend="bold">Gold, M.</hi> (2012). <hi rend="italic">Debates in the Digital Humanities</hi>. Minneapolis: University of Minnesota Press.</bibl>

<bibl><hi rend="bold">IBM Research</hi> (2012). <hi rend="italic">Many Eyes Data Visualization Platform</hi>. 2007-present. URL: <ref type="url" target="http://www-958.ibm.com/software/data/cognos/manyeyes/">http://www-958.ibm.com/software/data/cognos/manyeyes/</ref> (accessed 15 September 2012).</bibl>

<bibl><hi rend="bold">Lau, A. and A. Vande Moere</hi> (2004). Towards a Model of Information Aesthetics in Information Visualization. <ref type="url" target="http://web.arch.usyd.edu.au/~andrew/publications/iv07.pdf">http://web.arch.usyd.edu.au/~andrew/publications/iv07.pdf</ref> (accessed 15 September 2012).</bibl>

<bibl><hi rend="bold">Lima, M.</hi> (2011). <hi rend="italic">Visual Complexity: Mapping Patterns of Information</hi>. New York: Princeton Architectural Press.</bibl> 

<bibl><hi rend="bold">Liu, A.</hi> (2004).  <hi rend="italic">The Laws of Cool: Knowledge Work and the Culture of Information</hi>. Chicago: University of Chicago Press.</bibl>

<bibl><hi rend="bold">Manovich, L., and J. Douglass</hi> (2007). Cultural Analytics. UC San Diego Software Studies Initiative. 2007-present. URL: <ref type="url" target="http://lab.softwarestudies.com/2008/09/cultural-analytics.html">http://lab.softwarestudies.com/2008/09/cultural-analytics.html</ref> (accessed 18 September, 2012).</bibl>

<bibl><hi rend="bold">Mirzoeff, N.</hi> (2011). <hi rend="italic">The Right to Look: A Counter History of Visuality</hi>. Durham: Duke University Press.</bibl> 

<bibl><hi rend="bold">Moretti, F.</hi> (2007). <hi rend="italic">Graphs, Maps, Trees: Abstract Models for Literary History</hi>. London: Verso.</bibl>

<bibl><hi rend="bold">Nowviskie, B., and J. Unsworth</hi> (1999). <hi rend="italic">Is humanities computing an academic discipline? An interdisciplinary seminar</hi>. University of Virginia.</bibl>

<bibl><hi rend="bold">Ramsay, S.</hi> (2011). <hi rend="italic">Reading Machines: Toward an Algorithmic Criticism</hi>. Chicago: University of Illinois Press.</bibl>

<bibl><hi rend="bold">Terras, M.</hi> (2008). <hi rend="italic">Digital Images for the Information Professional</hi>. London: Ashgate. </bibl>

<bibl><hi rend="bold">Tufte, E.</hi> (1983). <hi rend="italic">The Visual Display of Quantitative Information</hi>. Cheshire, CT: Graphics Press.</bibl>

<bibl><hi rend="bold">Vesna, V.</hi> (2007). <hi rend="italic">Database Aesthetics: Art in the Age of Information Overflow</hi>. Minneapolis: University of Minnesota Press.</bibl>

<bibl><hi rend="bold">Yau, N.</hi> (2011). <hi rend="italic">Visualize This: The FlowingData Guide to Design, Visualization, and Statistics</hi>. Hoboken: Wiley Press. </bibl>


</listBibl>
</div>
</back>
</text>
</TEI>

