<?xml version="1.0" encoding="utf-8"?>
<?oxygen RNGSchema="http://jetson.unl.edu/cdrh/schemas/tei_all.rng" type="xml"?>
<TEI xmlns="http://www.tei-c.org/ns/1.0" xml:id="ab-441">

<teiHeader>
<fileDesc>
<titleStmt>
<title>Made to Make: Expanding Digital Humanities through Desktop Fabrication</title>
<author>
<name><surname>Sayers</surname>, <forename>Jentery</forename></name>
<affiliation>University of Victoria, Canada</affiliation>
<email>jentery@uvic.ca</email>
</author>
<author>
<name><surname>Boggs</surname>, <forename>Jeremy</forename></name>
<affiliation>University of Virginia, USA</affiliation>
<email>jeremy@clioweb.org </email>
</author>
<author>
<name><surname>Elliott</surname>, <forename>Devon</forename></name>
<affiliation>Western University, Canada</affiliation>
<email>devonelliott@rogers.com</email>
</author>
<author>
<name><surname>Turkel</surname>, <forename>William J.</forename></name>
<affiliation>Western University, Canada</affiliation>
<email>william.j.turkel@gmail.com</email>
</author>
</titleStmt>
<publicationStmt>
<authority></authority>
<publisher>University of Nebraska-Lincoln</publisher>
<distributor>
<name>Center for Digital Research in the Humanities</name>
<address>
<addrLine>319 Love Library</addrLine>
<addrLine>University of Nebraska&#8211;Lincoln</addrLine>
<addrLine>Lincoln, NE 68588-4100</addrLine>
<addrLine>cdrh@unl.edu</addrLine>
</address>
</distributor>
<pubPlace>Lincoln, Nebraska</pubPlace> 
<address>
<addrLine>University of Nebraska-Lincoln</addrLine>
<addrLine>Lincoln, NE 68588-4100</addrLine>
</address>
<availability>
<p></p>
</availability>
</publicationStmt>

<notesStmt><note type="abstract">This paper presents substantive, cross-institutional research conducted on the relevance of desktop fabrication to digital humanities research. The researchers argue that *matter is a new medium for digital humanities,* and—as such—the field’s practitioners need to develop the workflows, best practices, and infrastructure necessary to meaningfully engage digital/material convergence, especially as it concerns the creation, preservation, exhibition, and delivery of cultural heritage materials in 3D. Aside from sharing example workflows, best practices, and infrastructure strategies, the paper identifies several key growth areas for desktop fabrication in digital humanities contexts. Ultimately, it demonstrates how *digital humanities is “made to make,” or already well-positioned to contribute significantly to desktop fabrication research.*

Contributing Labs: The research has been conducted at the Scholars’ Lab (University of Virginia), the Humanistic Fabrication Lab (Western University), and the Maker Lab in the Humanities (University of Victoria). </note></notesStmt>

<sourceDesc>
<p>No source: created in electronic format.</p>
<p>
<date when="20130718"></date>
<time when="08:30:00"></time>
</p>
<p n="session">LP10</p>
</sourceDesc>
</fileDesc>

<profileDesc>
<textClass>
<keywords scheme="original" n="category">
<term>Paper</term>
</keywords>
<keywords scheme="original" n="subcategory">
<term>Long Paper</term>
</keywords>
<keywords scheme="original" n="keywords">
<term>physical computing</term>
<term>desktop fabrication</term>
<term>3D</term>
<term>cultural heritage</term>
<term>GLAM</term>
</keywords>
<keywords scheme="original" n="topic">
<term>archives</term>
<term>repositories</term>
<term>sustainability and preservation</term>
<term>digital humanities - nature and significance</term>
<term>digital humanities - institutional support</term>
<term>project design</term>
<term>organization</term>
<term>management</term>
<term>other</term>
<term>GLAM: galleries, libraries, archives, museums, interdisciplinary collaboration</term>
<term>cultural infrastructure</term>
<term>spatio-temporal modeling</term>
<term>analysis and visualisation</term>
<term>media studies</term>
</keywords>
</textClass>
</profileDesc>

<revisionDesc>
<change>
<date when="2013-04-29"></date>
<name>Laura Weakly</name>
<desc>Initial encoding</desc>
</change>
</revisionDesc>
</teiHeader>

<text type="paper">
<body>
<div>


<p>Contributing Labs: The research has been conducted at the Scholars’ Lab (University of Virginia), the Humanistic Fabrication Lab (Western University), and the Maker Lab in the Humanities (University of Victoria). </p>
</div>
<div>
<head>Introduction</head>
<p>This paper presents substantive, cross-institutional research conducted on the relevance of desktop fabrication to digital humanities research. The researchers argue that <hi rend="bold">matter is a new medium for digital humanities</hi>, and—as such—the field’s practitioners need to develop the workflows, best practices, and infrastructure necessary to meaningfully engage digital/material convergence, especially as it concerns the creation, preservation, exhibition, and delivery of cultural heritage materials in 3D. Aside from sharing example workflows, best practices, and infrastructure strategies, the paper identifies several key growth areas for desktop fabrication in digital humanities contexts. Ultimately, it demonstrates how digital humanities is “made to make,” or already well positioned to contribute significantly to desktop fabrication research.  </p>

</div>
<div>
<head>Terminology</head>
<p>Desktop fabrication is the digitization of analog manufacturing techniques (Gershenfeld 2005). Comparable to desktop publishing, it affords <hi rend="bold">the output of digital content (e.g., 3D models) in physical form (e.g., plastic)</hi>. It also personalizes production through accessible software and hardware, with more flexibility and rapidity than its analog predecessors. Common applications include using desktop 3D printers, milling machines, and laser cutters to prototype, replicate, and refashion solid objects. </p>

</div>
<div>
<head>Literature Review</head>
<p>To date, desktop fabrication has been used by historians to build exhibits (Elliott, MacDougall, and Turkel 2012); by digital media theorists to fashion custom tools (Ratto and Ree 2012); by scholars of teaching and learning to re-imagine the classroom (Meadows and Owens 2012); by archivists to model and preserve museum collections (Terdiman 2012); by designers to make physical interfaces and mechanical sculptures (Igoe 2007); and by well-known authors to “design” fiction as well as write it (Bleecker 2009; Sterling 2009). Yet, even in fields such as digital humanities, <hi rend="bold">very few non-STEM researchers know how desktop fabrication actually works</hi>, and research on it is especially lacking in humanities departments across North America. </p>

<p>By extension, humanities publications on the topic are rare. For instance, <hi rend="bold">“desktop fabrication” never appears in the archives of <hi rend="italic">Digital Humanities Quarterly</hi></hi>. The term and its methods have their legacies elsewhere, in STEM laboratories, research, and publications, with Neil Gershenfeld’s <hi rend="italic">Fab: The Coming Revolution on Your Desktop</hi> (2005) being one of the most referenced texts. Gershenfeld’s key claim is that: “Personal fabrication will bring the programmability of digital worlds we've invented to the physical world we inhabit” (17). </p>

<p>This attention to digital/material convergence has prompted scholars such as Matt Ratto and Robert Ree (2012) to argue for: 1) <hi rend="bold">“physical network infrastructure”</hi> that supports “novel spaces for fabrication” and educated decisions in a digital economy, 2) <hi rend="bold">“greater fluency with 3D digital content”</hi> to increase competencies in digital/material convergence, and 3) an <hi rend="bold">established set of best practices</hi>, especially as open-source objects are circulated online and re-appropriated. </p>

<p>To be sure, digital humanities practitioners are well equipped to actively engage all three of these issues. The field is known as a field of makers. Its practitioners are invested in knowing by doing, and they have been intimately involved in the development of infrastructure, best practices, and digital competencies (Balsamo 2009; Elliott, MacDougall, and Turkel 2012). They have also engaged digital technologies and content directly, as physical objects with material particulars (Kirschenbaum 2008; McPherson 2009). The key question, then, is <hi rend="bold">how to mobilize the histories and investments of digital humanities to significantly contribute to desktop fabrication research</hi> and its role in cultural heritage. </p>

</div>
<div>
<head>Research Questions</head>
<p>To spark such contributions, the researchers are asking the following questions: 1) What are the best procedures for digitizing rare or obscure 3D objects? 2) What steps should be taken to verify the integrity of 3D models? 3) How should the source code for 3D objects be licensed? 4) Where should that source code be stored? 5) How are people responsible for the 3D objects they share online? 6) How and when should derivatives of 3D models be made? 7) How are fabricated objects best integrated into interactive exhibits of cultural heritage materials? 8) How are fabricated objects best used for humanities research? 9) What roles should galleries, libraries, archives, and museums (GLAM) play in these processes?</p>

</div>
<div>
<head>Findings</head>
<p>In response to these questions, the three most significant findings of the research are as follows: </p>

<p><hi rend="bold">I) WORKFLOW:</hi> Currently, there is no established workflow for fabrication research in digital humanities contexts, including those that focus on the creation, preservation, exhibition, and delivery of cultural heritage materials. Thus, the first and perhaps most obvious finding is that such <hi rend="bold">a workflow needs to be articulated, tested in several contexts, and shared with the community</hi>. At this time, that workflow involves the following procedure: 1) Use a DSLR camera and a turntable to take at least twenty photographs of a stationary object. This process should be conducted in consultation with GLAM professionals, either on or off site. 2) Use software (e.g., 3D Catch) to stitch the images into a 3D scale model. 3) In consultation with GLAM professionals and domain experts, error-correct the model using appropriate software (e.g., Blender or Mudbox). What constitutes an “error” should be concretely defined and documented. 4) Output the model as an STL file. 5) Use printing software (e.g., ReplicatorG) to process STL into G-code. 6) Send G-code to a 3D printer for fabrication.</p>

<p>If the object is part of an interactive exhibit of cultural heritage materials, then: 7) Integrate the fabricated object into a circuit using appropriate sensors (e.g., touch and light), actuators (e.g., diodes and speakers), and shields (e.g., wifi and ethernet). 8) Write a sketch (e.g., in Processing) to execute intelligent behaviors through the circuit. 9) Test the build and document its behavior. 10) Refine the build for repeated interaction. 11) Use milling and laser-cutting techniques to enhance interaction through customized materials.</p>

<p>If the object and/or materials for the exhibit are being published online, then: 12) Consult with GLAM professionals and domain experts to address intellectual property, storage, and attribution issues, including whether the object can be published in whole or in part. 13) License all files appropriately, state whether derivatives are permitted, and provide adequate metadata (e.g., using Dublin Core). 14) Publish the STL file, G-code, circuit, sketch, documentation, and/or build process via a popular repository (e.g., at Thingiverse) and/or a GLAM/university domain.</p>

<p>When milling or laser-cutting machines are used as the primary manufacturing devices instead of 3D printers (see step 6 above), the workflow is remarkably similar. </p>

<p><hi rend="bold">II) INFRASTRUCTURE:</hi> In order to receive feedback on the relevance of fabrication to the preservation, discoverability, distribution, and interpretation of cultural heritage materials, humanities practitioners should actively consult with GLAM professionals. For instance, the researchers are currently collaborating with libraries at the following institutions: the University of Virginia, the University of Toronto, York University, Western University, McMaster University, the University of Washington, and the University of Victoria. </p>

<p>By extension, desktop fabrication research extends John Unsworth’s (1999) premise of “the library as laboratory” into all GLAM institutions and suggests that new approaches to physical infrastructure may be necessary. Consequently, the second significant finding of this research is that <hi rend="bold">makerspaces should play a more prominent role in digital humanities research</hi>, especially research involving the delivery of cultural heritage materials in 3D. Here, existing spaces that are peripheral or unrelated to digital humanities serve as persuasive models. These spaces include the Critical Making Lab at the University of Toronto and the Values in Design Lab at University of California, Irvine. Based on these examples, a makerspace for fabrication research in digital humanities would involve the following: 1) training in digital/material convergence, with an emphasis on praxis and tacit knowledge production, 2) a combination of digital and analog technologies, including milling, 3D-printing, scanning, and laser-cutting machines, 3) a flexible infrastructure, which would be open-source and sustainable, 4) an active partnership with a GLAM institution, and 5) research focusing on the role of desktop fabrication in the digital economy, with special attention to the best practices identified below. </p> 

<p><hi rend="bold">III) BEST PRACTICES:</hi> Desktop fabrication, especially in the humanities, currently lacks articulated best practices in the following areas: 1) attribution and licensing of cultural heritage materials in 3D, 2) sharing and modifying source code involving cultural heritage materials, 3) delivering and fabricating component parts of cultural heritage materials, 4) digitizing and error-correcting 3D models of cultural artifacts, and 5) developing and sustaining desktop fabrication infrastructure. </p> 

<p>This finding suggests that, in the future, <hi rend="bold">digital humanities practitioners have the opportunity to actively contribute to policy-making related to desktop fabrication</hi>, especially as collections of 3D materials (e.g., Europeana and Thingiverse) continue to grow alongside popular usage. Put differently: desktop fabrication is a disruptive technology. Governments, GLAM institutions, and universities have yet to determine its cultural implications. As such, this research is by necessity a matter of social importance and an opportunity for digital humanities to shape public knowledge.</p> 


                
</div>

</body>


</text>
</TEI>

