<?xml version="1.0" encoding="UTF-8"?>

<?oxygen RNGSchema="http://jetson.unl.edu/cdrh/schemas/tei_all.rng" type="xml"?>
<TEI xmlns="http://www.tei-c.org/ns/1.0" xml:id="ab-429">
    
<teiHeader>
<fileDesc>
<titleStmt>
<title>Creating Port: Research Commons</title>
<author>
<name><surname>Lindblad</surname>, <forename>Purdom</forename></name>
<affiliation>Virginia Tech University, United States of America</affiliation>
<email>purdom6@vt.edu</email>
</author> 
<author>
<name><surname>Pencek</surname>, <forename>Bruce</forename></name>
<affiliation>Virginia Tech University, United States of America</affiliation>
<email>bpencek@vt.edu</email>
</author>
<author>
<name><surname>Brooks</surname>, <forename>Edwin</forename></name>
<affiliation>Virginia Tech University, United States of America</affiliation>
<email>ebrooks@vt.edu</email>
</author>
<author>
<name><surname>Speer</surname>, <forename>Julie</forename></name>
<affiliation>Virginia Tech University, United States of America</affiliation>
<email>jspeer@vt.edu</email>
</author>
</titleStmt>

<publicationStmt>
<authority></authority>
<publisher>University of Nebraska-Lincoln</publisher>
<distributor>
<name>Center for Digital Research in the Humanities</name>
<address>
<addrLine>319 Love Library</addrLine>
<addrLine>University of Nebraska&#8211;Lincoln</addrLine>
<addrLine>Lincoln, NE 68588-4100</addrLine>
<addrLine>cdrh@unlnotes.unl.edu</addrLine>
</address>
</distributor>
<pubPlace>Lincoln, Nebraska</pubPlace> 
<address>
<addrLine>University of Nebraska-Lincoln</addrLine>
<addrLine>Lincoln, NE 68588-4100</addrLine>
</address>
<availability>
<p></p>
</availability>
</publicationStmt>
            
<notesStmt><note type="abstract">Newman Library recently supported the creation of a unique digital research lab and collaboration space, Port: Research Commons. Experimental and crossing library departments, Port offers geospatial, data visualization, text analysis, data management, and graphic design software. Additionally, Port supports digital research through one-to-one consultations with library and campus experts, small workshops, and speakers series. The poster showcases the development and ongoing initiatives within Port.</note></notesStmt>
            
<sourceDesc>
<p>No source: created in electronic format.</p>
</sourceDesc>
</fileDesc>
        
<profileDesc>
<textClass>
<keywords scheme="original" n="category">
<term>Poster</term>
</keywords>
<keywords scheme="original" n="subcategory">
<term></term>
</keywords>
<keywords scheme="original" n="keywords">
<term>Digital Humanities Facilities</term>
<term>Digital Humanities Institutional Support</term>
<term>Libraries</term>
                 
</keywords>
<keywords scheme="original" n="topic">
<term>digital humanities &#8212; institutional support</term>
<term>project design</term>
<term>organization</term>
<term>management</term>
<term>GLAM: galleries, libraries, archives, museums</term>
<term>digital humanities &#8212; facilities</term>
<term>interdisciplinary collaboration</term>
                    
</keywords>
</textClass>
</profileDesc>
        
<revisionDesc>
<change>
<date when="2013-03-29"></date>
<name>Erin Pedigo</name>
<desc>Initial encoding</desc>
</change>
</revisionDesc>
</teiHeader>
    
<text type="poster">
<body>
<div>

    <p>Virginia Tech Libraries recently created a digital research lab and collaboration space, Port: Research Commons. Experimental and crossing library departments, Port offers geospatial, data visualization, text analysis, data management, and graphic design software. Additionally, Port supports digital research for a variety of disciplines at Virginia Tech through one-to-one consultations with library and campus experts, small workshops, and speakers’ series.</p>
    <p>Within a semester Port has become a hub of intellectual inquiry spanning from graphic design and statistics to data management. This poster highlights the dynamic digital humanities activities and collaborations happening in the space and the process of launching Port: Research Commons.</p>
    <p>The poster will detail early library efforts to support digital research and highlight how earlier initiatives laid the foundation for the successful beginnings of Port. It will outline current programming and projects, focusing on the collaborations vital to Port’s success.</p>
    <p>Situating Port within the growing landscape of library research commons, the poster explores the library, specifically research commons, as hub for the myriad of disciplines working on digital research and scholarship.</p>
    <p>In addition to serving as a critical space for a broad range of learning and eResearch related needs, Port is a gathering space for faculty, graduate students, and librarians working within digital humanities. Port has become a space used in unique ways to support digital humanities initiatives stemming from the Library’s new Center for Digital Research and Scholarship, while also serving as a space incubating collaborations between other campus groups and library programs, including the library’s new learning initiatives. Library outreach efforts to departments around campus are supported by software and inviting collaboration space.</p>
    <p>The Center for Digital Research and Scholarship, in collaboration with Center for Applied Technologies in the Humanities, CATH, is working on moving the TEI project, Lord Byron and His Times, to the library for hosting. Bringing together the college librarian for humanities and digital humanities, library ITS, and Dr. David Radcliff, Port is the meeting space for assessing the current TEI information architecture and moving it to a more scalable architecture. In this poster, we’ll highlight the important use of this space for technology explorations related to CATH’s Lord Bryon project as well as use of the space for other digital humanities projects where the library is involved as collaborator or project lead.</p>
    <p>Our poster provides the history, current projects, such as Lord Bryon and His Times and the DH Working Group, and explores library research commons as vital support for digital research on campus.</p>
</div>

</body>
</text>
</TEI>