<?xml version="1.0" encoding="utf-8"?>
<?oxygen RNGSchema="http://jetson.unl.edu/cdrh/schemas/tei_all.rng" type="xml"?>
<TEI xmlns="http://www.tei-c.org/ns/1.0" xmlns:xmt="http://www.cch.kcl.ac.uk/xmod/tei/1.0" xml:id="intro-001">

<teiHeader>
<fileDesc>
<titleStmt>
    <title type="nodisplay">Title Page</title>

</titleStmt>
<publicationStmt>
<authority></authority>
<publisher>University of Nebraska-Lincoln</publisher>
<distributor>
<name>Center for Digital Research in the Humanities</name>
<address>
<addrLine>319 Love Library</addrLine>
<addrLine>University of Nebraska&#8211;Lincoln</addrLine>
<addrLine>Lincoln, NE 68588-4100</addrLine>
<addrLine>cdrh@unl.edu</addrLine>
</address>
</distributor>
<pubPlace>Lincoln, Nebraska</pubPlace> 
<address>
<addrLine>University of Nebraska-Lincoln</addrLine>
<addrLine>Lincoln, NE 68588-4100</addrLine>
</address>
<availability>
<p></p>
</availability>
</publicationStmt>
<sourceDesc>
<p>No source: created in electronic format.</p>
</sourceDesc>
</fileDesc>

<profileDesc>
<textClass>
<keywords scheme="original" n="category">
<term>Intro</term>
</keywords>
<keywords scheme="original" n="subcategory">
<term></term>
</keywords>
<keywords scheme="original" n="topic">
<term></term>
</keywords>
<keywords scheme="original" n="keywords">
<term></term>
</keywords>
</textClass>
</profileDesc>

<revisionDesc>
<change>
<date/>
<name/>
<desc/>
</change>
</revisionDesc>
</teiHeader>

<text type="intro" n="single">
<body>
<div>
    
    <p n="intro_text_center">ALLC: The European Association for Digital Humanities (ALLC)<lb/>
       Association for Computers and the Humanities (ACH)<lb/>
        Canadian Society for Digital Humanities / Société canadienne des humanités numériques (CSDH/SCHN)<lb/>
        centerNet<lb/>
        Australasian Association for Digital Humanities (aaDH)<lb/>
        Japanese Association for Digital Humanites (JADH)<lb/>
    </p>
</div>
    <div>

        <head n="intro_head_large_center">Digital Humanities 2013</head>
        <head n="intro_head_medium_italic_center">Conference Abstracts</head>
        <head n="intro_head_medium_center">University of Nebraska–Lincoln, USA</head>
        <head n="intro_head_medium_center">16-19 July 2013</head>
    

    </div>

</body>


</text>
</TEI>

