<?xml version="1.0" encoding="utf-8"?>
<?oxygen RNGSchema="http://jetson.unl.edu/cdrh/schemas/tei_all.rng" type="xml"?>
<TEI xmlns="http://www.tei-c.org/ns/1.0" xmlns:xmt="http://www.cch.kcl.ac.uk/xmod/tei/1.0" xml:id="workshops-008">

<teiHeader>
<fileDesc>
<titleStmt>
<title>Keywords to Keyframes: Video Analytics for Archival Research</title>
<author>
<name><surname>Kuhn</surname>, <forename>Virginia</forename></name>
<affiliation>Associate director of the Institute for Multimedia Literacy in the School of Cinematic Arts at the University of Southern California</affiliation>
<email>vkuhn@cinema.usc.edu</email>
</author>
<author>
<name><surname>Simeone</surname>, <forename>Michael</forename></name>
<affiliation>Institute for Computing in Humanities, Arts, and Social Science, University of Illinois at Urbana &#8212; Champaign</affiliation>
<email>mpsimeon@gmail.com</email>
</author>
</titleStmt>

<publicationStmt>
<authority></authority>
<publisher>University of Nebraska-Lincoln</publisher>
<distributor>
<name>Center for Digital Research in the Humanities</name>
<address>
<addrLine>319 Love Library</addrLine>
<addrLine>University of Nebraska&#8211;Lincoln</addrLine>
<addrLine>Lincoln, NE 68588-4100</addrLine>
<addrLine>cdrh@unl.edu</addrLine>
</address>
</distributor>
<pubPlace>Lincoln, Nebraska</pubPlace> 
<address>
<addrLine>University of Nebraska-Lincoln</addrLine>
<addrLine>Lincoln, NE 68588-4100</addrLine>
</address>
<availability>
<p></p>
</availability>
</publicationStmt>
<sourceDesc>
<p>No source: created in electronic format.</p>
<p>
<date when="20130715"></date>
<time when="13:00:00"></time>
</p>
<p n="session">Workshop</p>
</sourceDesc>
</fileDesc>

<profileDesc>
<textClass>
<keywords scheme="original" n="category">
<term>Workshops</term>
</keywords>
</textClass>
</profileDesc>

<revisionDesc>
<change>
<date when="2013-05-28"></date>
<name>Erin Pedigo</name>
<desc>Initial encoding</desc>
</change>
</revisionDesc>
</teiHeader>
    

<text type="paper">
<body>
<div>

    <p>The <hi rend="bold">target audience</hi> for this workshop consists of scholars with research interests related to the way that visual media impacts culture.</p></div>
<div>
    <head>Description + Schedule</head> 
    
    <p>This workshop will serve scholars of any level of technical expertise who are interested in studying images as part of their work in the digital humanities using a hybrid method that combines machine analytics (keyframes) and crowd-sourced tagging (keywords). Facilitating a discussion and training session featuring up to twenty participants, we will demo the Large Scale Video Analytics (LSVA) workbench for moving and still image analysis and archiving. The LSVA is a web portal developed through a collaboration among the National Center for Supercomputing Applications (NCSA) and the Extreme Science and Engineering Discovery Environment (XSEDE), the IML (Institute for Multimedia Literacy), and ICHASS (the Institute for Computing in the Humanities, Arts and Social Science). The LSVA has customized the prominent Medici content management system, a multimedia database which has served scholars worldwide. The LSVA requires no software installation, though we do require online access. Further, we will provide access to IM2Learn, a free software package for image analysis developed by the NCSA. There will be no CFP associated with this workshop; rather, we would like participants to self select.</p>
    <p>The LSVA deploys the application of various algorithms for image recognition and visualization into the workflow that allows real-time analysis of video, as well as crowd-sourced content labeling such that the system becomes more valuable the more it is used.</p>       
    <p>In addition, the LSVA team has created and customized visualization tools that enhance research in several ways: novel visualizations employ spatial and temporal simultaneity, revealing unique aspects of a single film sequence; comparative visualizations represent relationships among multiple films within an archive; and, finally, the integration of visualization imagery becomes an input tag and a front end process that feeds the <hi rend="italic">Medici</hi> content management system and enhances word-based labels, helping to close the semantic gap that occurs when words are applied to images.</p>

<list type="simple">

    <item><hi>8:00-8:30 am:</hi> Introduction to basic concepts of computer vision and image retrieval</item>

    <item><hi>8:30-9:00 am:</hi> Overview of standard research methodologies and those the LSVA extends</item>

    <item><hi>9:00-9:15 am:</hi>BREAK</item>

    <item><hi>9:15-10:00 am:</hi> Demo of LSVA system and walkthrough of interpreting output and requerying</item>

    <item><hi>10:00-11:00 am:</hi> Hands-on with LSVA system: uploading, sorting, and analyzing moving and still images</item></list>
</div>

<div>
<head>Workshop Leader Bios</head>

    <p>BIO: <hi rend="bold">Virginia Kuhn</hi> is associate director of the Institute for Multimedia Literacy, an organized research unit in the School of Cinematic Arts at the University of Southern California. She was the 2009 recipient of the USC provost’s Award for Teaching with Technology, she co-chairs the Scholarly Interest Group on Media Literacy and Pedagogical Outreach for the Society for Cinema and Media Studies, and she serves on the editorial boards of several journals of media and technology. She joined USC in 2005 after successfully defending one of the first born-digital dissertations in the US, challenging archiving and copyright conventions. Committed to helping shape open source tools for scholarship, she published the first article created in Scalar, which appeared in the <hi rend="italic">International Journal of Learning and Media</hi> and titled “Filmic Texts and the Rise of the Fifth Estate. She also serves on the editorial boards of several journals of media and technology.</p>

    <p>BIO: <hi rend="bold">Michael Simeone</hi> is the Associate Director for Research and Interdisciplinary Studies at ICHASS at the University of Illinois at Urbana-Champaign. Aside from his work on projects that engage the computational study of video, image-analysis of Great Lakes area historical maps, and the significance of social network analytics for the humanities, his research focuses on the intersection of humanities research procedures and data science. He received his PhD in English from the University of Illinois at Urbana-Champaign.</p>
</div>


</body>
</text>
</TEI>

