<?xml version="1.0" encoding="utf-8"?>
<?oxygen RNGSchema="http://jetson.unl.edu/cdrh/schemas/tei_all.rng" type="xml"?>
<TEI xmlns="http://www.tei-c.org/ns/1.0" xmlns:xmt="http://www.cch.kcl.ac.uk/xmod/tei/1.0" xml:id="workshops-010">

<teiHeader>
<fileDesc>
<titleStmt>
 <title>Introduction to the TXM content analysis platform</title>
<author>
<name><surname>Heiden</surname>, <forename>Serge</forename></name>
<affiliation>Project manager of the TXM platform development</affiliation>
<email>slh@ens-lyon.fr</email>
</author>
</titleStmt>

<publicationStmt>
<authority></authority>
<publisher>University of Nebraska-Lincoln</publisher>
<distributor>
<name>Center for Digital Research in the Humanities</name>
<address>
<addrLine>319 Love Library</addrLine>
<addrLine>University of Nebraska&#8211;Lincoln</addrLine>
<addrLine>Lincoln, NE 68588-4100</addrLine>
<addrLine>cdrh@unl.edu</addrLine>
</address>
</distributor>
<pubPlace>Lincoln, Nebraska</pubPlace> 
<address>
<addrLine>University of Nebraska-Lincoln</addrLine>
<addrLine>Lincoln, NE 68588-4100</addrLine>
</address>
<availability>
<p></p>
</availability>
</publicationStmt>
<sourceDesc>
<p>No source: created in electronic format.</p>
<p>
<date when="20130716"></date>
<time when="08:00:00"></time>
</p>
<p n="session">Workshop</p>
</sourceDesc>
</fileDesc>

<profileDesc>
<textClass>
<keywords scheme="original" n="category">
<term>Workshops</term>
</keywords>
</textClass>
</profileDesc>

<revisionDesc>
<change>
<date when="2013-05-28"></date>
<name>Erin Pedigo</name>
<desc>Initial encoding</desc>
</change>
</revisionDesc>
</teiHeader>

<text type="paper">
<body>
<div>
    <p>The objective of the “introduction to TXM” tutorial is to introduce the participants to the methodology of textometric content analysis (<ref type="url" target="http://textometrie.ens-lyon.fr/?lang=en">http://textometrie.ens-lyon.fr/?lang=en</ref>) through working with the TXM software directly on their own laptop computers. At the end of the tutorial, the participants will be able to input their own textual corpora (Unicode encoded raw texts or XML tagged texts) into TXM and to analyze them with the panel of content analysis tools available : word patterns frequency lists, kwic concordances and text browsing, rich full text search engine syntax (allowing to express various sequences of word forms, part of speech and lemma combinations constrained by XML structures), statistically specific sub-corpus vocabulary analysis, statistical collocation analysis, etc.).</p>
    <p>During the tutorial, each participant will install TXM (from <ref type="url" target="http://sourceforge.net/projects/txm">http://sourceforge.net/projects/txm</ref>) and the TreeTagger lemmatizer (<ref type="url" target="http://www.ims.uni-stuttgart.de/projekte/corplex/TreeTagger">http://www.ims.uni-stuttgart.de/projekte/corplex/TreeTagger</ref>) on her Windows, Mac or Linux laptop and will leave the tutorial with a ready to use environment.</p>
    <p>The tutorial will also introduce the participants to the TXM community ecosystem (users mailing list and wiki, bug reports, etc.) and to the TXM portal version server software (See for example <ref type="url" target="http://portal.textometrie.org/demo">http://portal.textometrie.org/demo</ref>) for on line corpus distribution and analysis. Time permitting, TEI encoding aspects of corpora related to TXM could also be introduced, as well as speech transcriptions or parallel corpora encoding and analysis.</p>
    <p>The objective of the “introduction to TXM” tutorial is to introduce the participants to the methodology of textometric content analysis (<ref type="url" target="http://portal.textometrie.org/demo">http://textometrie.ens-lyon.fr/?lang=en</ref>) through working with the TXM software directly on their own laptop computers. At the end of the tutorial, the participants will be able to input their own textual corpora (Unicode encoded raw texts or XML tagged texts) into TXM and to analyze them with the panel of content analysis tools available : word patterns frequency lists, kwic concordances and text browsing, rich full text search engine syntax (allowing to express various sequences of word forms, part of speech and lemma combinations constrained by XML structures), statistically specific sub-corpus vocabulary analysis, statistical collocation analysis, etc.)</p>
    <p>The tutorial will be taught in English for the first time in DH2013 (the TXM User Graphical Interface is already available in English), and will complement two accepted communications introducing the TXM platform given during the conference:

<list type="simple">
    <item>&#8212;“TXM Platform for analysis of TEI encoded textual sources” #391 long paper;</item>
    <item>&#8212; “TXM Portal: Providing Online Access to Textometric Corpus Analysis” #399 poster with live demo.</item></list></p>
</div>

<div>
<head>Tutorial Instructor</head>

    <p>Serge Heiden</p>
    <p>Project manager of the TXM platform development (<ref type="url" target="http://textometrie.ens-lyon.fr/spip.php?article9">http://textometrie.ens-lyon.fr/spip.php?article9</ref>). S. Heiden develops the textometry content analysis methodology through the development of tools able to process richly encoded corpora. Working on the relation between analysis tools and XML-TEI encoded corpora, he is involved in the TEI consortium activities as the TEI Tools SIG convener (<ref type="url" target="http://www.tei-c.org/Activities/SIG/Tools">http://www.tei-c.org/Activities/SIG/Tools</ref>).</p>
</div>

<div>
<head>Target audience and expected number of participants</head>

    <p>The ideal number of participants is about 12-15 people, the maximum number of participants is about 20.</p>
    <p>Each participant should come with her own laptop computer. The tutorial needs to run at least for a full day(*): typically half day for TXM tools fundamentals and half day for main corpus formats fundamentals (TXT and XML) and input procedures into the platform.</p>
    <p>(*) The regular TXM tutorials run for two days (one day TXM introduction, one day corpus formating and import into TXM).</p>
</div>

<div>
    <head>Brief Outline</head> 
    
    <list type="simple">
        <item>9am – 12pm</item>
        <item>1pm – 5pm</item></list>

<list type="simple">

    <item>&#8212; Install &amp; introduction: 45'</item>
    <item>&#8212; TXM user interface &amp; windows, corpus Description command</item></list>
</div>

<div>

<list type="simple">

    <item>&#8212; Main tools: 2h15</item>

    <item>&#8212;Lexicon analysis &amp; spreadsheet export</item>

    <item>&#8212;Index building for distributional semantics &amp; Corpus Query Language syntax</item>

    <item>&#8212; Concordance &amp; Reading, Progression graphics</item>

    <item>&#8212;Partitions, Subcorpus &amp; Specificity/Factorial analysis</item>

    <item>&#8212;Coccurrence analysis</item>

    <item>&#8212;TXM portal demo (optional)</item>

    <item>&#8212;TXM community: mailing lists, web sites and documentation</item></list>
</div>

<div>

    <list type="simple">

        <item>&#8212; TXM import strategy and main corpus formats: TXT-Unicode+CSV, XML+CSV, XML-TEI: 1/2h</item>

        <item>&#8212; TXT-Unicode sample corpus and TXT+CSV import into TXM, sample analysis: 1h15</item>
        
        <item>&#8212; introduction to XML and to TXT2XML conversion tools: 1/2h</item>
        
        <item>&#8212; XML sample corpus and XML/w+CSV import into TXM, sample analysis: 1h45</item></list>
</div>
        
</body>
</text>
</TEI>

