<?xml version="1.0" encoding="utf-8"?>
<?oxygen RNGSchema="http://jetson.unl.edu/cdrh/schemas/tei_all.rng" type="xml"?>
<TEI xmlns="http://www.tei-c.org/ns/1.0" xmlns:xmt="http://www.cch.kcl.ac.uk/xmod/tei/1.0" xml:id="workshops-007">

<teiHeader>
<fileDesc>
<titleStmt>
 <title>Built to Last: Sustainability Strategies for Digital Humanities Projects </title>
<author>
<name>
<surname>Maron</surname>, <forename>Nancy</forename></name>
<affiliation>Program Director, Ithaka S+R</affiliation>
<email>nancy.maron@ithaka.org</email>
</author>
</titleStmt>

<publicationStmt>
<authority></authority>
<publisher>University of Nebraska-Lincoln</publisher>
<distributor>
<name>Center for Digital Research in the Humanities</name>
<address>
<addrLine>319 Love Library</addrLine>
<addrLine>University of Nebraska&#8211;Lincoln</addrLine>
<addrLine>Lincoln, NE 68588-4100</addrLine>
<addrLine>cdrh@unl.edu</addrLine>
</address>
</distributor>
<pubPlace>Lincoln, Nebraska</pubPlace> 
<address>
<addrLine>University of Nebraska-Lincoln</addrLine>
<addrLine>Lincoln, NE 68588-4100</addrLine>
</address>
<availability>
<p></p>
</availability>
</publicationStmt>
<sourceDesc>
<p>No source: created in electronic format.</p>
<p>
<date when="20130715"></date>
<time when="13:00:00"></time>
</p>
<p n="session">Workshop</p>
</sourceDesc>
</fileDesc>

<profileDesc>
<textClass>
<keywords scheme="original" n="category">
    <term>Workshops</term>
</keywords>
</textClass>
</profileDesc>

<revisionDesc>
<change>
<date when="2013-05-28"></date>
<name>Erin Pedigo</name>
<desc>Initial encoding</desc>
</change>
</revisionDesc>
</teiHeader>

<text type="paper">
<body>
<div>
    <p>Scholars, librarians, and publishers today are building digital resources that are valuable for scholarship and teaching in the humanities, from multi-format research projects to digitized collections to born-digital works and innovative software tools. While some may be experiments and are valuable for the experience they offer or the capacity they build, others create collections of content, dynamic websites, or other resources that are intended to continue well beyond their initial creation. As these projects continue, their creators often face the challenge of identifying the financial and non-financial resources that will permit them to maintain their value to users over time.</p>
    <p>For the past several years, the team at Ithaka S+R has been studying how project leaders develop successful sustainability plans, learning from hundreds of project leaders around the world who have spoken with us about the challenges they face in building their projects and in finding ongoing support for the activities they feel need to be sustained post-grant.</p>
    <p>This half-day tutorial will introduce project leaders to the basics of sustainability planning, help them establish ambitious but realistic sustainability goals, define the challenges they face, and sketch out a hypothesis of their ideal funding model. The workshop will include group participation and will share real-world examples, illustrated by case studies of projects that really worked, or  …didn’t. The session will also allow participants to review the ‘Funding Model Framework,’ a tool designed by Ithaka S+R to help guide those leading digital resource projects in choosing and testing the funding strategies that will work best for them</p>
    <p>We hope that by introducing new some ideas and practical tools in a supportive and engaging setting, this tutorial will encourage digital humanities project leaders in developing and testing new ideas to support their work.</p>
    <p>Ithaka S+R is a not-for-profit research, training, and consulting service that has been studying the sustainability of digital resources for several years. We are currently engaged in an NEH-funded research project on <hi rend="italic">Sustaining the Digital Humanities</hi>, exploring institutional strategies for supporting this work. Other recent reports on this topic include <hi rend="italic">Sustaining Our Digital Future: Institutional Strategies for Digital Content</hi> (2013); <hi rend="italic">Revenue, Recession, Reliance: Revisiting the Case Studies in Sustainability</hi> (2011); <hi rend="italic">Funding for Sustainability: How Funders’ Practices Influence the Future of Digital Resources</hi> (2011); <hi rend="italic">Sustaining Digital Resources: An On-the-Ground View of Projects Today</hi> (2009). Our reports and tools are freely available on the Ithaka S+R website at <ref type="url" target="http://www.sr.ithaka.org">http://www.sr.ithaka.org/.</ref></p>
</div>

<div>
<head>Instructors</head>

    <p><hi>Facilitator: Nancy Maron, Program Director, Ithaka S+R</hi></p>
    <p>Nancy Maron leads Ithaka S+R’s program in Sustainability and Scholarly Communications, developing research, tools, and training to assist those responsible for funding, leading, or otherwise supporting digital resources in higher education and the cultural sector. She has led Ithaka S+R’s recent studies on sustainability, including <hi rend="italic">Sustaining Digital Resources: An On-the-Ground View of Projects Today</hi> (2009), <hi rend="italic">Ithaka S+R Case Studies in Sustainability</hi> (2009), <hi rend="italic">Revenue, Recession, Reliance: Revisiting the Case Studies in Sustainability</hi> (2011), and <hi rend="italic">Funding for Sustainability: How Funders’ Practices Influence the Future of Digital Resources</hi> (2011). Prior to joining Ithaka S+R, Nancy spent more than a decade in the book publishing industry, at Harry N. Abrams, Macmillan Library Reference, and the Perseus Books Group, where she was Director of Academic and Library Marketing. She holds a B.A. in Humanities from Yale University and an M.A. in French Studies and History from New York University.</p>
</div>

<div>
<head>Target Audience</head>

    <p>Participants of this tutorial should be those with interest in and/or responsibility for charting a course for the development of a digital scholarly project or resource. This could include:</p>

<list type="simple">

    <item><hi>Academic project leaders</hi> who are leading or have created a digital resource.</item>

    <item><hi>Managers of digital collections and digitization units at cultural organizations,</hi> including museums, libraries, archives and other institutions.</item></list>

    <p>Those in early stages of considering sustainability strategies for their projects are encouraged to attend. The maximum class size for this workshop is 40, to allow for best discussion and sharing of experience.</p>
</div>

<div>
<head>Brief Course Outline</head>

<list type="simple">

    <item>9:00–9:20	Introductions; presentation of projects and sustainability challenges</item>

    <item>9:20–10:00 Introduction to sustainability basics; defining your sustainability ‘goal’</item>

    <item>10:00–10:15 Sketching a funding model: The Funding Model Framework</item>

    <item>10:15-10:45 Group work: your sustainability hypothesis</item>

    <item>10:45-11:00 Break</item>

    <item>11:00-11:30 Testing your hypothesis: The research phase</item>

    <item>11:30–12:00 Defining next steps</item></list>
</div>

</body>
</text>
</TEI>

