<?xml version="1.0" encoding="utf-8"?>
<?oxygen RNGSchema="http://jetson.unl.edu/cdrh/schemas/tei_all.rng" type="xml"?>
<TEI xmlns="http://www.tei-c.org/ns/1.0" xmlns:xmt="http://www.cch.kcl.ac.uk/xmod/tei/1.0" xml:id="workshops-013">

<teiHeader>
<fileDesc>
<titleStmt>
<title>Tutorial: Designing successful digital humanities crowdsourcing projects </title>
<author>
<name><surname>Ridge</surname>, <forename>Mia</forename></name>
<affiliation>PhD candidate in Department of History, Open University, United Kingdom</affiliation>
<email>mia.ridge@open.ac.uk.</email>
</author>
</titleStmt>

<publicationStmt>
<authority></authority>
<publisher>University of Nebraska-Lincoln</publisher>
<distributor>
<name>Center for Digital Research in the Humanities</name>
<address>
<addrLine>319 Love Library</addrLine>
<addrLine>University of Nebraska&#8211;Lincoln</addrLine>
<addrLine>Lincoln, NE 68588-4100</addrLine>
<addrLine>cdrh@unl.edu</addrLine>
</address>
</distributor>
<pubPlace>Lincoln, Nebraska</pubPlace> 
<address>
<addrLine>University of Nebraska-Lincoln</addrLine>
<addrLine>Lincoln, NE 68588-4100</addrLine>
</address>
<availability>
<p></p>
</availability>
</publicationStmt>
<sourceDesc>
<p>No source: created in electronic format.</p>
<p>
<date when="20130716"></date>
<time when="13:00:00"></time>
</p>
<p n="session">Workshop</p>
</sourceDesc>
</fileDesc>

<profileDesc>
<textClass>
<keywords scheme="original" n="category">
<term>Workshops</term>
</keywords>
</textClass>
</profileDesc>

<revisionDesc>
<change>
<date when="2013-05-28"></date>
<name>Erin Pedigo</name>
<desc>Initial encoding</desc>
</change>
</revisionDesc>
</teiHeader>

<text type="paper">
<body>
<div>

<head>Brief description of content or topic</head>

    <p>Successful crowdsourcing projects help organisations connect with audiences who enjoy engaging with their content and tasks, whether transcribing handwritten documents, correcting OCR errors, identifying animals on the Serengeti or folding proteins. Conversely, poorly-designed crowdsourcing projects find it difficult to attract or retain participants.</p>
    <p>This workshop will present international case studies of best practice crowdsourcing projects to illustrate the range of tasks that can be crowdsourced, the motivations of participants and the characteristics of well-designed projects.  Attendees will learn about the attributes of well-designed humanities crowdsourcing projects and will be able to apply these lessons by designing and critiquing a simple crowdsourced task based on their own materials or projects.</p>
    <p>Sample outline for half-day workshop:

<list type="simple">

    <item>9:00-10:30 Introductions, definitions, history and examples of types, tasks</item>

    <item>10:30-10:45 Break</item>

    <item>10:45-11:30 Ethics, participation and motivations in crowdsourcing; design tips 
        for crowdsourcing projects</item>

    <item>11:30-11:45 Break</item>

    <item>11:45-12:30 Working in pairs/small groups: design a crowdsourcing project; 
        optionally discuss results with the group </item></list></p>
</div>

<div>
<head>Contact information for workshop leader, including a one-paragraph statement of research interests and areas of expertise</head>

    <p>Mia is currently researching a PhD in digital humanities (Department of History, Open University, United Kingdom), focusing on historians' use, evaluation of and contributions to scholarly crowdsourcing projects. She has published and presented widely on her research including user experience research and design for engagement and participation in cultural heritage and is editing a book called Crowdsourcing our Cultural Heritage (Ashgate, forthcoming). Formerly Lead Web Developer at the Science Museum Group, Mia has designed successful crowdsourcing projects, advised prestigious cultural organisations on usability and design for audience participation, and delivered full-day training workshops on crowdsourcing and data visualisation for scholarly research for the British Library's Digital Scholarship programme.</p>
</div>

<div>
<head>Description of target audience and expected number of participants (based, if possible, on past experience)</head>

    <p>I have run this workshop before as a full-day workshop and have modified it for a half-day version for DH2013. Based on past experience, this tutorial can accommodate up to 24 participants. No technical or design experience is necessary but knowledge of potential or existing audiences for any relevant datasets or related tasks would be helpful in the design exercise.  There are no special requirements for technical support.</p>
</div>
    
</body>
</text>
</TEI>

