<?xml version="1.0" encoding="utf-8"?>
<?oxygen RNGSchema="http://jetson.unl.edu/cdrh/schemas/tei_all.rng" type="xml"?>
<TEI xmlns="http://www.tei-c.org/ns/1.0" xmlns:xmt="http://www.cch.kcl.ac.uk/xmod/tei/1.0" xml:id="workshops-009">

<teiHeader>
<fileDesc>
<titleStmt>
<title>From 2D to 3D: An Introduction to Additive Manufacturing and Desktop Fabrication</title>
<author>
<name><surname>Boggs</surname>, <forename>Jeremy</forename></name>
<affiliation>Design Architect for Digital Research and Scholarship in the Scholars’ Lab, at the University of Virginia Library</affiliation>
<email>jkb2b@virginia.edu</email>
</author>
<author>
<name><surname>Elliott</surname>, <forename>Devon</forename></name>
<affiliation>PhD candidate in history at Western University</affiliation>
<email>devonelliott@gmail.com</email>
</author>
<author>
<name><surname>Sayers</surname>, <forename>Jentery</forename></name>
<affiliation>Assistant Professor of English at the University of Victoria</affiliation>
<email>jentery@uvic.ca</email>
</author>
</titleStmt>

<publicationStmt>
<authority></authority>
<publisher>University of Nebraska-Lincoln</publisher>
<distributor>
<name>Center for Digital Research in the Humanities</name>
<address>
<addrLine>319 Love Library</addrLine>
<addrLine>University of Nebraska&#8211;Lincoln</addrLine>
<addrLine>Lincoln, NE 68588-4100</addrLine>
<addrLine>cdrh@unl.edu</addrLine>
</address>
</distributor>
<pubPlace>Lincoln, Nebraska</pubPlace> 
<address>
<addrLine>University of Nebraska-Lincoln</addrLine>
<addrLine>Lincoln, NE 68588-4100</addrLine>
</address>
<availability>
<p></p>
</availability>
</publicationStmt>
<sourceDesc>
<p>No source: created in electronic format.</p>
<p>
<date when="20130716"></date>
<time when="08:00:00"></time>
</p>
<p n="session">Workshop</p>
</sourceDesc>
</fileDesc>

<profileDesc>
<textClass>
<keywords scheme="original" n="category">
<term>Workshops</term>
</keywords>
</textClass>
</profileDesc>

<revisionDesc>
<change>
<date when="2013-05-28"></date>
<name>Erin Pedigo</name>
<desc>Initial encoding</desc>
</change>
</revisionDesc>
</teiHeader>

<text type="paper">
<body>
<div>
    <p>Desktop fabrication is the digitization of analog manufacturing techniques. Comparable to desktop publishing, it affords the output of digital content (e.g., 3D models) in physical form (e.g., plastic). It also personalizes production through accessible software and hardware, with more flexibility and rapidity than its analog predecessors.</p>
    <p>Additive manufacturing is a process whereby a 3D form is constructed by building successive layers of a melted source material (at the moment, this is most often some type of plastic). There is little waste, as material is not removed from a block to create the shape, as in traditional machine milling, for example. The method also affords the materialization of forms not possible to construct from traditional subtractive processes of manufacturing. The technology driving additive manufacturing in the desktop fabrication field is the 3D printer, tabletop devices that materialize digital 3D models.</p>
    <p>In this workshop, we will introduce technologies used for desktop fabrication and additive manufacturing, and offer a possible workflow that bridges the digital and physical worlds for work with threedimensional forms. We will begin by introducing 3D printers, and demonstrate how they operate by printing things throughout the event. The software used in controlling the printer and in preparing models to print will be explained. We will use free software sources so those in attendance can experiment with the tools as they are introduced.</p>
    <p>The main elements of the workshop are

<list type="unordered">

<item>Acquisition of digital 3D models &#8212; from online repositories to creating your own with photogrammetry, scanning technologies, and modelling software</item>

<item>Software to clean and reshape digital models in order to make them print-ready and remove artifacts from the scanning process.</item>

<item>3D printers and the software to control and use them</item></list>

Those attending are asked to bring, if possible, a laptop computer to install and run the software introduced, and a digital camera or smartphone for experimenting with photogrammetry. Workshop facilitators will bring cameras, a 3D printer, plastics, and related materials for the event. By the end of the conference, each participant will have the opportunity to print an object for their own use.Those attending are asked to bring, if possible, a laptop computer to install and run the software introduced, and a digital camera or smartphone for experimenting with photogrammetry. Workshop facilitators will bring cameras, a 3D printer, plastics, and related materials for the event. By the end of the conference, each participant will have the opportunity to print an object for their own use.</p>
</div>

<div>
    
    <head>Instructors</head>
    <head type="sub">Jeremy Boggs, University of Virginia Library</head>
    <p>
        Jeremy Boggs is the Design Architect for Digital Research and Scholarship in the Scholars’ Lab, at the University of Virginia Library. His dissertation, entitled “The Designing Historian,” explores design as a methodology for doing digital history. Other research interests include the history of design, the history of technology, and social/cultural history. He has conducted workshops and introduced 3D printing at the Scholar’s Lab.</p>
</div>

<div>

<head type="sub">Devon Elliott, Western University</head>
    <p>Devon Elliott is a PhD candidate in history at Western University. In addition to his application of digital fabrication methods to his dissertation project on the history of stage magic, he has conducted workshops on 3D technologies at universities, conferences, galleries, and hackerspaces. He is also an instructor on digital fabrication and physical computing at the Digital Humanities Summer Institute.</p>
</div>

<div>

    <head type="sub">Jentery Sayers, UVic</head>
    <p>Jentery Sayers is an Assistant Professor of English at the University of Victoria, with research interests in comparative media studies, digital humanities, AngloAmerican modernism, computers and composition, and teaching with technologies. He is the director of the Maker Lab at UVic, and teaches digital fabrication and physical computing at the Digital Humanities Summer Institute.</p>            
</div>

<div>
<head>Audience</head>

    <p>Targeted towards scholars interested in learning about technologies surrounding 3D printing and additive manufacturing, and for accessible solutions to implementing those technologies in their work. Past workshops have been for faculty, graduate and undergraduate students in the humanities; librarians; archivists; GLAM professionals; digital humanities centers. This is an introductory workshop, so little prior experience is necessary, only a desire to learn and be engaged with the topic.</p>
</div>

<div>
<head>Length and format of the workshop</head>

    <p>The one day workshop will have three major components that all participants will engage with. These core components are:

<list type="ordered">

    <item>1) Where to get digital 3D models. This can be from online repositories that are freely available (and also serve as potential archival solutions or distributive channels) to creating one’s own models with photogrammetry or scanning technologies, or drawing virtual models in design software.</item>
    
    <item>2) Software solutions that mediate between the virtual forms and the corresponding physical technologies are necessary to clean and postprocess models to make them suitable for printing. There isn’t one tool to do all this, so this section will introduce those various software platforms, and explain both how the virtual model needs to be transformed and the specific elements of those software packages that enable one to make those changes.</item>
    
    <item>3) 3D printing What is it? How does it work? What machines are available? Pros and cons of using the devices. Software to interface with the machines. Materials that they can print with. Limits of the printable forms.</item></list></p>
</div>

</body>
</text>
</TEI>

