<!DOCTYPE html>
<html xmlns="http://www.w3.org/1999/xhtml" xml:lang="en">
  <head>
    <title>DHArchive</title>
    <meta http-equiv="content-type" content="text/html; charset=utf-8" />
    <link rel="stylesheet" type="text/css" href="/s/dharchive.css"></link>
    <link rel="shortcut icon" type="image/x-icon" href="favicon.ico" />
  </head>
  <body>
    <header><a href="/"><img src="/i/logo.png" id="logo" />
    
    <h1>.org</h1></a>
    </header>
      <a href="/?c=DH2014"><img src="/data/figures/DH2014/banner.jpg" class="banner"/></a>
      <div id="read">
<div xmlns="http://www.tei-c.org/ns/1.0" xmlns:xhtml="http://www.w3.org/1999/xhtml" xmlns:tei="http://www.tei-c.org/ns/1.0">
  <header xmlns="">
    <h1>Rethinking Text Reuse as Digital Classicists</h1>
    <ul id="details">
      <li><label>Category:</label>Panel</li>
      <li><label>Session:</label>4</li>
      <li><label>Date:</label>2014-07-10<label>Time:</label>09:00:00</li>
      <li><label>Room:</label>410 - Amphimax</li>
    </ul>
    <ul id="authors">
      <li>
        <a href="mailto:matteo.romanello@dainst.de"><span class="author-surname">Romanello</span>,
									<span class="author-forename">Matteo</span></a>
        <a href="http://www.google.com/#q=Romanello, Matteo">
          <img src="/i/search.png"/>
        </a>
        <span class="author-affiliation">German Archaeological Institute &amp; King's College London</span>
      </li>
      <li>
        <a href="mailto:aurelien.berra@u-paris10.fr"><span class="author-surname">Berra</span>,
									<span class="author-forename">Aurélien</span></a>
        <a href="http://www.google.com/#q=Berra, Aurélien">
          <img src="/i/search.png"/>
        </a>
        <span class="author-affiliation">Université Paris-Ouest &amp; EHESS</span>
      </li>
      <li>
        <a href="mailto:alexandra.trachsel@uni-hamburg.de"><span class="author-surname">Trachsel</span>,
									<span class="author-forename">Alexandra</span></a>
        <a href="http://www.google.com/#q=Trachsel, Alexandra">
          <img src="/i/search.png"/>
        </a>
        <span class="author-affiliation">University of Hamburg</span>
      </li>
    </ul>
  </header>
  <p xmlns=""/>
  <h2 xmlns="">1. Participants</h2>
  <ul xmlns="">
    <li>Panel conveners:<ul><li>Aurélien Berra (Université Paris-Ouest &amp; EHESS)</li><li>Matteo Romanello (German Archaeological Institute &amp; King’s College London)</li><li>Alexandra Trachsel (University of Hamburg) </li></ul></li>
  </ul>
  <ul xmlns="">
    <li>Further participants:<ul><li> Monica Berti (University of Leipzig)</li><li>Neil Coffee (University at Buffalo, SUNY)</li><li>Annette Geßner (University of Leipzig)</li><li>Charlotte Tupman (King’s College London)</li></ul></li>
  </ul>
  <h2 xmlns="">2. Description of the panel</h2>
  <h2 xmlns="">2.1 Why rethink text reuse</h2>
  <p xmlns="">Text reuse is the meaningful reiteration of text, usually beyond the simple repetition of common language. Such a broad concept can naturally be understood at different levels and studied in a large variety of contexts. This diversity of approaches is to some extent explained by the fact that the phenomenon exists in almost all disciplines of the Humanities, and is crucial in those which focus on texts.</p>
  <p xmlns="">At one end of this spectrum we find the methods developed by computational linguistics. Research projects in this field study text reuse through automatic analyses within large corpora that often come from widely different backgrounds. The approaches range from the automatic detection of allusions and intertextual phenomena, for example in historical texts, to the detection of plagiarism in modern ones <cite href="#n1">1</cite><cite href="#n2">2</cite><cite href="#n3">3</cite><cite href="#n4">4</cite>. At the other end, the concept also designates a core scholarly activity, connected to most of the “scholarly primitives” <cite href="#n5">5</cite>– this meta-level being obviously our own practice, and having its roots in Antiquity. Furthermore, any kind of citation constitutes an indirect way of transmitting knowledge, either consciously or unconsciously, as well as a rhetorical or narrative device allowing an author to communicate with his audience beyond the level of the linguistic content. As a result, this notion shows how deeply intertwined objectivity and subjectivity are when one handles texts.</p>
  <p xmlns="">Digital approaches often aim at highlighting or defining these complex links between an initial statement and its multiple occurrences (often translations) in later contexts. Indeed, especially when the text reuse of ancient elements in corpora of more recent texts is studied, the fact that the statements are given in translation is an important issue and introduces an additional difficulty. This, however, is not a completely new problem. It can be observed each time that two cultures meet and borrow elements from each others’ cultural heritage. A further notion of text reuse is reached when not only the interconnections between the different reuses of a given textual element are investigated, but also the connections between the contexts in which they occur, whether in the form of unabbreviated quotations or as references within a more conventional citation system.</p>
  <p xmlns="">This panel proposes to gather researchers from different projects focusing on text reuse in order to create an inventory of the possible approaches to and understandings of the notion. Our objective is to highlight the historical dimension of the phenomenon and, ultimately, find some common features that could lead to a more systematic study. Texts are data indeed, but text reuse provides an excellent demonstration that they must be studied also and at the same time as intentional, sophisticated and reflexive cultural products. The emergence of Digital Classics, and of Digital Humanities in general, is an occasion to rethink text reuse and work towards the integration of – or at least foster dialogue and interconnection between – various perspectives.</p>
  <h2 xmlns="">2.2 Studying text reuse in Digital Classics</h2>
  <p xmlns="">A panel on text reuse at the Digital Humanities 2014 Conference seems a very timely initiative, because several projects are currently addressing the question and developing new tools to deal with its different aspects.</p>
  <p xmlns="">The Perseids platform <cite href="#n6">6</cite><cite href="#n7">7</cite> can be mentioned first. As a project of the Perseus Digital Library <cite href="#n8">8</cite>, it aims at creating a collaborative online environment for the edition of a great variety of ancient documents, privileging the requirements of the editing of fragmentarily preserved sources (especially if they are transmitted through quotations) – a specific case of text reuse <cite href="#n9">9</cite><cite href="#n10">10</cite><cite href="#n11">11</cite><cite href="#n12">12</cite>. Indeed current digital libraries, like the Perseus Digital Library or the Thesaurus Linguae Graecae, have started with the wholly preserved ancient texts and deal with fragmentary works as if they were independent entities at the same level as the others. This clearly creates conceptual difficulties, since we only have indirect access to most of the fragmentarily preserved work: some parts of a lost initial work have been reused in the form of quotations in later texts. This reuse may have left some traces in the rewording of the quotation and therefore it is essential to keep the link to the context in which a given passage has been embedded when editing fragmentarily preserved texts.</p>
  <p xmlns="">One way of addressing this issue has been explored by the Sharing Ancient Wisdoms project <cite href="#n13">13</cite>. The project’s goal was to provide digital editions of several texts belonging to the so-called tradition of wisdom literature, by analysing the quoted sayings or proverbs and creating an ontology allowing to describe their diverse relationships <cite href="#n14">14</cite>. Still another approach must be chosen when the focus is shifted from the edition of a text with many quotations in it, such as those dealt with in the SAWS project, to the edition of a set of quotations that come from different source texts, but belong to one lost work, as is currently being explored in Alexandra Trachsel’s research on Demetrios of Scepsis.</p>
  <p xmlns="">In a complementary fashion, the study of single works of considerable size as webs of quotations should enable us to deal better with the reflexive dimension of encyclopaedic writings. Such a perspective is being built in the Digital Athenaeus project, which will explore the combination of digital and philological means of analysis in the preparation of a new edition of the Deipnosophists – a complex literary construction which sets scholarly discussions and pastimes in the context of an Imperial symposium and thus witnesses to the dynamics of text reuse <cite href="#n15">15</cite>.</p>
  <p xmlns="">Further projects, such as Tesserae <cite href="#n16">16</cite> or Eumaios <cite href="#n17">17</cite> move beyond the concept of quotation and focus on more hidden or less acknowledged forms of intertextuality. Tesserae, in particular, is devised to help scholars find previously unexplored intertextual parallels by means of automatic text reuse detection <cite href="#n18">18</cite>. This work has employed small benchmark sets of recognised parallels against which search techniques are measured and methods are improved. But having at hand a large and systematic repertory of already studied <em>loci paralleli</em> is something from which a tool like Tesserae will benefit immensely and that can be built, to a large extent automatically, by extracting from the literature the text passages that were already studied in relation to one another. These parallels are usually signalled in journal articles and other types of secondary sources by means of canonical citations, whose automatic extraction from large corpora of unstructured texts, such as those of JSTOR or the Internet Archive, is a topic that is currently being explored <cite href="#n19">19</cite><cite href="#n20">20</cite>.</p>
  <p xmlns="">The identification and extraction of text reuse is central in eTRACES, a project which just developed a tool named GERTRUDE (Göttingen E-Research Text-Re-Use for Digital Editions). Working on extremely heterogeneous corpora and primarily on German literature written between 1500 and 1900, it actually reflects on and solves similar problems.</p>
  <p xmlns="">All these projects, though they have the concept of text reuse in common, can be distinguished either by the type of corpus they use (texts from Antiquity, German literature, modern scholarly writings) or by their starting point (working on source texts where quotations are preserved, establishing relationships between different works in which the same textual elements occur, or focusing on quoted or reused elements). However, they have accumulated a great amount of knowledge on how to deal with the multiple forms of this cultural practice. The panel therefore aims at bringing together these efforts and should allow each of the projects to benefit from the expertise of the others, so that the solutions already found may be discussed and in the hope that our desiderata may lay the ground for further research. </p>
  <h2 xmlns="">3. Practical organisation of the panel</h2>
  <p xmlns="">Besides the conveners, who will introduce and moderate the discussion, the panel will involve four speakers. After a brief presentation of the participants and of the main issues of the topic (10 minutes), short talks will be given by the four panel participants, illustrating different aspects of text reuse (40 minutes). The remaining time will be devoted to a discussion among all the participants and will be focused on the challenges and desiderata for further projects dealing with text reuse, in Digital Classics and beyond this field (40 minutes).</p>
  <h2 xmlns="">References</h2>
  <p xmlns="">1. <strong>Bamman, D., &amp; Crane, G.</strong> (2008). <em>The logic and discovery of textual allusion</em>. In: Proceedings of the Second Workshop on Language Technology for Cultural Heritage Data (LaTeCH 2008), Marrakesh.</p>
  <p xmlns="">2. <strong>Büchler, M.</strong> (2013). <em>Informationstechnische Aspekte des Historical Text Re-use</em>. PhD Thesis, Universität Leipzig. Retrieved from <a href="http://nbn-resolving.de/urn">nbn-resolving.de/urn</a>:nbn:de:bsz:15-qucosa-108515.</p>
  <p xmlns="">3. <strong>Bamman, D. &amp; Crane, G.</strong> (2009). <em>Discovering Multilingual Text Reuse in Literary Texts</em>. Available at <a href="http://www.perseus.tufts.edu/publications/2009-Bamman.pdf">www.perseus.tufts.edu/publications/2009-Bamman.pdf</a></p>
  <p xmlns="">4. <strong>Lee, J.</strong> (2007). <em>A Computational Model of Text Reuse in Ancient Literary Texts</em>. In Proceedings of the 45th Annual Meeting of the Association of Computational Linguistics, pp. 472–479. Prague, Czech Republic: Association for Computational Linguistics. Retrieved from <a href="http://acl.ldc.upenn.edu/P/P07/P07-1060.pdf">acl.ldc.upenn.edu/P/P07/P07-1060.pdf</a>.</p>
  <p xmlns="">5. <strong>Unsworth, J.</strong> (2000). <em>Scholarly Primitives: What Methods Do Humanities Researchers Have in Common, and How Might Our Tools Reflect This? Formal methods, experimental practice</em>. King’s College, London. <a href="http://people.lis.illinois.edu/~unsworth/Kings.5-00/prim">people.lis.illinois.edu/~unsworth/Kings.5-00/prim</a></p>
  <p xmlns="">6. <strong>Almas, B. &amp; Berti, M.</strong> (2013). <em>Perseids Collaborative Platform for Annotating Text Re-Uses of Fragmentary Authors</em>. In F. Tomasi &amp; F. Vitali, eds. DH-Case 2013. Available at <a href="http://dx.doi.org/10.1145/2517978.2517986.">dx.doi.org/10.1145/2517978.2517986.</a></p>
  <p xmlns="">7. <strong>Perseids</strong>. <em>A collaborative editing plaftorm for source documents in Classics</em>, <a href="http://sites.tufts.edu/perseids/">sites.tufts.edu/perseids</a></p>
  <p xmlns="">8. <em>Perseus Digital Library</em>, <a href="http://www.perseus.tufts.edu">www.perseus.tufts.edu</a> (Accessed on November 1, 2013).</p>
  <p xmlns="">9. <strong>Romanello, M., Berti, M., Boschetti, F., Babeu, A., &amp; Crane, G.</strong> (2009). <em>Rethinking Critical Editions of Fragmentary Texts by Ontologies</em>. In. S. Mornati, ed., Rethinking Electronic Publishing: Innovation in Communication Paradigms and Technologies - Proceedings of the 13th International Conference on Electronic Publishing held in Milano, Italy 10-12 June 2009, pp. 155-174.</p>
  <p xmlns="">10. <strong>Romanello, M.</strong> (2011). <em>The Digital Critical Edition of Fragments: Theoretical Problems and Technical Solution</em>. In P. Kurras Cotticelli, ed., Linguistica e Filologia Digitale: Aspetti e Progetti, pp. 147–155. Alessandria: Edizioni dell’Orso. Retrieved from <a href="http://eprints.rclis.org/handle/10760/15592">eprints.rclis.org/handle/10760/15592</a>.</p>
  <p xmlns="">11. <strong>Trachsel, A.</strong> (2012). <em>Collecting Fragments Today: What Status Will a Fragment Have in the Era of Digital Philology?</em> In C. Clivaz, J. Meizoz, F. Vallotton, &amp; J. Verheyden, eds., Lire demain – Reading Tomorrow, pp. 415-429 (ebook). Lausanne: Presses polytechniques et universitaires romandes.</p>
  <p xmlns="">12. <strong>Berti, M.</strong> (2013). <em>Collecting Quotations by Topic: Degrees of Preservation and Transtextual Relations among Genres</em>. Ancient Society, 43, pp. 269–288.</p>
  <p xmlns="">13. <em>Sharing Ancient Wisdoms</em>, <a href="http://www.ancientwisdoms.ac.uk/">www.ancientwisdoms.ac.uk</a> (Accessed on November 1, 2013).</p>
  <p xmlns="">14. <strong>Dunn, S., Hedges, M., Jordanous, A., Lawrence, K. F., Roueché, C., Tupman, C. &amp; Wakelnig E</strong> (2012). <em>Sharing Ancient Wisdoms: Developing Structures for Tracking Cultural Dynamics by Linking Moral and Philosophical Anthologies with their Source and Recipient Texts</em>. In Digital Humanities Conference, Hamburg, Germany. Available in the Book of Abstracts at <a href="http://www.dh2012.uni-hamburg.de/conference/programme/abstracts/">www.dh2012.uni-hamburg.de/conference/programme/abstracts</a>, pp. 176-179.</p>
  <p xmlns="">15. <strong>Romanello, M., &amp; Berra, A.</strong> (2011). <em>The Critical Step in Open Content Greek: Towards a Digital Edition of Athenaeus</em>. In TEI Members Meeting, Würzburg, Germany. Available in the Book of Abstracts at <a href="http://www.zde.uni-wuerzburg.de/tei_mm_2011">www.zde.uni-wuerzburg.de/tei_mm_2011</a>, pp. 43-47, and <a href="http://philologia.hypotheses.org/512">philologia.hypotheses.org/512</a>.</p>
  <p xmlns="">16. <em>Tesserae</em>, <a href="http://tesserae.caset.buffalo.edu/">tesserae.caset.buffalo.edu</a> (Accessed on November 1, 2013).</p>
  <p xmlns="">17. <em>Eumaios: a collaborative website for Early Greek epic</em>, <a href="http://panini.northwestern.edu/AnaServer?eumaios+0+frame.anv">panini.northwestern.edu/AnaServer?eumaios+0+frame.anv</a> (Accessed on November 1, 2013)</p>
  <p xmlns="">18. <strong>Coffee, N., Koenig, J.-P., Poornima, S., Forstall, C. W., Ossewaarde, R., &amp; Jacobson, S. L.</strong> (2013). <em>The Tesserae Project: Intertextual Analysis of Latin Poetry</em>. Literary and Linguistic Computing, 28(2), pp. 221–228. DOI: 10.1093/llc/fqs033.</p>
  <p xmlns="">19. <strong>Romanello, M.</strong> (2013). <em>Creating an Annotated Corpus for Extracting Canonical Citations from Classics-Related Texts by Using Active Annotation</em>. In A. Gelbukh, ed., Computational Linguistics and Intelligent Text Processing. 14th International Conference, CICLing 2013, Samos, Greece, March 24-30, 2013, Proceedings, Part I. Springer, Berlin Heidelberg, pp. 60–76.</p>
  <p xmlns="">20. <strong>Romanello, M., Boschetti, F. &amp; Crane, G.</strong> (2009). <em>Citations in the Digital Library of Classics: Extracting Canonical References by Using Conditional Random Fields</em>. In Proceedings of the 2009 Workshop on Text and Citation Analysis for Scholarly Digital Libraries. Morristown, NJ, USA: Association for Computational Linguistics, pp. 80–87.</p>
  <p xmlns="">21. <em>eTRACES</em>, <a href="http://etraces.e-humanities.net/">etraces.e-humanities.net</a> (Accessed on November 1, 2013).</p>
</div>
</div><footer><hr/></footer></body></html>