<!DOCTYPE html><html xmlns="http://www.w3.org/1999/xhtml" xml:lang="en"><head><title>DHArchive</title><meta http-equiv="content-type" content="text/html; charset=utf-8" /><link rel="stylesheet" type="text/css" href="/s/dharchive.css"></link><link rel="shortcut icon" type="image/x-icon" href="favicon.ico" /></head><body><header><a href="/"><img src="/i/logo.png" id="logo" /><h1><acronym>dharchive</acronym>.org</h1></a></header><section><a href="/?c=DH2014"><img src="/data/figures/DH2014/banner.jpg" class="banner"/></a><div id="read"><aside><a class="btn" href="javascript:window.print();"><img src="/i/print.png"/> Print</a><a class="btn" href="/data/xml/DH2014/Panel-90.xml"><img src="/i/download.png"/> XML</a></aside><?xml version="1.0" encoding="utf-8"?>
<article xmlns="http://www.tei-c.org/ns/1.0" xmlns:xhtml="http://www.w3.org/1999/xhtml" xmlns:tei="http://www.tei-c.org/ns/1.0">
  <header xmlns="">
    <h1>Annotating in Digital Music Edition - concepts, processes and visualisation of annotations</h1>
    <ul id="details">
      <li><label>Category:</label>Panel</li>
      <li><label>Session:</label>8</li>
      <li><label>Date:</label>2014-07-11<label>Time:</label>14:00:00</li>
      <li><label>Room:</label>410 - Amphimax</li>
    </ul>
    <ul id="authors">
      <li>
        <a href="mailto:nikolaos.beer@uni-paderborn.de"><span class="author-surname">Beer</span>,
									<span class="author-forename">Nikolaos</span></a>
        <a href="http://www.google.com/#q=Beer, Nikolaos">
          <img src="/i/search.png"/>
        </a>
        <span class="author-affiliation">Universität Paderborn, Musikwissenschaftliches Seminar Detmold/Paderborn</span>
      </li>
      <li>
        <a href="mailto:bohl@edirom.de"><span class="author-surname">Bohl</span>,
									<span class="author-forename">Benjamin W.</span></a>
        <a href="http://www.google.com/#q=Bohl, Benjamin W.">
          <img src="/i/search.png"/>
        </a>
        <span class="author-affiliation">Universität Paderborn, Musikwissenschaftliches Seminar Detmold/Paderborn</span>
      </li>
      <li>
        <a href="mailto:seuffert@em.uni-frankfurt.de"><span class="author-surname">Seuffert</span>,
									<span class="author-forename">Janette</span></a>
        <a href="http://www.google.com/#q=Seuffert, Janette">
          <img src="/i/search.png"/>
        </a>
        <span class="author-affiliation">Goethe-Universität Frankfurt am Main, Institut für Musikwissenschaft</span>
      </li>
    </ul>
  </header>
  <p xmlns=""/>
  <h2 xmlns="">1. Organization</h2>
  <ul xmlns="">
    <li>Nikolaos Beer</li>
    <li>Benjamin W. Bohl</li>
    <li>Janette Seuffert</li>
  </ul>
  <h2 xmlns="">2. Confirmed speakers</h2>
  <ul xmlns="">
    <li>Nikolaos Beer, DARIAH-DE, Universität Paderborn</li>
    <li>Stefanie Steiner-Grage and Frank Zalkow, Reger-Werkausgabe, Max-Reger-Institut, Karlsruhe</li>
    <li>Janette Seuffert, OPERA, Goethe-Universität Frankfurt am Main</li>
    <li>Benjamin W. Bohl, Freischütz Digital, Universität Paderborn</li>
    <li>Christine Siegert and Kristin Herold, A Cosmopolitan Composer in Pre-Revolutionary Europe – Giuseppe Sarti, Universität der Künste Berlin</li>
  </ul>
  <h2 xmlns="">3. Overview</h2>
  <p xmlns="">This panel presents theoretical and technical approaches in digital scholarly music editions focusing on different forms of annotations, data enrichment and data visualization.</p>
  <p xmlns=""> Annotating is one of the central techniques in humanities to gather, analyse, discuss and present information about works, sources and their interpretation. In traditional scholarly music edition this means to create extensive catalogues of verbal critical comments on findings (critical apparatus) in one or more corresponding music and text sources. The critical report in print editions, containing the critical apparatus and also general further information about the work and its sources, is usually stored separately from the music editions. Considering the discrepancy between the verbal description of a finding and its representation in notated music, using such linear structured catalogues often requires an intensive effort to read.</p>
  <p xmlns=""> The introduction of digital techniques in recent scholarly music editions not only allows an extension of the amount of considered material (editions, digitized images of music and text sources, contextual information), but also facilitates the presentation and immediate contextualization of the edition and its sources within the critical report<cite href="#n1">1</cite>.</p>
  <p xmlns="">At first this can be realised as a transformation of traditional critical commentary into a digital form by visualizing it on and linking it to digital representations (images) of editions and sources. With current developments of specialized encoding formats, more elaborate concepts of annotations come into consideration, moving away from commenting on music and text verbally to an encoding of variants, readings or interrelations with the help of markup techniques<cite href="#n2">2</cite>.</p>
  <p xmlns=""> The Music Encoding Initiative (MEI)<cite href="#n3">3</cite> as an XML-based markup standard provides possibilities to encode data of musical works such as the content itself (music notation and text), bibliographical metadata, structural data of a work and its sources (for instance acts, scenes, sections, parts, bars), and data on corresponding representations like performances. This opens possibilities to embed different types of annotations and/or to link MEI-data to other structured data like texts encoded according to the Guidelines of the Text Encoding Initiative (TEI)<cite href="#n4">4</cite>.</p>
  <p xmlns="">Over the last decade, various research and music editing projects have been exploring the application of digital technologies for their purposes, and conclusively it can be said that “There is no doubt that digital media already have influenced, and in the future will in some ways fundamentally change our conception of modern editions and editorial practices”<cite href="#n5">5</cite>.</p>
  <p xmlns=""> For example the Edirom-Project<cite href="#n6">6</cite><em><em/></em> at the Musikwissenschaftliches Seminar Detmold/Paderborn (Musicology Seminar Detmold /Paderborn) has developed a set of software tools, the so-called Edirom Tools, to support music edition projects in all work stages from data compilation (Edirom Editor) to publication (Edirom Viewer or Edirom Online)<cite href="#n7">7</cite><em><em/></em>. Four edition projects currently using the Edirom Tools and additional technologies, will present themselves in the following, covering editions of musical works from different eras and multiple genres. They share in common several approaches to examine and analyse opportunities and changes in the edition process derived from the application of digital techniques. Exploring the process and an extended concept of annotating is thereby of particular interest.</p>
  <h2 xmlns="">4. Presentations</h2>
  <h2 xmlns="">4.1 Understanding and encoding musical variants and readings as annotations</h2>
  <p xmlns=""> As an introduction to this panel, MEI principles for in-line data enrichments will be presented, allowing to encode information on variants and readings as musical text. It will be also discussed in which way such encodings could be understood as annotations and how they could be revisualized in music notation software tools for reuse in different contexts of musicological research.</p>
  <p xmlns="">The <em>MEI Score Editor</em> (MEISE)<cite href="#n8">8</cite>, developed as part of the infrastructure project DARIAH-DE<cite href="#n9">9</cite> and designed to facilitate editing and visualization of MEI encodings and data enrichments, will be presented as an example application. Considering one of DARIAH's main research topics – techniques of scholarly annotating and annotation – MEISE's key feature is the possibility to handle encoding and visualization of variants in MEI. MEISE will enable edition projects to maintain digital research methods.</p>
  <h2 xmlns="">4.2 Hybrid Edition Max Reger-Werkausgabe</h2>
  <p xmlns="">One of the first projects using digital techniques and the Edirom Tools is the Hybrid Edition <em>Max Reger-Werkausgabe</em> (RWA)<cite href="#n10">10</cite> at the Max-Reger-Institute, Karlsruhe, which is published both as printed and digital edition. Focusing on the organ works in the first module, the two striking features of the edition’s digital part are the prioritised linked-in annotations and its complex encyclopedia as an extensive collection of references to Max Reger’s life and œuvre<cite href="#n11">11</cite>. </p>
  <p xmlns="">Several considerations had to be made about organizing the collaborative edition process and the two-way publication model, like centralised capture of annotations in a database for further semi-automated publication processing. This allows for the editor to postpone publication based decisions to later stages in the edition process.</p>
  <p xmlns="">Already when entering the annotations into the database, the editor assigns a priority level according to their respective importance. The lowest priority (= priority level 3) comprises remarks which are relevant only because of philological reasons (such as differing warning accidentals in the various musical sources), while the higher categories (= priority levels 1 and 2) concentrate on important matters concerning either the works themselves or their tonal realization. According to these priorities the remarks are guided either into both the digital and printed editions (levels 1 and 2) or, if of lower importance (level 3), only into the digital version.</p>
  <p xmlns="">Similar collaborative solutions as for the annotations had to be found for the preparation of the digital encyclopedia, containing texts (encoded in TEI) and images, to allow for linking to and between all edition parts and contents.</p>
  <h2 xmlns="">4.3 OPERA – Spektrum des europäischen Musiktheaters in Einzeleditionen</h2>
  <p xmlns="">In the <em>OPERA</em><cite href="#n12">12</cite> research and edition project, 21 musical dramatic compositions, drawn from different periods and different genres such as opera, Singspiel, drama with incidental music, melodrama, or ballet are being edited. A collaborative team of internal and external editors publishes its editions in a hybrid form: the score is published in traditional book format; the critical report, including images of the Music Edition and sources, and the Text Edition are presented in an electronic Edirom-based form.</p>
  <p xmlns="">The Edirom software has been modified in order to integrate the TEI-based Text Edition into the Edirom environment and to interlink it with other digital resources (digitized score and source images) through synchronization of specific structural units/data of music and text (bars, lines, numbers, etc.). The modification is compatible with future tasks such as the integration of audio and video resources. Both, music and text edition share one common critical apparatus, whose annotations are strictly categorized as Music (M), Text (T), and Stage (S), and reflect the peculiarities of musical theatre<cite href="#n13">13</cite><em><em/></em>. In addition to the annotations, which are mostly limited to report variant readings, OPERA uses a comment window for historical informations and contextualization.</p>
  <h2 xmlns="">4.4 Freischütz Digital – Paradigmatische Umsetzung eines genuin digitalen Editionskonzepts</h2>
  <p xmlns="">Inspired by Wiering’s multidimensional Model<cite href="#n14">14</cite>, the approach of <em>Freischütz Digital</em><cite href="#n15">15</cite> is a genuine digital edition of the opera Der Freischütz by Carl Maria von Weber, considering all current theoretical and technical possibilities for the edition process. The principal part of this edition is the encoding and interlinking of music sources, libretto sources, and further material. The transcriptions of all music texts are encoded according to MEI whereas the transcriptions of the libretto texts and their stages of development are encoded according to TEI. For the first time, acoustic elements (several sound files of recorded performances), are analysed and visualized in the digital edition in a way that they are synchronized with and set in context to the music and text sources, their transcriptions and annotations<cite href="#n16">16</cite>. This opens new possibilities for processing, enriching and reusing the edition’s data.</p>
  <p xmlns=""> Annotations for the music sources will be based on the print edition currently under preparation at the Carl-Maria-von-Weber-Gesamtausgabe<em><em/></em> (WeGA)<cite href="#n17">17</cite> and be transferred to XML-based encoding. For the purpose of annotating the libretto sources the project develops a stand-off encoding model and a corresponding tool (the so-called CoreBuilder) facilitating the generation of associations<cite href="#n18">18</cite>.</p>
  <h2 xmlns="">4.5 A Cosmopolitan Composer in Pre-Revolutionary Europe – Giuseppe Sarti</h2>
  <p xmlns="">In the research project <em>A Cosmopolitan Composer in Pre-Revolutionary Europe – Giuseppe Sarti</em><cite href="#n19">19</cite> two MEI based Edirom editions of Sarti’s operas Fra i due litiganti il terzo gode and Giulio Sabino are prepared, aiming to consider appropriately the fact that Italian opera as a genre does not intend to provide stable works with an “authentic” text. Instead, the operas were always adapted to the conditions of new performances.</p>
  <p xmlns="">Our edition presents the sources and their readings in a non-hierarchical way, with the intention to show a wide range of variants and arrangements<cite href="#n20">20</cite>. Therefore, we distinguish between different types of annotations: We do not only document pure errors in the musical text, but also explain the textual variants and establish – according to the FRBR (Functional Requirements for Bibliographic Records) model<cite href="#n21">21</cite> – the relationships of the sources. This approach seems to have clear advantages compared to the typical entries in common critical reports.</p>
  <h2 xmlns="">References</h2>
  <p xmlns="">1. <strong>Joachim Veit</strong> (2010): <em>Es bleibt nichts, wie es war – Wechselwirkungen zwischen digitalen und 'analogen' Editionen</em>. In: editio, vol. 24, Berlin/Boston, pp. 37–52.
          </p>
  <p xmlns="">2. <strong>Johannes Kepper</strong> (2011): <em>Musikedition im Zeichen neuer Medien – Historische Entwicklung und gegenwärtige Perspektiven musikalischer Gesamtausgaben</em>, Norderstedt.
          </p>
  <p xmlns="">3. <strong>The Music Encoding Initiative</strong> (MEI) provides extensive guidelines and corresponding schemata for XML-based encoding of music. Its special features for academic and scholarly purpose make it unique among other encoding formats for music. Available online at <a href="http://www.music-encoding.org">www.music-encoding.org</a> (last accessed: March 6, 2014).
          </p>
  <p xmlns="">4. <strong>The Text Encoding Initiative</strong> (TEI) maintains comprehensive guidelines and corresponding schemata for XML-based text encoding, available online at <a href="http://www.tei-c.org">www.tei-c.org</a> (last accessed: March 6, 2014).
          </p>
  <p xmlns="">5. <strong>Bjarke Moe, Axel Teich Geertinger</strong> (2008): <em>Digital Editions of Music. Perspectives for Editors and Users</em>. Proceedings, p. 7. Online at: <a href="http://www.bjarkemoe.dk/digitaleditions2008.pdf">www.bjarkemoe.dk/digitaleditions2008.pdf</a> (last accessed: March 6, 2014).
          </p>
  <p xmlns="">6. See the project’s website at <a href="http://www.edirom.de">www.edirom.de</a> (last accessed: March 6, 2014).
          </p>
  <p xmlns="">7. <strong>Benjamin Bohl, Johannes Kepper, Daniel Röwenstrunk</strong> (2011): <em>Perspektiven digitaler Musikeditionen aus der Sicht des Edirom-Projekts</em>. In: Die Tonkunst 5, pp. 270-276.
          </p>
  <p xmlns="">8. See the project’s website at <a href="http://de.dariah.eu/web/guest/mei-score-editor">de.dariah.eu/web/guest/mei-score-editor</a> (last accessed: March 6, 2014).
          </p>
  <p xmlns="">9. See the online portal of DARIAH-DE at <a href="http://de.dariah.eu">de.dariah.eu</a> (last accessed: March 6, 2014).
          </p>
  <p xmlns="">10. See the project’s website at <a href="http://www.max-reger-institut.de/de/rwa.php">www.max-reger-institut.de/de/rwa.php</a> (last accessed: March 6, 2014).
          </p>
  <p xmlns="">11. <strong>Alexander Becker, Christopher Grafschmidt, Stefan König, Stefanie Steiner</strong> (2013): <em>Möglichkeiten und Konsequenzen der Digitalen Musikedition am Beispiel der Reger-Werkausgabe (RWA)</em>. In: Medienwandel/Medienwechsel in der Editionswissenschaft, ed. Anne Bohnenkamp (= Beihefte zu editio 35), Berlin/Boston, pp. 159-166.
          </p>
  <p xmlns="">12. See the project’s website at <a href="http://www.opera.adwmainz.de">www.opera.adwmainz.de</a> (last accessed: March 6, 2014).
          </p>
  <p xmlns="">13. <strong>Janine Droese, Norbert Dubowy, Andreas Münzmay, Janette Seuffert</strong> (2013): <em>Musik – Theater – Text. Grundfragen der Musiktheaterphilologie im Spiegel der OPERA-Hybridausgaben</em>. In: editio, vol. 27, Berlin/Boston, pp. 72-95.
          </p>
  <p xmlns="">14. <strong>Frans Wiering</strong> (2009): <em>Digital Critical Editions of Music: A multidimensional Model</em>. In: Gibson Crawford: Modern Methods for Musicology, Ashgate, pp. 23-45.
          </p>
  <p xmlns="">15. See the project’s website at <a href="http://www.freischuetz-digital.de">www.freischuetz-digital.de</a> (last accessed: March 6, 2014).
          </p>
  <p xmlns="">16. <strong>Meinard Müller, Thomas Prätzlich, Benjamin Bohl, Joachim Veit</strong> (2013): <em>Freischütz Digital: A Multimodal Scenario for Informed Music Processing</em> (conference paper), WIAMIS 2013 - 14th International Workshop on Image and Audio Analysis for Multimedia Interactive Services, Paris, July 3.
          </p>
  <p xmlns="">17. For further details on the Carl-Maria-von-Weber-Gesamtausgabe see the project’s website at <a href="http://www.weber-gesamtausgabe.de">www.weber-gesamtausgabe.de</a> (last accessed: March 6, 2014).
          </p>
  <p xmlns="">18. <strong>Raffaele Viglianti, Solveig Schreiter, Benjamin Bohl</strong>: <em>A stand-off critical apparatus for the libretto of Der Freischütz</em> (conference paper), TEI Conference and Members Meeting 2013, Rome, October 5, 2013.
          </p>
  <p xmlns="">19. See the project’s website at <a href="http://www.udk-berlin.de/musikwissenschaft/sarti">www.udk-berlin.de/musikwissenschaft/sarti</a> (last accessed: March 6, 2014).
          </p>
  <p xmlns="">20. For a paradigmatic encoding of one aria see Johannes Kepper, Christine Siegert: Oper multimedial. Zur Edirom-Ausgabe von Haydns Arienbearbeitungen. In: Medienwandel/Medienwechsel in der Editionswissenschaft, ed. Anne Bohnenkamp (= Beihefte zu editio 35), Berlin/Boston 2013, pp. 141-150.
          </p>
  <p xmlns="">21. <strong>Kristina Richts</strong> (2013): <em>Die FRBR customization im Datenformat der Music Encoding Initiative (MEI)</em>, Köln. Online available at <a href="http://publiscologne.fh-koeln.de/frontdoor/index/index/docId/144">publiscologne.fh-koeln.de/frontdoor/index/index/docId/144</a> (last accessed: March 6, 2014).
          </p>
</article>
</div></section><footer><hr/></footer></body></html>