<!DOCTYPE html><html xmlns="http://www.w3.org/1999/xhtml" xml:lang="en"><head><title>DHArchive</title><meta http-equiv="content-type" content="text/html; charset=utf-8" /><link rel="stylesheet" type="text/css" href="/s/dharchive.css"></link><link rel="shortcut icon" type="image/x-icon" href="favicon.ico" /></head><body><header><a href="/"><img src="/i/logo.png" id="logo" /><h1><acronym>dharchive</acronym>.org</h1></a></header><section><a href="/?c=DH2014"><img src="/data/figures/DH2014/banner.jpg" class="banner"/></a><div id="read"><aside><a class="btn" href="javascript:window.print();"><img src="/i/print.png"/> Print</a><a class="btn" href="/data/xml/DH2014/Paper-917.xml"><img src="/i/download.png"/> XML</a></aside><?xml version="1.0" encoding="utf-8"?>
<article xmlns="http://www.tei-c.org/ns/1.0" xmlns:xhtml="http://www.w3.org/1999/xhtml" xmlns:tei="http://www.tei-c.org/ns/1.0">
  <header xmlns="">
    <h1>L’édition numérique – système d’organisation des connaissances avec les outils sémantiques</h1>
    <ul id="details">
      <li><label>Category:</label>Long Paper</li>
      <li><label>Session:</label>6</li>
      <li><label>Date:</label>2014-07-11<label>Time:</label>09:00:00</li>
      <li><label>Room:</label>414 - Amphimax</li>
    </ul>
    <ul id="authors">
      <li>
        <a href="mailto:"><span class="author-surname">Andréys</span>,
									<span class="author-forename">Clémence</span></a>
        <a href="http://www.google.com/#q=Andréys, Clémence">
          <img src="/i/search.png"/>
        </a>
        <span class="author-affiliation">Université de Franche-Comté, France</span>
      </li>
      <li>
        <a href="mailto:"><span class="author-surname">Borel</span>,
									<span class="author-forename">Clément</span></a>
        <a href="http://www.google.com/#q=Borel, Clément">
          <img src="/i/search.png"/>
        </a>
        <span class="author-affiliation">Université de Franche-Comté</span>
      </li>
      <li>
        <a href="mailto:"><span class="author-surname">Roxin</span>,
									<span class="author-forename">Ioan</span></a>
        <a href="http://www.google.com/#q=Roxin, Ioan">
          <img src="/i/search.png"/>
        </a>
        <span class="author-affiliation">Université de Franche-Comté</span>
      </li>
    </ul>
  </header>
  <p xmlns=""/>
  <p xmlns="">La culture numérique, ses pratiques et ses exigences ont profondément modifié les pratiques de lecture en introduisant de nouvelles manières de lire. Cela a suscité des changements dans l’édition qui a développé de nouveaux supports et de nouveaux formats à l’aide de technologies capables de transformer l’environnement numérique en environnement de lecture. Avec les outils sémantiques émerge un nouveau modèle d’édition numérique qui est bien plus qu’une simple base de connaissances. </p>
  <p xmlns="">Le projet Descartes est un projet d’édition numérique mené par l’équipe Objets et Usages Numériques (Laboratoire ELLIADD) et le Centre de Documentation et Bibliographie Philosophiques de l’Université de Franche-Comté au début des années 2000. Il va bien au-delà de la plate-forme de publication, fonctionnalité largement répandue : il s'est interrogé sur les apports des technologies numériques et a élaboré un dispositif ayant pour mission de compléter, voire de renouveler l’expérience de lecture. Ce projet a trouvé un prolongement dans une thèse de doctorat intitulée « Outils sémantiques au service du livre numérique, modélisation et visualisation des liens transtextuels ». L’objectif était de montrer de quelle façon les technologies du web sémantique pouvaient être utilisées pour le développement d’une plate‑forme de lecture numérique en tissant des liens entre des textes. La structuration des connaissances se fait selon trois niveaux : informationnel, descriptif et sémantique. Le niveau informationnel est composé de l’ensemble des ressources numériques primaires (e.g. ressources textuelles et iconographiques). Les métadonnées sur ces documents primaires se retrouvent au deuxième niveau, descriptif, et sont enregistrées en triplets RDF comme une base de connaissances assertionnelles. Le troisième niveau, sémantique, contient les connaissances théoriques du corpus formalisées en ontologies (RDFS, OWL-DL). Cette réflexion a nécessité la modélisation d’une ontologie de la transtextualité, appelée TROW (Web Ontology of TRanstertuality), qui définit les liaisons qui unissent les différents textes à l’intérieur d’un corpus. Ces liaisons, enregistrées sous la forme de métadonnées, permettent de naviguer efficacement dans le corpus et offrent une approche différente grâce à une nouvelle organisation et présentation des informations. La machine complète le travail de l’utilisateur dans la mesure où elle interprète les relations qui existent entre les textes et peut ainsi inférer des liaisons inédites.  Cela a conduit à la création d’une interface de lecture adaptée à la navigation transtextuelle, en particulier via une disposition parallèle des textes et une représentation des liens profonds sous forme de graphe. L’interface est capable d’afficher un graphe des liaisons transtextuelles à l’activation d’un lien et permet la lecture simultanée d’un texte de référence et d’un texte cible. </p>
  <p xmlns="">Le travail que nous aimerions présenter constitue la prochaine étape de cette réflexion sur la transmission du savoir grâce aux technologies du web sémantique. Il s’inscrit dans une collaboration entre chercheurs qui ouvre le projet Descartes, ancré en philosophie, vers d’autres disciplines pour aboutir à un projet interdisciplinaire où interviennent sciences de l’information et de la communication, informatique, histoire, études chinoises et études germaniques. Il vise le passage d‘un outil pour la lecture de textes à un outil permettant de voyager dans une base de données qui ne sera pas seulement composée de textes. Il s’agit en effet d’éditer un corpus d’archives composé entre autres de cartes, de photographies et de textes sur la présence allemande en Chine au tournant du vingtième siècle. Nous nous intéresserons en premier lieu à un ensemble de cartes postales qui véhiculèrent des représentations de la Chine et de ses habitants dans l’Allemagne wilhelminienne. Nous assurerons la description de ces sources primaires dans la mesure où nous définirons, structurerons et associerons les métadonnées correspondant aux cartes postales afin d’établir une nouvelle ontologie.  </p>
  <p xmlns="">L’objectif est similaire à celui du projet Descartes : accompagner l’utilisateur dans la découverte d’un ensemble de documents, l’aider dans son analyse en tissant des liens entre les ressources documentaires grâce aux possibilités offertes par les technologies du web sémantique. Cela implique d’utiliser l’ontologie TROW comme une base, tout en la complétant, voire en la modifiant pour l’adapter à tous les genres de documents du corpus et de créer plusieurs ontologies, afin d’assurer l’interopérabilité des liaisons.</p>
  <p xmlns="">L’infrastructure doit permettre une visualisation interactive dans la mesure où les représentations visuelles sont considérées comme de véritables supports de la pensée. Elle doit être capable de gérer le déploiement d’archives numériques qui ne prend pas la forme d’une narration hypertextuelle, mais celle d’une représentation cartographique. L’utilisateur reste libre dans sa démarche de découverte et d’appropriation des connaissances : il n’est pas question d’imposer un sens de lecture et une interprétation des documents. La machine propose des connexions nouvelles, mais c’est à l’utilisateur de jouer un rôle actif dans l’acquisition et le partage des connaissances. On passe d’un espace de stockage de documents à un espace interactif qui associe les fonctions du web sémantique et la participation des utilisateurs. Chaque utilisateur compose sa propre sélection et crée son propre parcours dans la base de données. Il a la possibilité d’évaluer la pertinence des sources, d’annoter, de commenter, d’échanger. Ainsi chaque utilisateur devient l’auteur d’une mémoire personnalisée et prend part simultanément à l’écriture de la mémoire collective. Il faut également poursuivre les recherches qui concernent l’ergonomie de l’interface afin de répondre à l’élargissement des fonctionnalités de l’outil et aux besoins de l’utilisateur. </p>
  <p xmlns="">Il est aussi important de souligner que cet outil vise à développer une passerelle entre le monde universitaire et le grand public en diffusant la recherche en sciences humaines et sociales par un média numérique. Il a pour but d’assurer une diffusion et une réception plus larges d’archives numérisées. Il doit garantir une meilleure visibilité des travaux de recherche au sein de la communauté universitaire, mais aussi une vulgarisation des connaissances scientifiques, une démocratisation du savoir en rendant l’utilisateur actif et en favorisant le travail collaboratif. Il s‘agit de penser la transmission du savoir au‑delà d’une simple numérisation des sources et d’envisager l’apport des technologies du web sémantique dans la constitution d’une mémoire individuelle et collective. </p>
  <h2 xmlns="">References</h2>
  <p xmlns=""><strong>Berners-Lee, Tim, Hendler, James et Lassila, Ora</strong> (2001), The Semantic Web, A new form of Web content that is meaningful to computers will unleash a revolution of new possibilities, Scientific American, mai 2001, p. 34-43.</p>
  <p xmlns=""><strong>Borel, Clément, Royin, Ioan</strong> (2013), Ontologie de l'intertextualité. Le cas des corpus numériques philosophiques, in Pratiques et usages numériques. H2PTM'13, Lavoisier, Paris, p. 281-290.</p>
  <p xmlns=""><strong>Kaplan, Frédéric,</strong> (2013) L’origine médiévale de l’hyperlien, des pointeurs et des smileys avril 19 2013. Disponible à l’adresse : <a href="http://fkaplan.wordpress.com/2013/04/19/lorigine-medievale-de-lhyperlien-des-pointeurs-et-des-smileys/">fkaplan.wordpress.com/2013/04/19/lorigine-medievale-de-lhyperlien-des-pointeurs-et-des-smileys</a></p>
  <p xmlns=""><strong>Ong, J. Walter</strong> (2002), Orality and Literacy. The Technologizing of the World,Routledge, New York.</p>
  <p xmlns=""><strong>Pédauque, Roger T. </strong>(2006), Le document à la lumière du numérique, Caen, C&amp;F éditions.</p>
  <p xmlns=""><strong>Peirce, Charles Sanders </strong>(1978), Écrits sur le signe, Seuil,  Paris.</p>
  <p xmlns=""><strong>Tricot, Christophe</strong> (2006), Cartographie Sémantique, des connaissances à la carte, thèse de doctorat, Université de Savoie.</p>
</article>
</div></section><footer><hr/></footer></body></html>