<!DOCTYPE html><html xmlns="http://www.w3.org/1999/xhtml" xml:lang="en"><head><title>DHArchive</title><meta http-equiv="content-type" content="text/html; charset=utf-8" /><link rel="stylesheet" type="text/css" href="/s/dharchive.css"></link><link rel="shortcut icon" type="image/x-icon" href="favicon.ico" /></head><body><header><a href="/"><img src="/i/logo.png" id="logo" /><h1><acronym>dharchive</acronym>.org</h1></a></header><section><a href="/?c=DH2014"><img src="/data/figures/DH2014/banner.jpg" class="banner"/></a><div id="read"><aside><a class="btn" href="javascript:window.print();"><img src="/i/print.png"/> Print</a><a class="btn" href="/data/xml/DH2014/Paper-64.xml"><img src="/i/download.png"/> XML</a></aside><?xml version="1.0" encoding="utf-8"?>
<article xmlns="http://www.tei-c.org/ns/1.0" xmlns:xhtml="http://www.w3.org/1999/xhtml" xmlns:tei="http://www.tei-c.org/ns/1.0">
  <header xmlns="">
    <h1>IMPACT : un dispositif de transcription et de commentaire de l'oral, pour l'enseignement et la recherche</h1>
    <ul id="details">
      <li><label>Category:</label>Long Paper</li>
      <li><label>Session:</label>6</li>
      <li><label>Date:</label>2014-07-11<label>Time:</label>09:00:00</li>
      <li><label>Room:</label>413 - Amphimax</li>
    </ul>
    <ul id="authors">
      <li>
        <a href="mailto:jerome.jacquin@unil.ch"><span class="author-surname">Jacquin</span>,
									<span class="author-forename">Jérôme</span></a>
        <a href="http://www.google.com/#q=Jacquin, Jérôme">
          <img src="/i/search.png"/>
        </a>
        <span class="author-affiliation">Université de Lausanne</span>
      </li>
      <li>
        <a href="mailto:xavier.gradoux@unil.ch"><span class="author-surname">Gradoux</span>,
									<span class="author-forename">Xavier</span></a>
        <a href="http://www.google.com/#q=Gradoux, Xavier">
          <img src="/i/search.png"/>
        </a>
        <span class="author-affiliation">Université de Lausanne</span>
      </li>
    </ul>
  </header>
  <p xmlns=""/>
  <p xmlns="">Cette contribution vise à présenter IMPACT (Interface Multimédia: Présentation, Analyse, CommenTaire), un <strong><strong>dispositif technopédagogique hybride</strong></strong>, c’est-à-dire mêlant apprentissage en présence et à distance (<cite href="#n1">1</cite>) et visant l’amélioration du scénario pédagogique initial par l’usage de Technologies de l’Information et de la Communication (<cite href="#n2">2</cite>). Plus généralement, la contribution entend situer le développement et l'utilisation de cette technologie dans une réflexion plus générale, celle des Humanités Digitales, sous l'angle spécifique du <strong>rapport entre enseignement et recherche dans la constitution progressive de bases de données enrichies</strong>.</p>
  <h2 xmlns="">1. Besoins initiaux</h2>
  <p xmlns="">L’enseignement qui a bénéficié du développement du dispositif s’inscrit dans le domaine des <strong>Sciences du langage</strong> et entend introduire les étudiants à l’analyse de conversations quotidiennes (<cite href="#n3">3</cite> ; <cite href="#n4">4</cite> ; <cite href="#n5">5</cite>). En tant que champ
disciplinaire, l’analyse conversationnelle insiste sur le <strong>caractère mutuellement constitutif de l’analyse des données</strong> (les enregistrements tirés de conversations authentiques) <strong>et de la production du discours
théorique</strong> (l’abstraction et la systématisation de régularités). L’analyse conversationnelle se veut
éminemment <strong>descriptive</strong> et <strong>inductive</strong>, privilégiant un <strong>contact direct et constant aux données</strong> ainsi qu’une pratique de l’analyse attentive aux détails. Données et théorie apparaissent interdépendantes et il ne s’agit pas de négliger les premières au profit de la seconde. L’enseignement en question est semestriel et articule une partie "cours", où les enseignants sensibilisent les étudiants aux outils d’analyse en mobilisant de nombreux exemples, et une partie "travaux pratiques" à l’occasion de laquelle les étudiants s’approprient la matière en effectuant un enregistrement, en le transcrivant finement et en en proposant une analyse.</p>
  <p xmlns="">L’obstacle majeur auquel était confronté le scénario pédagogique concerné résidait dans la <strong>manipulation constante et fastidieuse de sources hétérogènes et dispersées</strong> (sources audio-visuelles, transcription d’extraits, analyses de ces extraits, documents théoriques), mais nécessaires et complémentaires. L’utilisation du CMS Moodle a certes permis de rassembler les fichiers sur un serveur centralisé et a favorisé l’émergence d’un apprentissage à distance. Elle n’a néanmoins pas facilité l’intégration des données : les différentes sources, dont la consultation nécessite à chaque fois un téléchargement, ne peuvent être traitées de manière synchronisée en raison des différences de formats et de types de fichiers. Ceci ralentit le processus, nuit à l’attention et donc rend le rapport aux données opaque sans gain réflexif ou pédagogique (<cite href="#n6">6</cite>).</p>
  <h2 xmlns="">2. Solutions trouvées</h2>
  <p xmlns="">Après avoir vérifié leurs intuitions sur un prototype d’interface rapidement assemblé par les ingénieurs
pédagogiques de leur institution, les enseignants ont déposé un projet au fond d’innovation pédagogique de
l’Université de Lausanne (www.unil.ch/fip). Il a abouti, en 2011, à la confection d’une <strong>interface multimédia permettant de construire des fiches qui rassemblent dans un même espace de consultation et d’édition différentes ressources hétérogènes, telles qu’une source audiovisuelle, sa transcription et son analyse. Éditable (par les enseignants et les
étudiants) et visionnable (par internet ou par vidéoprojection) de partout et à tout moment </strong>(<cite href="#n7">7</cite>), l’interface a apporté une plus-value ergonomique indéniable et appréciée par les utilisateurs.</p>
  <div xmlns="" class="figure">
    <img src="/data/figures/DH2014/DH2014_54_DH2014_54_impact-2.jpg"/>
    <figcaption>
      <p>Fig. 1: Exemple de fiche générée par IMPACT.</p>
    </figcaption>
  </div>
  <p xmlns="">Plus concrètement, IMPACT permet aux étudiants et aux enseignants de :</p>
  <ul xmlns="">
    <li>Diffuser une source audio ou audio-vidéo dans son intégralité ou en en choisissant un extrait.</li>
    <li>Piloter la lecture de la source au clavier (lecture/pause; ralenti; retour de 2 sec.; rembobinage rapide).</li>
    <li>Transcrire la source ou un extrait en respectant les standards du domaine mais dans un canevas intuitif et ergonomique.</li>
    <li>Exporter la transcription ou en importer une existante.</li>
    <li>Synchroniser ou non le défilement de la transcription et de la source.</li>
    <li>Ajouter des commentaires textuels (théoriques ou analytiques).</li>
    <li>Joindre des documents PDF ou des images.</li>
    <li>Introduire un scénario pédagogique grâce à une logique d'étapes, permettant à l'enseignant d'évaluer progressivement le travail de l'étudiant.</li>
    <li>Coordonner chaque étape à un rendu de devoirs dans Moodle ou un message aux enseignants.</li>
  </ul>
  <p xmlns="">Pour davantage de détails, voir <cite href="#n8">8</cite>.</p>
  <h2 xmlns="">3. Evaluation pédagogique et impact pour la recherche</h2>
  <p xmlns="">De manière réflexive, l’élaboration d’une telle interface a également (<em>i</em>) <strong>enrichi le scénario pédagogique</strong> par la
réalisation de fiches d’enseignement (la matière du cours est segmentée en unités thématiques cohérentes,
articulant théorie et pratique) et de fiches d’étudiants (mise à disposition de la plate-forme pour présenter le
travail de recherche personnel), (<em>ii</em>) <strong>favorisé une relative autonomisation, saluée par les étudiants, de
l’enseignement vis-à-vis de la situation de co-présence</strong> (cette autonomisation serait compatible, à terme, avec un
apprentissage à distance) et (<em>iii</em>) <strong>influencé positivement la motivation et l'engagement des étudiants</strong>.</p>
  <p xmlns="">Dans cette perspective, une enquête a été menée auprès des étudiants afin de déterminer dans quelle mesure l'utilisation du dispositif pour s'approprier les notions et réaliser les travaux avait modifié leur apprentissage et leur façon d'appréhender la matière. L'étude révèle, entre autres choses, que les <strong>attentes des étudiants</strong> envers l'enseignement en présence sont modifiés par l'utilisation d'IMPACT, dans le sens où <strong>l'exemplification et la problématisation des notions prennent le pas sur leur seule présentation</strong>. </p>
  <p xmlns="">De l’utilisation croissante d’IMPACT dans le domaine de spécialisation – les Sciences du langage – a en outre émergé une réflexion plus générale sur <strong>l’élaboration et l’interrogation de bases de données orales comme enjeu pédagogique</strong>. Quels sont les défis pédagogiques auxquels <strong>l’oralité</strong> est actuellement confrontée ? Les <strong><strong>Humanités Digitales</strong></strong> sont-elles prêtes à intégrer l’oralité, tant sous l’angle de la recherche que de l’enseignement ? Comment se donner les moyens de rendre compte de <strong>l’hybridation progressive des dispositifs de communication contemporains</strong>, qui articulent de plus en plus finement oralité et scripturalité (<cite href="#n9">9</cite>) ?</p>
  <p xmlns="">Partant de ces trois questions, la comparaison des travaux réalisés dans IMPACT avec les <strong>principales bases de données orales francophones</strong> (VALIBEL, ESLO, CLAPI<strong>)</strong> s'avère intéressante, lorsqu'on considère ces différents outils sous l’angle spécifique de leur applicabilité pédagogique et particulièrement de la place qu’elles donnent à l’étudiantE. En outre, l'expérience d'IMPACT invite à voir dans quelle mesure un dispositif technopédagogique peut être adapté pour <strong>des usages émergents et inattendus</strong>, dans le cas présent <strong>la constitution progressive et collaborative, par les enseignants et les étudiants, de bases de données orales enrichies et disponibles pour la recherche</strong>.</p>
  <h2 xmlns="">References</h2>
  <p xmlns=""><strong>Charlier, B., Deschryver, N., &amp; Peraya, D.</strong> (2006). <em>Apprendre en présence et à distance : Une définition des dispositifs hybrides</em>. Distances et savoirs, 4, 469–496.
          </p>
  <p xmlns=""><strong>Karsenti, T., &amp; Larose, F.</strong> (Eds.). (2001). <em>Les TIC… au coeur des pédagogies universitaires</em>. Québec: Presses de l’Université du Québec.
          </p>
  <p xmlns=""><strong>Sacks, H., Schegloff, E. A., &amp; Jefferson, G.</strong> (1974). <em>A Simplest Systematics for the Organization of Turn-Taking for Conversation</em>. Language, 50(4), 696–735.
          </p>
  <p xmlns=""><strong>Ten Have, P.</strong> (2007). <em>Doing Conversation Analysis</em>. London: Sage.
          </p>
  <p xmlns=""><strong>Hutchby, I., &amp; Wooffitt, R.</strong> (2008). <em>Conversation Analysis</em>. Cambridge: Polity Press.
          </p>
  <p xmlns=""><strong>Karsenti, T., &amp; Larose, F.</strong> (Eds.). (2001). <em>Les TIC… au coeur des pédagogies universitaires</em>. Québec: Presses de l’Université du Québec.
          </p>
  <p xmlns=""><strong>Alessi, S. M., &amp; Trollip, S. R.</strong> (2001). <em>Multimedia for learning: methods and development</em>. Boston: Allyn &amp; Bacon.
          </p>
  <p xmlns=""><strong>Gradoux, Xavier &amp; Jacquin, Jérôme</strong>, 2013, <em>Le projet IMPACT</em>, disponible à l’adresse www.unil.ch/impact, accédé le 21 octobre 2013.
          </p>
  <p xmlns=""><strong>Lievrouw, L. A., &amp; Livingstone, S.</strong> (2006). <em>Handbook of new media: social shaping and social consequences - fully revised student edition</em>. London: Sage.
          </p>
</article>
</div></section><footer><hr/></footer></body></html>