<!DOCTYPE html><html xmlns="http://www.w3.org/1999/xhtml" xml:lang="en"><head><title>DHArchive</title><meta http-equiv="content-type" content="text/html; charset=utf-8" /><link rel="stylesheet" type="text/css" href="/s/dharchive.css"></link><link rel="shortcut icon" type="image/x-icon" href="favicon.ico" /></head><body><header><a href="/"><img src="/i/logo.png" id="logo" /><h1><acronym>dharchive</acronym>.org</h1></a></header><section><a href="/?c=DH2014"><img src="/data/figures/DH2014/banner.jpg" class="banner"/></a><div id="read"><aside><a class="btn" href="javascript:window.print();"><img src="/i/print.png"/> Print</a><a class="btn" href="/data/xml/DH2014/Paper-367.xml"><img src="/i/download.png"/> XML</a></aside><?xml version="1.0" encoding="utf-8"?>
<article xmlns="http://www.tei-c.org/ns/1.0" xmlns:xhtml="http://www.w3.org/1999/xhtml" xmlns:tei="http://www.tei-c.org/ns/1.0">
  <header xmlns="">
    <h1>Matérialiser et rendre perceptible la transmission orale du savoir. L’édition électronique des cours d’Antoine Desgodets à l’Académie royale d’architecture en France, 1719-1728</h1>
    <ul id="details">
      <li><label>Category:</label>Long Paper</li>
      <li><label>Session:</label>1</li>
      <li><label>Date:</label>2014-07-09<label>Time:</label>09:00:00</li>
      <li><label>Room:</label>414 - Amphimax</li>
    </ul>
    <ul id="authors">
      <li>
        <a href="mailto:rcarvais@noos.fr"><span class="author-surname">Carvais</span>,
									<span class="author-forename">Robert</span></a>
        <a href="http://www.google.com/#q=Carvais, Robert">
          <img src="/i/search.png"/>
        </a>
        <span class="author-affiliation">CNRS (France) – UMR 7074, Centre de théorie et analyse du droit</span>
      </li>
      <li>
        <a href="mailto:emchateau@laposte.net"><span class="author-surname">Chateau</span>,
									<span class="author-forename">Emmanuel</span></a>
        <a href="http://www.google.com/#q=Chateau, Emmanuel">
          <img src="/i/search.png"/>
        </a>
        <span class="author-affiliation">Paris-Sorbonne (France), École nationale des chartes (France)</span>
      </li>
    </ul>
  </header>
  <p xmlns=""/>
  <p xmlns=""/>
  <h2 xmlns="">Introduction</h2>
  <p xmlns="">Notre propos porte une réflexion sur la manière d’exposer et d’analyser une oralité. Dans le cadre d’un projet collectif, nous avons produit une édition critique numérique des cours d’Antoine Desgodets à l’Académie royale d’Architecture, en France, de 1719 à 1728<cite href="#n1">1</cite>. Avec cet enseignement, l’architecte opérait une rupture par rapport à ses prédécesseurs (François Blondel et La Hire père et fils) en proposant de mettre en ordre les savoirs d’une discipline professionnelle alors en formation, l’architecture. La particularité du matériau étudié réside dans le fait que les cours ne nous sont parvenus qu’à travers une tradition de manuscrits épars, dispersés dans plusieurs bibliothèques à travers le monde ; aucun des témoins ne semble être autographe. Les quatre thèmes abordés (les ordres, la commodité, les servitudes et le toisé) font l’objet d’une édition critique et ce sont au total trente trois manuscrits et textes imprimés qui ont été traités. En dehors de faire entrer des sources inédites dans l’histoire de l’architecture, des mathématiques et du droit, un des enjeux spécifiques du projet consistait à poser les jalons d’une réflexion sur la façon de traduire, et de mettre à disposition de la communauté des chercheurs, ce passage de l’oralité à l’écrit, puis dans certains cas à l’édition. Ici, tout en plaçant le projet dans le contexte des <em>digital humanities</em>, l’utilisation de méthodes d’édition électronique XML-TEI s’est révélée particulièrement adaptée<cite href="#n2">2</cite>. Ce sont les particularités de notre corpus protéiforme qui nous ont amenés à apporter notre contribution à cette problématique : d’abord l’instabilité du texte par le nombre des témoins conservés ; la place et le rôle des images dans le discours ; enfin la forte diffusion du texte juridique par ce que nous nommerons « l’édition à valeur ajoutée ».</p>
  <h2 xmlns="">
    <strong>1/-  Traduire la labilité du corpus</strong>
  </h2>
  <p xmlns="">Le corpus
rassemblé contenait plusieurs états du prononcé de certains cours (ordres et
toisés). De ce fait, notre but n’a pas été – même si nous en avons été
tentés – de reconstituer une version unique de ces cours mais d’en
conserver toute la fluidité. Les statuts si différents des témoins reproduits,
sans que l’on sache précisément s’ils proviennent d’une dictée académique,
d’une copie sur un texte maître disparu laissé à l’académie pour que les
absents récupèrent le savoir ou de la simple copie par un clerc pour enrichir
une bibliothèque privée ou par un praticien en quête de méthode, empêche de les
traiter comme des textes identiques. 
L’oralité réside ici tant dans les traces de
prononciation ou les problèmes d’écoute que dans la multiplicité des versions qui
témoignent des différents prononcés du cours. 
Etant
donné que ceux-ci sont dans leurs majeures parties semblables, mais jamais tout
à fait identiques, seuls les moyens informatiques nous
autorisent à ne pas figer définitivement ce savoir. Le jeu des variantes
rendues en ligne propose une double lecture – à la fois rétrospective mais
aussi prospective – des témoins sous l’œil averti du chercheur. La
première fouille les détails pour requalifier le témoin et se rapprocher de
l’oralité originelle ; la seconde plus globale donne une idée d’un savoir
voué à encadrer une nouvelle profession. Sans les spécificités de structuration
et de précision sur les hésitations manuscrites offertes par les DH, et en
particulier l’utilisation d’un balisage XML-TEI, ce matériau variant et
composite serait resté insaisissable et intraitable par les procédés classiques
de l’édition. 
L’alignement des témoins au sein du corpus a été déployé
dans un fichier externe en utilisant la méthode de localisation référencée. La production d’artefacts numériques offre aux chercheurs
l’opportunité de collecter les textes, de les analyser et de les mettre les uns
en rapport avec les autres avec la souplesse inhérente au support numérique par l’intermédiaire d’une interface graphique centrée sur la comparaison.</p>
  <h2 xmlns="">
    <strong>2/- Dire les images au-delà de les montrer</strong>
  </h2>
  <p xmlns="">L’architecture
est une discipline pour laquelle le dessin n’est pas seulement primordial mais
indispensable. Dans la plupart des pratiques architecturales, le dessin est le
seul discours de l’architecture, le texte d’accompagnement ne sert souvent que
d’explicitation des figures, voire de légende. Trois des cours de notre corpus
contiennent des images, soit sous forme de planches comportant des plans ou des
coupes et élévations (dans les ordres et les commodités), soit des détails
décoratifs d’architecture, des croquis techniques de machines ou de figures
géométriques (dans les toisés). Nous ne sommes pas face à des traités
d’architecture imprimés, ouvrages savants classiques et référents, mais devant
des cours pratiques prononcés devant un parterre d’élèves. Le texte ne fait
alors qu’éclairer l’image, la commenter. Celle-ci devrait se suffire à
elle-même. Le discours ne serait en quelque sorte que la forme orale de l’image
exposée. L’éditorialisation numérique offre la possibilité de montrer les
dessins dans leurs variantes et dans leur contexte, bref de les comparer et de
les associer avec les textes correspondant par des mécanismes d’alignement et
des modalités de consultation différentiées, si tant est que nous soyons
parvenus à lever les freins concernant les droits de diffusion. Un tel dispositif replace davantage
les illustrations dans leur rôle pédagogique initial et les textes dans celui
d’hypertexte, comme si nous avions dû les « dire ».</p>
  <h2 xmlns="">
    <strong>3/- La mise en abyme des discours</strong>
  </h2>
  <p xmlns="">Pour les
servitudes, nous n’avons découverts que deux manuscrits non pas du même cours
mais préparatoires de celui-ci. Le premier est une compilation de sources, le
second un commentaire d’une source principale. Or, d’après ce que nous en savons
par ailleurs, le cours a été composé à partir du second complété par des
éléments du premier. De surcroît, et c’est la particularité de ce cours de
droit, il est le seul à avoir été publié de manière posthume. On peut dire que
cette édition connaît un énorme succès si l’on sait que le texte a été
commenté, mis à jour, complété, restructuré, annoté par plusieurs mains et
compétences une trentaine de fois pendant un siècle. Les méthodes d’édition
électronique nous ont permis de rendre compte et d’autoriser l’étude des
continuateurs et suiveurs du texte par une sorte d’alignement successif des
variantes (comparaison de textes, indexations). Il ne s’est pas agi de faire
une édition génétique textuelle – désormais classique pour les œuvres
littéraires –,  à laquelle nous
n’avons pas pu échapper d’ailleurs pour ce qui concerne la source coutumière,
mais surtout de suivre les filiations d’idées dans le futur, bref d’avancer
dans le temps plutôt que de reculer. 

La
coutume est intrinsèquement le véhicule d’un contexte validé par sa diffusion sous forme
imprimée, elle a sans cesse été glosée et revisitée. Nous aurions aimé pouvoir
retrouver des manuscrits d’étudiants
mais tous les textes rassemblés sont tous rattachés au commentaire de Desgodets. Le dispositif de consultation mis en place
facilite l’analyse de tels enchâssements de textes afin de mettre au jour, selon les travaux de D. F. McKenzie, un «
texte social » agrémenté d’un contexte historique, ce qui se révèle
particulièrement riche pour des concepts juridiques qui évoluent lentement
toujours en rapport avec leur environnement social, politique et économique. 

C’est la constitution de ce « texte social »
que nous voudrions maintenant pouvoir rendre explicite au moyen de visualisations.</p>
  <h2 xmlns="">

Conclusion</h2>
  <p xmlns="">Notre méthode
numérique d’édition critique de cours appliquée à Desgodets mériterait d’être
appliquée à d’autres matériaux inédits qui ont participé à transmettre du
savoir. Le fait de ne pas s’arrêter à la publication d’un cours autographe mais
à sa perception par les élèves et les praticiens, donne l’occasion de poser les
bases d’une réflexion sur la normalisation de la discipline architecturale, la
faisant passer d’un académisme engourdi à une solide professionnalisation. Le
dispositif de consultation produit, qui est d’abord un dispositif d’étude,
entend offrir au chercheur l’opportunité d’explorer avec fluidité toute la
richesse de cette tradition de l’oral à l’écrit à travers le support numérique.</p>
  <div xmlns="" class="figure">
    <img src="/data/figures/DH2014/desgodets1.jpg"/>
    <figcaption/>
  </div>
  <div xmlns="" class="figure">
    <img src="/data/figures/DH2014/desgodets2.jpg"/>
    <figcaption/>
  </div>
  <h2 xmlns="">References</h2>
  <p xmlns="">
            1. L'édition électronique des cours d'Antoine Desgodets sera accessible en ligne au début de l’année 2014 à l’adresse suivante : <a href="http://www.desgodets.net.">www.desgodets.net.</a> Une équipe interdisciplinaire de quinze chercheurs a participé au projet qui a été financé par l'Agence nationale de la Recherche (ANR) de 2008 à 2013. Les membres de l'équipe étaient Joëlle Barreau, Basile Baudez, Anne Bondon, Robert Carvais, Pierre Caye, Emmanuel Château, Guillaume Fonkenell, Béatrice Gaillard, Juliette Hernu-Bélaud, Frédérique Lemerle, Olga Medvedkova, Linnéa Rollenhagen-Tilly, Hélène Rousteau-Chambon, Joël Sakarovitch, Werner Szambien et Dirk Van de Vijver.
          </p>
  <p xmlns="">
            2. Plusieurs projets pionniers en histoire de l’art ont constitué des modèles structurants (Blake Archive, Rossetti Archive, etc.). Hormis la récente et excellente édition de la correspondance de Van Gogh, les projets d’édition électronique de sources primaires en histoire de l’art restent peu nombreux.
          </p>
  <p xmlns=""><strong>Computers
            and the Humanities</strong>, Image-Based Humanities Computing, vol. 36, n° 1, feb.
            2002.</p>
  <p xmlns=""><strong>Burnard,
              L, O’Brien, K., O’Keeffe, Unsworth, J.</strong> (eds.) (2006), <em>Electronic Textual Editing</em>.
            New York:The Modern Language Association of America.</p>
  <p xmlns=""><strong>Hayles,
            K.</strong> (2004), <em>“Print Is Flat, Code Is Deep: The Importance of Media-Specific Analysis”</em>.
            Poetics Today, 25, p. 67-90.</p>
  <p xmlns=""><strong>Hayles,
              K.</strong> (2003), <em>“Translating Media: Why We Should Rethink Textuality”</em>, The Yale Journal of
            Criticism, 16(2), p. 263-90.</p>
  <p xmlns=""><strong>Kirschenbaum.
            M.</strong> (2001), <em>"Materiality and Matter and Stuff: What Electronic Texts Are Made
            Of."</em> Electronic Book Review, 1 Oct. 2001. http://www.electronicbookreview.com/thread/electropoetics/</p>
  <p xmlns=""><strong>McCarty,
            W.</strong> (2006), <em>Humanities Computing</em>. New York: Palgrave MacMillan.</p>
  <p xmlns=""><strong>McGann J.</strong> (2006),<em> “From Text to Work: Digital Tools and the Emergence of the Social Text”</em>. Romanticism on the Net, n° 41-42, février-mai 2006. http://id.erudit.org/iderudit/013153ar.</p>
  <p xmlns=""><strong>McKenzie D. F.</strong> (1986),<em> Bibliography and the Sociology of Texts</em>. The Panizzi Lectures 1985. The British Library: London.</p>
  <p xmlns=""><strong>McKenzie D. F.</strong> (1962),<em> Making Meaning. “Printers of the Mind” and Other Essays.</em> Ed. Peter D. McDonald and Michael Suarez, SJ. U. of Massachusetts Press: Amherst and Boston, 2002.</p>
  <p xmlns=""><strong>McLuhan M.</strong>, <em>The Gutenberg galaxy, the making of typographic man.</em> Toronto: University of Toronto Press.</p>
  <p xmlns=""><strong>Shillingsburg
            P. L.</strong> (1996), <em>Scholarly Editing in the Computer Age: Theory and Practice</em>, 3e
            édition. Ann Arbor: University of Michigan Press.</p>
  <p xmlns=""><strong>Shillingsburg
              P. L.</strong> (2006),<em> Gutenberg to Google: Electronic Representations of Literary Texts</em>. Cambridge University Press.
            
          </p>
  <p xmlns=""><strong>Waquet F.</strong> (2003),<em> Parler comme un livre. L'oralité et le savoir, XVIe-XXe siècles</em>. Paris : Albin Michel.</p>
  <p xmlns=""><strong>Waquet F. </strong>(2008), <em>Les enfants de Socrate, Filiations intellectuelles et transmission du savoir XVIIe-XIXe siècles</em>. Paris, Albin Michel.</p>
</article>
</div></section><footer><hr/></footer></body></html>