<!DOCTYPE html><html xmlns="http://www.w3.org/1999/xhtml" xml:lang="en"><head><title>DHArchive</title><meta http-equiv="content-type" content="text/html; charset=utf-8" /><link rel="stylesheet" type="text/css" href="/s/dharchive.css"></link><link rel="shortcut icon" type="image/x-icon" href="favicon.ico" /></head><body><header><a href="/"><img src="/i/logo.png" id="logo" /><h1><acronym>dharchive</acronym>.org</h1></a></header><section><a href="/?c=DH2014"><img src="/data/figures/DH2014/banner.jpg" class="banner"/></a><div id="read"><aside><a class="btn" href="javascript:window.print();"><img src="/i/print.png"/> Print</a><a class="btn" href="/data/xml/DH2014/Paper-636.xml"><img src="/i/download.png"/> XML</a></aside><?xml version="1.0" encoding="utf-8"?>
<article xmlns="http://www.tei-c.org/ns/1.0" xmlns:xhtml="http://www.w3.org/1999/xhtml" xmlns:tei="http://www.tei-c.org/ns/1.0">
  <header xmlns="">
    <h1>TheofPhilo. A prototype for a Thesaurus of Philosophy</h1>
    <ul id="details">
      <li><label>Category:</label>Short Paper</li>
      <li><label>Session:</label>8</li>
      <li><label>Date:</label>2014-07-11<label>Time:</label>14:00:00</li>
      <li><label>Room:</label>315 - Amphipôle</li>
    </ul>
    <ul id="authors">
      <li>
        <a href="mailto:antonio.lamarra@cnr.it"><span class="author-surname">Lamarra</span>,
									<span class="author-forename">Antonio</span></a>
        <a href="http://www.google.com/#q=Lamarra, Antonio">
          <img src="/i/search.png"/>
        </a>
        <span class="author-affiliation">CNR- Istituto per il Lessico Intellettuale Europeo e Storia delle Idee</span>
      </li>
      <li>
        <a href="mailto:michela.tardella@iliesi.cnr.it"><span class="author-surname">Tardella</span>,
									<span class="author-forename">Michela</span></a>
        <a href="http://www.google.com/#q=Tardella, Michela">
          <img src="/i/search.png"/>
        </a>
        <span class="author-affiliation">CNR- Istituto per il Lessico Intellettuale Europeo e Storia delle Idee</span>
      </li>
    </ul>
  </header>
  <p xmlns=""/>
  <p xmlns=""/>
  <h2 xmlns="">1. Introduction</h2>
  <p xmlns="">Our paper aims at presenting The<em>of</em>Philo-Thesaurus of Philosophy, the prototype of a digital multilingual thesaurus in the field of Philosophy. With ‘thesaurus’ we mean a concept-based collection of terms<cite href="#n1">1</cite> that we are building by means of philosophical texts and dictionaries.</p>
  <p xmlns="">The purpose of The<em>of</em>Philo is to test potentials and limits opened by the interaction between digital tools and devices (such as digital archives and libraries) and the long tradition of historical and lexicological studies of the <em>Istituto per il Lessico Intellettuale Europeo e Storia delle Idee</em> (<a href="http://www.iliesi.cnr.it">www.iliesi.cnr.it</a>), which developed the thesaurus. The work on the prototype implied the cooperation of experts in History of philosophy, Linguistics and Computer science, and has been conceived in the frame of the semantic web. We are currently testing the collection of terms and building up an ontology finalized to semantic enrichment and to information retrieval of the digital resources uploaded in the portal <em>Daphnet. Digital Archives of PHilosophical Texts on the NET</em> (<a href="http://www.daphnet.org">www.daphnet.org</a>).</p>
  <p xmlns="">The plurality of languages coexisting in the portal lead us to design a multilingual collection of terms, in order to enable scholars, students, teachers and other interested users to search within the large quantity of texts in <em>Daphnet</em> and – this being an important added value – to make queries by using one owns mother tongue. The<em>of</em>Philo is not a dictionary of philosophy and it does not offer definitions of philosophical terms: we want it to be a useful map to enrich texts and to retrieve information.</p>
  <p xmlns="">The<em>of</em>Philo itself could be an interesting object of research as, once completed, it will allow a linguistic analysis of the philosophical terminology structured according to the criteria we are adopting (see § 3). For this reason we intend to carry out a parallel work on this tool, developing a linguistic and an historical-philosophical study on the collection of terms we have selected.</p>
  <h2 xmlns="">2. The content</h2>
  <p xmlns="">The <em>Daphnet</em> portal, implemented within the project <em>AGORA. Scholarly Open Access Research in European Philosophy</em> (www.project-agora.org)<cite href="#n2">2</cite><cite href="#n3">3</cite>, consists of two Open Access platforms, <em>Ancient</em> and <em>Modern Philosophy</em>. The first one contains (a) the transcription of the collection of Presocratic thinkers originally edited by H. Diels and W. Kranz, with the Italian translation edited by G. Giannantoni; (b) the transcription of the <em>Socratis et Socraticorum Reliquiae</em> by G. Giannantoni; (c) the volume <em>Vita e opinioni dei filosofi</em> (the editorial collection is by R. D. Hicks, H. S. Long and M. Marcovich, the Italian translation is by M. Gigante); (d) the <em>Opera Omnia</em>of Sextus Empiricus (ed. by H. Mutschmann). The second platform,<em>Modern Philosophy</em>, gives access to a number of Latin, Italian, French and German texts which are considered representative of the philosophical thinking of the 16th, 17th and 18th centuries. It includes works by Alexander Gottlieb Baumgarten, Giordano Bruno, René Descartes, Immanuel Kant, Gottfried Wilhelm Leibniz, John Locke, Baruch Spinoza and Giambattista Vico. <em>Daphnet</em> also presents an OJS platform dedicated to secondary sources, the <em>Daphnet Digital Library, </em>containing a wide selection of articles published in the journal <em>Elenchos. Rivista di studi sul pensiero antico</em> (Bibliopolis, Napoli), in <em>Lexicon Philosophicum. Quaderni di Terminologia filosofica e storia delle idee</em>, and in the volumes dedicated to the proceedings of the international conferences organized by CNR-ILIESI. In addition to these critical essays, the portal presents the monograph by Emidio Spinelli, <em>Questioni Scettiche: letture introduttive al pirronismo antico</em> (Lithos, 2005) and the brand new online journal <em>Lexicon Philosophicum: International Journal for the History of Texts and Ideas</em>(<a href="http://www.lexicon.cnr.it/">www.lexicon.cnr.it</a>).</p>
  <p xmlns="">The set of lexical items extracted from texts and multilingual philosophical dictionaries (see § 3) includes Nouns, Adjectives, Verbs and Adverbs, both monorhematic and multiword expressions. Fig. 1 shows a query’s result, namely for the French philosophical subject ‘abduction’. The software presents the interlinguistic equivalents available in the five languages implemented so far (Latin, Greek, Italian, French, and English). Fig.2 shows another example, related to the multiword expression ‘harmonie préetablie’, that is presented in The<em>of</em>Philo both as autonomous lexeme included in the alphabetical list and in the box related to its belonging terms (Fig. 3). As result, from the expression ‘harmonie préetablie’, it is possible to reach the box related to the belonging lexeme ‘harmonie’ and <em>viceversa</em>.</p>
  <div xmlns="" class="figure">
    <img src="/data/figures/DH2014/DH2014_475_Tardella_Fig.1"/>
    <figcaption>
      <p>Fig. 1: Philosophical Subject ‘abduction’</p>
    </figcaption>
  </div>
  <div xmlns="" class="figure">
    <img src="/data/figures/DH2014/DH2014_475_Tardella_Fig.2"/>
    <figcaption>
      <p>Fig. 2: Philosophical Subject 'harmonie préetablie’</p>
    </figcaption>
  </div>
  <div xmlns="" class="figure">
    <img src="/data/figures/DH2014/DH2014_475_Tardella_Fig.3"/>
    <figcaption>
      <p>Fig. 3: Philosophical Subject 'harmonie’</p>
    </figcaption>
  </div>
  <p xmlns="">The complexity of terminological relations -caused by the complex and often problematic interchanges between cultures and languages during the history of philosophical thought- emerges not always so plainly as in the cases just presented. Fig. 4 shows the results of the query made for ‘acte’, which presents a large variety of equivalent terms. We can manage and control the large number of terms by using MySQL technology.</p>
  <div xmlns="" class="figure">
    <img src="/data/figures/DH2014/DH2014_475_Tardella_Fig.4"/>
    <figcaption>
      <p>Fig. 4: Philosophical Subject ‘acte’</p>
    </figcaption>
  </div>
  <h2 xmlns=""> 3. Tools and procedures</h2>
  <p xmlns="">The ontology<cite href="#n4">4</cite><cite href="#n5">5</cite><cite href="#n6">6</cite> built to represent the content, is structured according to the following four categories: <em>Persons </em>(philosophers, scholars); <em>Relevant Concepts</em> (philosophical subjects, relevant events); <em>Relevant Subjects </em>(geographical entities, philosophical themes, philosophical schools, quotations, titles); <em>Sources</em> (secondary and primary sources).</p>
  <p xmlns=""> The<em>of</em>Philo’s specific purpose is to populate the sub-category of the philosophical subjects by two typologies of relations: interlinguistic equivalence and intralinguistic semantic relations.</p>
  <p xmlns=""> From the procedural point of view, the work was carried out according to the following phases: digitization in Excel format of the multilingual entries systems lemmatized in N. Abbagnano’s <em>Dizionario di Filosofia</em> (Torino 1998) and in A. Lalande’s <em>Vocabulaire technique et critique de la philosophie</em> (Paris 1983); merging of the Greek and French philosophical subjects selected for the semantic enrichment experiments; acquisition of relevant French and Greek terminology using S. Maso’s <em>Lingua Philosophica Graeca</em> (Milano-Udine, 2010), in which relevant Greek philosophical terms are presented along with their Latin, Italian, English, French and German equivalents; acquisition of Latin, Italian and English equivalents. In the last phase, in order to enrich the interlinguistic equivalences, we used the following lexicographical sources: A. Bailly,<em> Dictionnaire Grec- Français</em>, Édition revue par L. Séchan et P. Chantraine, Paris 1950 (16th ed.); J. M. Baldwin, <em>Dictionary of Philosophy and Psychology</em>, Gloucester, Mass. 1960 (2nd ed.); B. Cassin, <em>Vocabulaire Européen des Philosophie</em>, Tours 2004; <em>Enciclopedia filosofica</em>, Roma 1979 (2nd ed.); L. Rocci, <em>Vocabolario Greco-Italianο</em>, Perugia 1993 (37th ed.); Liddell-Scott, <em>Greek- English Lexicon</em>, Rev. by H. S. Jones, Oxford 1968 (9th ed.); T. Sanesi, <em>Vocabolario Italiano-Greco</em>, Pistoia-Siena 1916 (12th ed.).</p>
  <p xmlns=""> Currently the philosophical subjects are being implemented in a relational MySQL database created and managed by Dr. Ada Russo. This technology guarantees a more efficient data management, helps to control interlinguistic relation (equivalence), and supports the acquisition of Latin, Italian and English Subjects. At present the number of terms consists of 4549 (1006 Greeks, 948 French, 909 Italian, 895 English, 791 Latin), but it will increase, we in fact intend to implement also Spanish and German philosophical terminology.</p>
  <p xmlns=""> In order to build the ontology, we have been using <em>Pundit </em>(http://thepund.it), a semantic web annotator created by Net7 (www.netseven.it) and employed in the semantic enrichment and semantic interlinking activities in the frame of the AGORA project. Conceived in the increasingly wider context of the semantic web technologies for encoding, managing and enriching digital object, <em>Pundit</em> allows to produce semantic annotations, whose semantics is machine-processable. Each annotation consists of a RDF triple, which is a statement made up of a subject (S), a predicate (P) and an object (O)<cite href="#n8">8</cite>; according to this technology you could create, for example, a triple that states: “Sextus Empiricus (S) is the author of (P)<em> Pyrrhoneae Hypotyposes</em> (O)”.</p>
  <p xmlns=""> Among the variety of annotations, the most useful to our purposes are those implying triples which connect: </p>
  <ul xmlns="">
    <li>A textual fragment to a philosophical subject, such as: “The selected text fragment (S) <em>DealsWith</em> (P) the Greek philosophical subject <em>to alethes</em> (O)” (Fig. 5) or “The selected text fragment (S) <em>Defines</em> (P) the Greek philosophical subject <em>ataraxia</em> (O)” (Fig. 6). According to its project’s goals, CNR-ILIESI team preconfigured the following properties (the inverse properties in brackets):</li>
  </ul>
  <ol xmlns="">
    <li><em>Defines</em> (<em>IsDefinedBy</em>);</li>
    <li><em>IndirectlyDefines</em> (<em>IsIndirectlyDefinedBy</em>);</li>
    <li><em>IsAnExtensionalInstanceOf</em> (<em>IsExtensionallyInstantiatedBy</em>);</li>
    <li><em>IsAnIntensionalInstanceOf</em>(<em>IsIntensionallyInstantiatedBy</em>);</li>
    <li><em>DealsWith</em> (<em>IsDealtWithBy</em>).</li>
  </ol>
  <ul xmlns="">
    <li>A philosophical subject to another philosophical subject.While the interlinguistic equivalents are already available in The<em>of</em>Philo (see §2 and related figures), the intralinguistic relations will be implemented during the next phase of our work. RDF triples will be created considering philosophical subjects both as Subject and as Object of each triple and connected by the following properties (the inverse properties in brackets):</li>
  </ul>
  <ol xmlns="">
    <li><em>IsSynonymOf </em>(<em>HasSynonym</em>);</li>
    <li><em>IsHomonymOf</em> (<em>HasHomonym</em>);</li>
    <li><em>IsHyperonymOf</em> (<em>HasHyperonym</em>);</li>
    <li><em>IsHyponymOf</em> (<em>HasHyponym</em>);</li>
    <li><em>IsCo-HyponymOf </em>(<em>HasCo-Hyponym</em>);</li>
    <li><em>IsAntonymOf</em> (<em>HasAntonym</em>).</li>
  </ol>
  <div xmlns="" class="figure">
    <img src="/data/figures/DH2014/DH2014_475_Tardella_Fig.5"/>
    <figcaption>
      <p>Fig. 5: Annotation Text to Subject with the RDF property DealsWith</p>
    </figcaption>
  </div>
  <div xmlns="" class="figure">
    <img src="/data/figures/DH2014/DH2014_475_Tardella_Fig.6"/>
    <figcaption>
      <p>Fig. 6: Annotation Text to Subject with the RDF property Defines</p>
    </figcaption>
  </div>
  <h2 xmlns="">4. Conclusions</h2>
  <p xmlns="">The<em>of</em>Philo is a tool still in its pilot phase and work at its implementation is in progress. However, once completed the semantic annotation activity, it will enable users to access texts dealing with the subject the query was made for, according to the specific language chosen by the user. TheofPhilo will also allow scholars to deepen their research, making queries on the texts, according to both interlinguistic and intralinguistic relations. Furthermore, The<em>of</em>Philo will be considered as a large corpus of philosophical -interweave- terms (around 5000 at present) and  it will be analysed from both linguistic and historical-philosophical approach. </p>
  <h2 xmlns="">References</h2>
  <p xmlns="">1. <strong>Magris, M. et al.</strong> (2002). <em>Manuale di terminologia</em>. Hoepli, Milano.
          </p>
  <p xmlns="">2. <strong>Tardella, M.</strong> (2013). <em>Agora</em>. Scholarly Open Access Research in European  Philosophy, Blityri. Studi di storia delle idee sui segni e le lingue, II (1): 167-174.
          </p>
  <p xmlns="">3. <strong>Marras C. and Lamarra A.</strong> (2013). <em>Scholarly Open Access Research in Philosophy: Limits and Horizons of a European Innovative Project</em>, Proceedings of Digital Humanities International Conference 2013 (University of Nebraska-Lincoln 7/13-15/2013). <a href="http://dh2013.unl.edu/abstracts/ab-316.html">dh2013.unl.edu/abstracts/ab-316.html</a> (date accessed: 10/31/2013).
          </p>
  <p xmlns="">4. <strong>Garshol, L. M.</strong> (2004), <em>Metadata? Thesauri? Taxonomies? Topic Maps! Making sense of it all</em>,6. <a href="http://www.ontopia.net/topicmaps/materials/tm-vs-thesauri.html#N773">www.ontopia.net/topicmaps/materials/tm-vs-thesauri.html#N773</a> (date accessed: 10/31/2013).
          </p>
  <p xmlns="">5. <strong>Grenon P. and Smith B.</strong> (2009), <em>Foundations of an ontology of philosophy</em>, Synthese (2011): 185–204.5.
          </p>
  <p xmlns="">6. <strong>Gruber, T. R.</strong> (1993). <em>A translation approach to portable ontology specification</em>, Knowledge Acquisition, 5 (2):4. 199-220
          </p>
  <p xmlns="">7. <strong>Andrews, P. et al.</strong> (2011). <em>A classiﬁcation of semantic annotation systems</em>, Semantic Web Journal, 0 (2011): 1-27.7. <a href="http://www.semantic-web-journal.net/sites/default/files/swj123_0.pdf">www.semantic-web-journal.net/sites/default/files/swj123_0.pdf</a> (date accessed: 10/31/2013).
          </p>
  <p xmlns="">8. <strong>Grassi, M. et al.</strong> (2013). <em>Pundit: augmenting web contents with semantics</em>. Literary and Linguist Computing, 288. (4): 640-659 (date accessed: 02/20/2014).
          </p>
</article>
</div></section><footer><hr/></footer></body></html>