<!DOCTYPE html><html xmlns="http://www.w3.org/1999/xhtml" xml:lang="en"><head><title>DHArchive</title><meta http-equiv="content-type" content="text/html; charset=utf-8" /><link rel="stylesheet" type="text/css" href="/s/dharchive.css"></link><link rel="shortcut icon" type="image/x-icon" href="favicon.ico" /></head><body><header><a href="/"><img src="/i/logo.png" id="logo" /><h1><acronym>dharchive</acronym>.org</h1></a></header><section><a href="/?c=DH2014"><img src="/data/figures/DH2014/banner.jpg" class="banner"/></a><div id="read"><aside><a class="btn" href="javascript:window.print();"><img src="/i/print.png"/> Print</a><a class="btn" href="/data/xml/DH2014/Paper-860.xml"><img src="/i/download.png"/> XML</a></aside><?xml version="1.0" encoding="utf-8"?>
<article xmlns="http://www.tei-c.org/ns/1.0" xmlns:xhtml="http://www.w3.org/1999/xhtml" xmlns:tei="http://www.tei-c.org/ns/1.0">
  <header xmlns="">
    <h1>Digital Linguistic Archive of the Dutch East India Company (VOC): Modeling a community-sourcing platform for historical linguistic research</h1>
    <ul id="details">
      <li><label>Category:</label>Short Paper</li>
      <li><label>Session:</label>2</li>
      <li><label>Date:</label>2014-07-09<label>Time:</label>11:00:00</li>
      <li><label>Room:</label>315 - Amphipôle</li>
    </ul>
    <ul id="authors">
      <li>
        <a href="mailto: NUI Maynooth, Ireland ;a.pytlowany@gmail.com"><span class="author-surname">Pytlowany</span>,
									<span class="author-forename">Anna</span></a>
        <a href="http://www.google.com/#q=Pytlowany, Anna">
          <img src="/i/search.png"/>
        </a>
        <span class="author-affiliation">University of Amsterdam, The Netherlands</span>
      </li>
    </ul>
  </header>
  <p xmlns=""/>
  <h2 xmlns="">1. Overview</h2>
  <p xmlns="">The
primary aim of the project “Digital Linguistic Archive of the Dutch East India
Company (VOC)” is to bring together in one online platform all Dutch documents
from 1600-1825, which were written either by VOC employees or under the
auspices of the Company, and relate to the languages of the “newly discovered”
territories, mainly South East Asia and Africa.</p>
  <p xmlns="">The
secondary, yet more ambitious goal is to create an online platform enabling
researchers to contribute and exchange knowledge about the source documents,
possibly including social editions of some texts. Such collaboration would
bring together researchers from different countries and languages, and result
in opening access to a vast range of unpublished linguistic material. </p>
  <h2 xmlns="">

 
2. Source material</h2>
  <p xmlns="">

The
archives of the Dutch East India Company (VOC) are spread between The Hague,
Jakarta, Kaapstad, Colombo, Madras and London. Their historical and cultural
significance was recognized by UNESCO in 2003, when they were added to UNESCO's
Memory of the World Register, a 'World Heritage List' for the preservation of
valuable archives and library collections. Considering the size of the VOC
archives – comprising 34 million pages in total, including 1.4 kilometers of
shelf material in the Hague and 2.5 km in Jakarta – one can only be
disappointed at the scarcity of available documents relating to the languages
of the Dutch maritime empire.</p>
  <p xmlns="">However,
a closer inspection of various independent library records yields surprising
finds: some of these Dutch manuscripts and printed books may be found scattered
in private and public collections from Paris, to London, to Venice, to Sydney.
Up to this point, only a few isolated studies on these manuscripts have been
available. An online database detailing all bibliographical information
available would help unravel the documents’ provenance,  itineraries, and interconnections. </p>
  <p xmlns="">So
far, these documents have never been assembled and arranged into one
comprehensive collection. Compiling such an inventory would be highly desirable
because it would allow a better evaluation of the scope and content of Dutch
colonial linguistic heritage. Last but not least, online publishing of digital
editions would open access to a vast range of previously unpublished linguistic
material.</p>
  <h2 xmlns="">

 
3. The need for collaboration</h2>
  <p xmlns="">One
of the most significant challenges to face in the modeling of this project is
the potential multitude of languages and scripts involved. Although the
language of the main body of texts is predominantly Dutch, the grammars and
vocabularies, by their very nature, each contain at least one other “exotic”
language, often written in the native, non-Latin script. Inasmuch as one part
of the multi-layered text may be accessible to a particular researcher, chances
are that the remaining levels require further work to make them readily
understandable.</p>
  <p xmlns="">This
is perhaps the most compelling characteristic of the archival material of this
type: it lends itself perfectly to a collaborative, crowdsourced (or rather:
community-sourced) online undertaking. The tasks may include: adding new
documents, transcribing or translating existing documents, proofreading and
validating transcriptions, making annotations, and adding references and
annotations.</p>
  <p xmlns="">Let’s
demonstrate it on a real-life example: a newly discovered and digitised 17th century
treatise on Tamil letters, recently made available online by the Utrecht
University Library (Ms. 1479):</p>
  <h2 xmlns="">

 
</h2>
  <div xmlns="" class="figure">
    <img src="/data/figures/DH2014/DH2014_548_354-1.jpg"/>
    <figcaption>
      <p>Fig. 1: A newly digitized manuscript: user story</p>
    </figcaption>
  </div>
  <p xmlns="">A
famous researcher on Tamil would be quite interested in studying it, but she
does not know Dutch, or maybe is not familiar with the 17th century Dutch
paleography. However, a paleography student may find it motivating and
worthwhile to practice his skills on a real-life manuscript; a retired English
teacher from Holland may then contribute the English translation.</p>
  <p xmlns="">Once
the text is rendered into English, it opens new possibilities for a wide
community of non-Western scholars who may be interested in early descriptions
of their native languages. They, in turn, can contribute their transcription of
parts written in non-Latin scripts, as well as annotations regarding the
linguistic content of the documents.</p>
  <h2 xmlns="">

 
3. Content organisation</h2>
  <p xmlns="">The
sources will be indexed by title, author, language, printer / publisher (where
applicable), and the relevant linguistic category. This will enable a dynamic
visualization of interrelations between any selected two criteria by means of
relationship graphs, to help users understand the networks and collaboration
patterns.</p>
  <p xmlns="">Additional
tools, such as geo-referencing, annotations, etc. can also be developed. For
the purposes of paleographic research and comparison, a sample of the
handwriting from the text would also be provided.</p>
  <h2 xmlns="">

 
4. Challenges </h2>
  <p xmlns="">However,
before any IT solutions can be developed, other key issues will have to be
addressed, notably in relation to copyrights and intellectual property rights.
How can the existing digitized object from different libraries be brought
together? How to ensure access to documents behind a paywall? Could the added
value of knowledge and online traffic act as trade-off for libraries?</p>
  <p xmlns="">The
other methodological questions will concern ways of organising and managing the
crowdsourcing community based on previous experience from comparable projects. The
issues of authority, access and quality control will have to be addressed in
order to ensure adherence to rigorous scholarship standards.</p>
</article>
</div></section><footer><hr/></footer></body></html>