<!DOCTYPE html><html xmlns="http://www.w3.org/1999/xhtml" xml:lang="en"><head><title>DHArchive</title><meta http-equiv="content-type" content="text/html; charset=utf-8" /><link rel="stylesheet" type="text/css" href="/s/dharchive.css"></link><link rel="shortcut icon" type="image/x-icon" href="favicon.ico" /></head><body><header><a href="/"><img src="/i/logo.png" id="logo" /><h1><acronym>dharchive</acronym>.org</h1></a></header><section><a href="/?c=DH2014"><img src="/data/figures/DH2014/banner.jpg" class="banner"/></a><div id="read"><aside><a class="btn" href="javascript:window.print();"><img src="/i/print.png"/> Print</a><a class="btn" href="/data/xml/DH2014/Paper-169.xml"><img src="/i/download.png"/> XML</a></aside><?xml version="1.0" encoding="utf-8"?>
<article xmlns="http://www.tei-c.org/ns/1.0" xmlns:xhtml="http://www.w3.org/1999/xhtml" xmlns:tei="http://www.tei-c.org/ns/1.0"><header xmlns=""><h1>Towards visualizing linguistic patterns of deliberation: a case study of the S21 arbitration</h1><ul id="details"><li><label>Category:</label>Short Paper</li><li><label>Session:</label>3</li><li><label>Date:</label>2014-07-09<label>Time:</label>13:45:00</li><li><label>Room:</label>415 - Amphimax</li></ul><ul id="authors"><li><a href="mailto:tina.boegel@uni-konstanz.de"><span class="author-surname">Bögel</span>,
									<span class="author-forename">Tina</span></a><a href="http://www.google.com/#q=Bögel, Tina"><img src="/i/search.png"/></a><span class="author-affiliation">Universität Konstanz</span></li><li><a href="mailto:valentin.gold@uni-konstanz.de"><span class="author-surname">Gold</span>,
									<span class="author-forename">Valentin</span></a><a href="http://www.google.com/#q=Gold, Valentin"><img src="/i/search.png"/></a><span class="author-affiliation">Universität Konstanz</span></li><li><a href="mailto:annette.hautli@uni-konstanz.de"><span class="author-surname">Hautli-Janisz</span>,
									<span class="author-forename">Annette</span></a><a href="http://www.google.com/#q=Hautli-Janisz, Annette"><img src="/i/search.png"/></a><span class="author-affiliation">Universität Konstanz</span></li><li><a href="mailto:christian.rohrdantz@uni-konstanz.de"><span class="author-surname">Rohrdantz</span>,
									<span class="author-forename">Christian</span></a><a href="http://www.google.com/#q=Rohrdantz, Christian"><img src="/i/search.png"/></a><span class="author-affiliation">Universität Konstanz</span></li><li><a href="mailto:sebastian.sulger@uni-konstanz.de"><span class="author-surname">Sulger</span>,
									<span class="author-forename">Sebastian</span></a><a href="http://www.google.com/#q=Sulger, Sebastian"><img src="/i/search.png"/></a><span class="author-affiliation">Universität Konstanz</span></li><li><a href="mailto:miriam.butt@uni-konstanz.de"><span class="author-surname">Butt</span>,
									<span class="author-forename">Miriam</span></a><a href="http://www.google.com/#q=Butt, Miriam"><img src="/i/search.png"/></a><span class="author-affiliation">Universität Konstanz</span></li><li><a href="mailto:katharina.holzinger@uni-konstanz.de"><span class="author-surname">Holzinger</span>,
									<span class="author-forename">Katharina</span></a><a href="http://www.google.com/#q=Holzinger, Katharina"><img src="/i/search.png"/></a><span class="author-affiliation">Universität Konstanz</span></li><li><a href="mailto:daniel.keim@uni-konstanz.de"><span class="author-surname">Keim</span>,
									<span class="author-forename">Daniel A. </span></a><a href="http://www.google.com/#q=Keim, Daniel A. "><img src="/i/search.png"/></a><span class="author-affiliation">Universität Konstanz</span></li></ul></header><p xmlns=""/><p xmlns=""/><p xmlns=""/><p xmlns=""/><p xmlns=""/><p xmlns=""/><p xmlns=""/><p xmlns=""/><h2 xmlns="">1. Introduction</h2><p xmlns="">This paper reports on the interdisciplinary project VisArgue which is concerned with the automatic linguistic and visual analysis of political discourse with a particular focus on the concept of deliberative communication <cite href="#n1">1</cite><cite href="#n2">2</cite><cite href="#n3">3</cite><cite href="#n4">4</cite><cite href="#n5">5</cite>. According to the theory of deliberative argumentation, stakeholders participating in a multilog, i.e. a multi-party conversation, should justify their positions truthfully and rationally and should eventually defer to the better argument. </p><p xmlns="">Automatically measuring the deliberative quality of a multilog calls for an identification of linguistic cues that shed light on
 issues such as objective vs. subjective argumentation, invocation of 
the common good or democratic notions as part of the argument. Notions 
such as speaker stance, speaker belief/certainty are also immediately 
relevant, as is an analysis of rhetorical devices known to trigger 
conventional implicaturs <cite href="#n6">6</cite>.
 In short, a promising way of arriving at an operationalization of the 
indications for the deliberative quality of a multilog is a linguistic 
analysis of the linguistic cues present in the multilog.  </p><p xmlns=""> This paper presents on-going work on analyzing strategies for argumentation via automatic means, using public data from a German arbitration. In addition to a thorough linguistic analysis of the relevant parameters,
 we provide a computational implementation that automatically annotates 
the corpus with respect to pragmatically relevant features.  This 
implementation combines a rule-based system that reflects deep 
linguistic analysis with a visual analysis system
 that also provides results with respect to more shallow natural 
language processing methods such as keyword identification, topic 
modeling, and standard calculations with respect to length of 
utterances, amount and type of turn-taking, etc. </p><h2 xmlns="">2. Data</h2><p xmlns="">In Germany, the method of deliberative discourse has been increasingly applied to the resolution of large-scale public conflicts since the early 1990s. One recent well-known example is the public arbitration process on "Stuttgart 21" (S21), a new railway and urban development  project in the city of Stuttgart. In response to massive public criticism of the project, a public arbitration procedure was established. The
 data for our initial investigation are the transcribed minutes of the 
S21 arbitration process, which consist of nine days of sessions, each 
lasting for around seven hours, with a total of about 70 different 
speakers. The transcripts consist of spoken German conversation between 
mediator, experts, project supporters and opponents and are converted 
into an XML-readable format in order to facilitate later processing and 
annotation. Based on the information contained in the web transcripts, 
the XML trancripts are annotated with speaker information and the 
general topic of the session. Overall, the transcripts contain around 
265.000 tokens in 1330 utterances. </p><p xmlns="">In order to arrive at a more fine-grained analysis of the discourse, all utterances have to be split up into elementary discourse units (EDUs) <cite href="#n7">7</cite>. Although there is no consensus in the literature on what EDUs are, in general, each DU is assumed to describe a single event (e.g., <cite href="#n8">8</cite>). In the case at hand, we approximate this by treating all lexical items between two punctuation marks as belonging to one DU, a method that is commonly assumed in discourse parsing.</p><h2 xmlns="">3. Linguistic background</h2><p xmlns="">A central aspect of our work is a linguistically motivated operationalization of features that indicate the deliberative quality of a multilog, important parameters being the realization and the communicative function of arguments in the discourse as well as speaker stance and speaker belief. We have decided to initially focus on just two of the relevant linguistic parameters found in German: the interaction between causal discourse connectors and modal particles. </p><p xmlns="">  Causal discourse connectors (e.g., <em>da, weil, denn, zumal</em> 'because (of)/due to/as') generally introduce a justification of a speaker's statement (e.g., <cite href="#n9">9</cite>). These connectives and the justification they indicate can be extracted automatically. However,
 the precise shade and force of the argument being made, including 
speaker stance and speaker belief are modulated in spoken German by a 
heavy use of modal particles (e.g., <cite href="#n10">10</cite><cite href="#n11">11</cite>).  For instance <em>halt</em> or <em>eben</em> indicate a conventional implicature that the speaker believes the argument to refer to an immutable constraint imposed by the outside world, exemplified in (1). The particle <em>ja</em> in (2), in contrast, signals that the speaker assumes that the content of the argument is part of the common ground of the multilog participants.           </p><p xmlns=""/> 
        

        <p xmlns=""> (1) [...] weil halt      in  dem  Bereich  die   meisten   Autos   unterwegs    sind.            </p><p xmlns=""> [...] as    HALT    in  Art    area      Art   most       car.Pl    underway    be.3.Pl            </p><p xmlns=""> '[...] because most cars are underway in this area.' (Dr. Heiner Geissler, S21, Nov. 4th 2010)                     </p><p xmlns=""> </p><p xmlns=""> (2) [...]  da  Sie                  ja     gesagt           haben,       dass  [...]             </p><p xmlns=""> [...]  as   Pron.2.Sg.Pol   JA    say.Past.Part   have.Inf     that     [...]              </p><p xmlns=""> '[...] as you JA said that [...]' (Tanja Gönner, S21, Nov. 4th 2010)             </p><p xmlns=""> </p><h2 xmlns="">3.1. Ambiguity</h2><p xmlns="">Ambiguity presents a serious problem for the automatic extraction and identification of both causal connectors and modal particles. For example, especially <em>da</em> 'as' presents a challenge for automatic processing, because of its multi-functional usage as either the temporal or locative pronoun 'there' or as a connector meaning 'because'. However, such ambiguities can be largely resolved by taking linguistic factors such as the position of the connector, its neighboring elements and the general structure of the carrier sentence into account. In (3), we schematize the identification rule for the German causal connector <em>da</em> 'as'.</p><p xmlns=""> </p><p xmlns=""> (3) IF <em>da</em> not followed by verb AND</p><p xmlns="">              <em>da</em> not preceded by a particle or another causal connector AND             </p><p xmlns=""> final verb is an infinitive THEN                  </p><p xmlns=""> <em>da</em> is a causal connector.</p><p xmlns=""> </p><p xmlns="">  The same procedure is followed with respect to modal particles such as <em>eben</em>, which can be a focus particle, a temporal adverbial meaning 'just', or a modal particle that indicates the speaker's resigned acceptance of a fact due to an immutable constraint <cite href="#n12">12</cite>. </p><h2 xmlns="">3.2. Inference rules</h2><p xmlns="">While these two dimensions are by themselves important for the interpretation of a given discourse, the additional benefit for measuring deliberation results from a combination of the two dimensions. Taking the example in (1), the inference rule in (4) yields the annotation in Figure 1.</p><p xmlns=""/><p xmlns=""> (4) IF causal connector found AND causal connector followed by particle denoting immutable constraint THEN annotate the DU start tag with &lt;DiscRel="justification" CI="immutable_constraint"&gt; </p><div xmlns="" class="figure"><img src="/data/figures/DH2014/DH2014_145_Fig1.jpg"/><figcaption><p>Fig. 1: Annotation of example (1).</p></figcaption></div><p xmlns="">On
 the other hand, the rule in (5) deals with the combination of the 
causal connector <em>da</em> and the modal particle <em>ja</em>, rendering the 
annotatation of example (2) in Figure 2.         (5) IF <em>da</em> is used as causal connector AND                <em>da</em> is followed by particle denoting common ground THEN                    annotate the DU start tag with &lt;DiscRel="justification" CI="common_ground"&gt;.</p><div xmlns="" class="figure"><img src="/data/figures/DH2014/DH2014_145_Fig2.jpg"/><figcaption><p>Fig. 2: Annotation of example (2).</p></figcaption></div><p xmlns="">These
 inferences, which perform context-sensitive linguistic annotation of discourse units, help to interpret the 
whole discourse and shed light on the way speakers and listeners 
interact, incorporating detailed linguistic knowledge about syntax and discourse pragmatics.</p><p xmlns="">Despite
 the comparatively small corpus, it is nevertheless difficult to see 
overall patterns of  argumentativity at a glance, while still 
maintaining a detailed view on single annotations. In order to overcome 
this drawback, we introduce a  visualization system which encodes those 
annotations visually and makes the patterns more accessible. </p><h2 xmlns="">4. Visualizing argumentativity</h2><p xmlns=""> The
 visualization of linguistic patterns has been shown to shed light on a 
number of phenomena, from theoretically motivated topics like 
phonological patterns <cite href="#n13">13</cite> and lexical semantic 
change <cite href="#n14">14</cite><cite href="#n15">15</cite> to machine learning issues with 
respect to clustering <cite href="#n16">16</cite>. The goal of visualizing the structure of argumentativity across the discourse is twofold: First, patterns of argumentation that have been identified through the linguistic inference rules
 can be analyzed in their context. Second, the distribution of arguments
 over the course of the conversation may reveal additional knowledge on 
 the deliberative quality of different parts of the overall discourse.</p><p xmlns=""> Figure
 3 shows a visualization of parts of the S21 arbitration session on Nov.
 4th 2010, each sentence occupying one line, each speaker turn contained
 in a grey square. The bars marked in yellow represent discourse units 
containing justifying statements. The tool is interactive in that the 
user can zoom in and out of the discourse and can investigate the 
relevant discourse units in detail without loosing the overall 
distribution. A detailed view on the data is shown in Figure 4. </p><div xmlns="" class="figure"><img src="/data/figures/DH2014/DH2014_145_Fig3.jpg"/><figcaption><p>Fig. 3: Visualization of justifying statements in the S21 arbitration on November 4th, 2010.</p></figcaption></div><div xmlns="" class="figure"><img src="/data/figures/DH2014/DH2014_145_Fig4.jpg"/><figcaption><p>Fig. 4: Detailed visualization of justificational discourse units.</p></figcaption></div><h2 xmlns="">5. Summary and future work</h2><p xmlns="">This paper presents an approach 
of operationalizing the notion of deliberation using discourse 
connectors and modal particles in order to shed light on the way 
arguments are exchanged and how speakers and listeners relate to them. 
By using a visualization approach, the annotated data can be inspected 
over the whole discourse, allowing for an interpretation of the role 
that argumentativity plays in the arbitration. In the future, we will 
incorporate more linguistic cues that are relevant for deliberative 
communication and also deal with multiword instances that are relevant 
on a number of levels. With  the increasing number of annotation levels,
 the visualization will be extended to show the interactions between 
different levels, allowing for more insights into discourse structure 
and eventually deliberation. </p><h2 xmlns="">Acknowledgements</h2><p xmlns="">We thank Mennatallah el Assady, Manuel Hotz and Rita Sevastjanova for their help with implementing the discourse visualization and the German Ministry for Education and Research (BMBF) for their funding under the eHumanities research grant 01UG1246.</p><h2 xmlns="">References</h2><p xmlns="">1. <strong>Habermas, Jürgen</strong>. (1981). <em>Theorie des kommunikativen Handelns</em>. 2 Bände. Frankfurt am Main: Suhrkamp.
          </p><p xmlns="">2. <strong>Habermas, Jürgen</strong>. (1992). <em>Faktizität und Geltung: Beiträge zur Diskurstheorie des Rechts und des demokratischen Rechtsstaates</em>. Frankfurt am Main: Suhrkamp.
          </p><p xmlns="">3. <strong>Dryzek, John S.</strong> (1990). <em>Discursive Democracy: Politics, Policy and Political Science</em>. Cambridge: Cambridge University Press.
          </p><p xmlns="">4. <strong>Bohman, James</strong>. (1996). <em>Public Deliberation: Pluralism, Complexity and Democracy</em>. Cambridge, MA: The MIT Press.
          </p><p xmlns="">5. <strong>Gutmann, Amy and Dennis Thompson</strong>. (1996). <em>Democracy and Disagreement — Why moral conflict cannot be avoided in politics, and what should be done about it</em>. Cambridge, MA: Harvard University Press.
          </p><p xmlns="">6. <strong>Potts, Christopher</strong>. (2012). <em>Conventional implicature and expressive content</em>. In Claudia Maienborn, Klaus von Heusinger, and Paul Portner, eds., Semantics: An International Handbook of Natural Language Meaning, Volume 3, 2516-2536. Berlin: Mouton de Gruyter.
          </p><p xmlns="">7. <strong>Marcu, Daniel</strong>. (2000). <em>The Theory and Practice of Discourse Parsing and Summarization</em>. Cambridge, MA: The MIT Press
          </p><p xmlns="">8. <strong>Polanyi, Livia, Martin van den Berg, Chris Culy, Gian Lorenzo Thione, David Ahn</strong>.  (2004). <em>Sentential Structure and Discourse Parsing</em>. Proceedings of the  ACL2004 Workshop on Discourse Annotation.
          </p><p xmlns="">9. <strong>Prasad, Rashmi, Nikhil Dinesh, Alan Lee, Eleni Miltsakaki, Livio Robaldo,  Aravind Joshi &amp; Bonnie Webber</strong>. (2008). <em>The Penn Discourse Treebank  2.0.</em> Proceedings of the 6th International Conference on Language  Resources and Evaluation (LREC 2008). Marrackech, Morocco.
          </p><p xmlns="">10. <strong>Zimmermann,  Malte</strong>. (2011).<em> Discourse Particles</em>. In P. Portner, C. Maienborn und K.  von Heusinger (eds.), Semantics. (Handbücher zur Sprach- und  Kommunikationswissenschaft HSK 33.2). Berlin, Mouton de Gruyter.  2011-2038.
          </p><p xmlns="">11. <strong>Karagjosova, Elena</strong>. (2004). <em>The Meaning and Function of German Modal Particles</em>. Saarbrücken Dissertations in Computational Linguistics and Language Technology.
          </p><p xmlns="">12. <strong>Min-Jae Kwon</strong> (2005). <em>Modalpartikeln und Satzmodus</em>. Untersuchungen zur Syntax, Semantik und Pragmatik der deutschen Modalpartikeln. Dissertation, LMU Muenchen.
          </p><p xmlns="">13. <strong>Mayer, Thomas, Christian Rohrdantz</strong>. (2013). <em>PhonMatrix: Visualizing co-occurrence constraints of sounds</em>. In Proceedings of the 51st Annual Meeting of the Association for Computational Linguistics, pages 73-78.
          </p><p xmlns="">14. <strong>Rohrdantz, Christian, Annette Hautli, Thomas Mayer, Miriam Butt, Daniel A. Keim and Frans Plank</strong>. (2011). <em>Towards Tracking Semantic Change By Visual Analytics</em>. In Proceedings of the 49th Annual Meeting of the Association for Computational Linguistics, pages 305–310.
          </p><p xmlns="">15. <strong>Rohrdantz, Christian, Andreas Niekler, Annette Hautli, Miriam Butt and Daniel A. Keim</strong>. (2012).  <em>Lexical Semantics and Distribution of Suffixes - A Visual Analysis</em>. In Proceedings of the EACL 2012 Joint Workshop of LINGVIS &amp; UNCLH, pages 7-15.
          </p><p xmlns="">16. <strong>Lamprecht, Andreas, Annette Hautli, Christian Rohrdantz and Tina Bögel</strong>. (2013).<em> A Visual Analytics System for Cluster Exploration</em>. In Proceedings of the 51st Annual Meeting of the Association for Computational Linguistics, pages 109-114.
          </p></article>
</div></section><footer><hr/></footer></body></html>