<!DOCTYPE html><html xmlns="http://www.w3.org/1999/xhtml" xml:lang="en"><head><title>DHArchive</title><meta http-equiv="content-type" content="text/html; charset=utf-8" /><link rel="stylesheet" type="text/css" href="/s/dharchive.css"></link><link rel="shortcut icon" type="image/x-icon" href="favicon.ico" /></head><body><header><a href="/"><img src="/i/logo.png" id="logo" /><h1><acronym>dharchive</acronym>.org</h1></a></header><section><a href="/?c=DH2014"><img src="/data/figures/DH2014/banner.jpg" class="banner"/></a><div id="read"><aside><a class="btn" href="javascript:window.print();"><img src="/i/print.png"/> Print</a><a class="btn" href="/data/xml/DH2014/Paper-846.xml"><img src="/i/download.png"/> XML</a></aside><?xml version="1.0" encoding="utf-8"?>
<article xmlns="http://www.tei-c.org/ns/1.0" xmlns:xhtml="http://www.w3.org/1999/xhtml" xmlns:tei="http://www.tei-c.org/ns/1.0">
  <header xmlns="">
    <h1>Quelle médiation numérique pour le patrimoine bâti ?</h1>
    <ul id="details">
      <li><label>Category:</label>Long Paper</li>
      <li><label>Session:</label>8</li>
      <li><label>Date:</label>2014-07-11<label>Time:</label>14:00:00</li>
      <li><label>Room:</label>413 - Amphimax</li>
    </ul>
    <ul id="authors">
      <li>
        <a href="mailto:jerome.hennebert@hotmail.fr "><span class="author-surname">Hennebert</span>,
									<span class="author-forename">Jérôme</span></a>
        <a href="http://www.google.com/#q=Hennebert, Jérôme">
          <img src="/i/search.png"/>
        </a>
        <span class="author-affiliation">Université de Lille 3, France</span>
      </li>
    </ul>
  </header>
  <p xmlns=""/>
  <h2 xmlns="">Résumé : </h2>
  <p xmlns="">
    <em>Dans un précédent projet de recherche et dans le contexte des musées de beaux-arts, nous avons échafaudé l’hypothèse selon laquelle la conception des audioguides de nouvelle génération, appelés « visioguide » (sur Iphone), ne répondait pas assez à la demande du visiteur, lequel souhaite d’abord augmenter son expérience esthétique (H2PTM, 2013). Nous proposons ici un nouveau modèle d’hypertextualisation des applications numériques destinées à la visite du patrimoine bâti, sur tablette de type Ipad, en suivant le modèle de l’abduction proposé par C. S. Peirce. Pour cela, nous comparons deux applications numériques qui correspondent à deux modèles opposés de médiation : par distanciation et par immersion 3d. Quel monde virtuel créer pour une médiation du patrimoine architectural par le numérique ? Quelles compétences sémiotiques l’usager doit-il mobiliser ?</em>
  </p>
  <p xmlns="">Dans cette communication, nous approfondissons notre recherche sur la médiation apportée par le numérique pour la découverte touristique du patrimoine bâti : visite in situ ou de chez soi pour préparer la visite d’un monument. Dans la perspective des SIC, nous nous posons plusieurs questions : quelles informations architecturales transmettre dans une application pour tablette ? Les commentaires limitent-ils ou enrichissent-ils ce que l’architecte Rasmussen a appelé « l’expérience architecturale » (Rasmussen, 1959) ? Selon l’architecte danois, celle-ci ne peut être réduite à l’observation de plans ou de maquettes, puisqu’il ne s’agit pas tant d’expliquer que d’éprouver l’espace architectural et d’interpréter ses signes. </p>
  <p xmlns="">Notre hypothèse est de renouveler l’approche du « document monumentaire » (Patrick Fraysse, 2012) en relayant un discours sur l’œuvre bâtie par un discours entre l’œuvre et le public visiteur. Autrement dit, comment mieux restituer le lien intime entre un patrimoine bâti et la vie des hommes via une application numérique interactive ? Nous proposons dans cette communication un modèle innovant pour combiner les enjeux de la médiation par le numérique tantôt centrée sur les propriétés du patrimoine (Pantheon Iview) tantôt sur l’expérience du visiteur (Paris 3d saga).</p>
  <p xmlns="">Nous comparons deux applications numériques répondant à deux modèles opposés de médiation (Flon, 2012) : la « distanciation » avec Pantheon Iview (audioguidage didactique) ou « l’immersion » dans Paris 3Dsaga. Comment ces applications numériques rendent-elles la complexité d’une architecture ? La première application enrichit les connaissances historiques sur le Panthéon de Rome (Pantheon Iview). La seconde présente la ville de Paris comme un « monde » reconstitué à travers les âges (Paris 3dsaga par Dassault systèmes, 2012). </p>
  <p xmlns="">Les théoriciens de l’école de Constance (Jauss, Iser), ainsi que les théoriciens de la sémiotique (Eco, Mucchielli), ont montré que le sens n’est pas une donnée de départ inhérente à l’œuvre, mais co-construite par le récepteur : comment faire en sorte que le spectateur participe à l’élaboration du sens d’un édifice ? Comment une application numérique constitue-t-elle un interprétant fiable du patrimoine ? Comment donner au visiteur d’un bâtiment des compétences sémiotiques qu’il n’a pas reçues par les programmes éducatifs (Segaud, 1994) ?</p>
  <p xmlns="">Afin de répondre à ces questions, nous nous référons à la conception du signe architectural selon Eco, comme « signe-fonction » </p>
  <ol xmlns="">
    <li>1. La communication architecturale est d’abord une stimulation, un complexe de sensations. Ex. : la vue de l’escalier me dispose à monter / descendre, donc me dispose à un usage fonctionnel ; la forme architecturale (signifiant) rend possible la fonction (signifié). </li>
    <li>2. Les signes architecturaux sont ensuite de l’ordre de la perception ; ils risquent de ne pas être interprétés à cause de nos habitudes (pour monter, nous oublions facilement la fonction de l’escalier) ou par méconnaissance du code architectural, d’où perte du sens. </li>
  </ol>
  <p xmlns="">Partant de ces postulats, les applications numériques analysées devraient :</p>
  <ul xmlns="">
    <li>a. décrire des signifiants qui à la fois dénotentles fonctions de l’architecture mais surtout connotentdes idéologies (une conception de l’habitation à un moment donné). Ex : la courbe Art nouveau ou l’ogive gothique n’ont pas la même connotation pour déterminer l’objet fonctionnel « fenêtre ».</li>
    <li>b. Evoquer le signe-fonction à partir de codesarchitecturaux qui appartiennent au passé (ex. : l’Art nouveau est un code contre la standardisation industrielle fin XIXe s. mais pour les thèses socialistes et progressistes.)</li>
  </ul>
  <p xmlns="">Force est de constater dans les deux applications que le jeu des connotations et l’expression du code architectural font défaut. La simulation architecturale par immersion 3d est bien une stimulation (un ensemble de sensations) dans Paris 3d saga mais il manque des perceptions fines des signes architecturaux. L’approche y est plus historique et synthétique qu’analytique (seulement les étapes de construction de la cathédrale Notre-Dame de Paris ou de la Tour Eiffel). </p>
  <p xmlns="">Autrement dit, la médiation par le numérique surdétermine le rapport au signifiant visuel (réalité virtuelle dans Paris 3d saga), au détriment du rapport connotatif entre le signifiant et le signifié. Les applications focalisent ensuite sur le référent (la construction dans Paris 3D saga, et le contexte historique dans tout le corpus), au détriment de la signification architecturale. Il s’agit moins d’une médiation semio-cognitive que d’une « ocularisation » stimulante de l’architecture – une médiatisation technologique. Certes, la médiation vise ici à renforcer les connaissances historiques de l’usager par des commentaires contextuels et hypertextuels mais sans visée fonctionnelle. Au final, comprendre est ici plus apprendre l’histoire qu’explorer ou « éprouver » les signes architecturaux au sens de Rasmussen.</p>
  <p xmlns="">Par ailleurs, l’architecture, comme l’ont montré Eco et Rasmussen, est mal appréhendée lorsque :</p>
  <ol xmlns="">
    <li>1. le visiteur n’est pas relié directement à l’espace sensible d’un édifice </li>
    <li>2. lorsque l’analyse du signe architectural n’est pas orientée vers un futur (une étude diachronique des signes</li>
  </ol>
  <p xmlns="">Le premier point est résolu grâce l’immersion 3D et au « gyroscope » dans Paris 3d saga. Le deuxième point reste problématique. Une œuvre d’art architecturale modifie les codes de son époque et programme une évolution des manières d’habiter. Cet aspect est négligé dans les deux applications. Paris 3d saga est une machine à remonter le temps, un feuilleté d’époques successives qui ne montre pas les différences de réception et d’usage d’un monument à travers différentes époques (la fonction « photogommage » dans Paris 3d saga est plus passéiste que visionnaire). Il n’est donc pas aisé pour le visiteur en quête de sens de se poser des questions sur l’architecture en phase d’immersion 3d, sans objectifs de recherche.</p>
  <p xmlns="">Repositionnons dès lors la médiation par le numérique comme une « mise en intrigue » du patrimoine et une « refiguration » du monde sensible du visiteur (Ricoeur, 1985). La refiguration est le troisième temps de la représentation pour le phénoménologue (« mimèsis3 »). Rappelons que le philosophe distingue :</p>
  <ol xmlns="">
    <li>1. Le temps de l’action (l’histoire) = mimèsis 1</li>
    <li>2. Le temps de la narration de l’action (récit) = mimesis 2</li>
    <li>3. Le temps du lecteur qui renvoie le récit à son propre « monde » et à
							sa sensibilité = mimèsis 3</li>
  </ol>
  <p xmlns="">Dès lors, une médiation par le numérique autre que celle proposée actuellement dans les processus d’audioguidage devient possible : une visite certes immersive comme dans Paris 3d saga, mais en plongeant l’usager dans un récit-enquête qui serait autant l’interprétant (mimèsis 2) qu’une source de plaisir (mimèsis 3). Un édifice constituant une énigme à résoudre (ex. la fiction possible d’une reconstitution), la médiation patrimoniale devient alors un récit exploratoire. Mais avec quel protagoniste ?</p>
  <p xmlns="">Afin de mieux articuler le signifié et l’éprouvé, afin de mettre en récit le patrimoine bâti, nous proposons de croiser deux modèles de médiation identifiés dans notre corpus : </p>
  <ol xmlns="">
    <li>1. Pour structurer les informations architecturales, nous proposons d’appliquer le modèle de l’abduction proposé par Peirce : un questionnement « impliquant » au cours d’une enquête herméneutique (méthode du détective pour déchiffrer les signes), à partir d’indices, et selon trois niveaux d’expérimentation :
								<ol><li>a. le sensoriel ou l’esthésie (Boutaud, 2007) : la perception de l’espace-temps architectural par l’immersion 3d.</li><li>b. le sensible ou l’esthétique : perception du rythme des ouvertures en façade etc.</li><li>c. le relationnel ou l’éthique : établir le lien entre le sujet et le bâtiment d’une part, voire la culture et le collectif d’autre part. </li></ol></li>
    <li>2. En raison de la double performativité qui caractérise les applications (dire l’architecture et organiser une visite), nous distinguons le faire-savoir architectural du « faire-visiter » (organiser la visite). Pour ne pas dissocier les deux, nous proposons un modèle hybride par immersion et identification de l’usager au rôle de l’architecte (position réflexive et sensible). </li>
  </ol>
  <p xmlns="">C’est donc le projet de l’architecte qui constitue le grand oubli de ces applications. Si le visiteur se met à la place fictive de l’architecte, il pourra mieux éprouver le patrimoine bâti, en se posant des questions pertinentes sur le projet d’édification et son idéologie (lien de l’édifice avec son environnement physique et sa culture etc.). </p>
  <p xmlns="">En conclusion, la mise en récit du patrimoine et du projet de l’architecte favorise une refiguration possible de la réalité virtuelle, une médiation par le numérique différente, en faveur d’un apprentissage sensible de l’architecture. La médiation apportée par l’immersion 3d est relayée par un questionnement abductif et hypertextuel, au choix du visiteur selon sa culture architecturale. Nous retrouvons les principes de base d’un « serious game » pédagogique, aux fins d’une meilleure information sur l’architecture complexe et sur l’organisation même de la visite (en ajoutant la géolocalisation), enfin aux fins d’une meilleure communication entre visiteurs d’un groupe (famille, amis…) qui partageraient leur « expérience architecturale » (Rasmussen) autour d’une même fiction exploratoire.</p>
  <p xmlns="">Comme le suggère Jacques Rancière, aux fins politiques d’une meilleure démocratisation de la culture : « sur un monde, on ne fait pas de théorie, on fait son propre poème » (Ebguy, 2012). On peut donc imaginer de nouveaux aspects à la fois heuristiques et inventifs dans les applications numériques. Chaque récepteur devrait idéalement se réapproprier l’œuvre architecturale comme « vision personnelle du monde » à partir d’une scénarisation, et non comme une vérité historique imposée.</p>
  <h2 xmlns="">References</h2>
  <p xmlns=""><strong>Balpe J.-P.</strong> (1990), <em>Hyperdocuments, hypertextes, hypermédias</em>, Paris, Eyrolles.
							</p>
  <p xmlns=""><strong>Boutaud J.-J.</strong> (2007), <em>« Du sens, des sens. Sémiotique, marketing et communication en terrain sensible »</em>, Semen, n°23, 2007 [consulté le 15 mars 2013]. URL : <a href="http://semen.revues.org/5011">http://semen.revues.org/5011</a></p>
  <p xmlns=""><strong>Ebguy J.-D. </strong>(2012), <em>« La mésentente : le philosophe (Jacques Rancière) et le poéticien (Gérard Genette) »</em>, in Fabula-LhT, n° 10, « L'aventure poétique », décembre 2012, URL : <a href="http://www.fabula.org/lht/10/ebguy.html">www.fabula.org/lht/10/ebguy.html</a>, [consulté le 04 janvier 2014].
							</p>
  <p xmlns=""><strong>Eco Umberto</strong> (1972),<em>La</em><em>Structure absente, introduction à la recherche en sémiotique</em>, Paris, Mercure de France (1<em>ère</em> éd. 1968).
							</p>
  <p xmlns=""><strong>Flon Émilie</strong> (2012), <em>Les Mises en scène du patrimoine: savoir, fiction et médiation</em>. Paris : Hermès/Lavoisier .
							</p>
  <p xmlns=""><strong>Fraysse Patrick </strong>(2012), <em>« Images du Moyen Âge dans la ville : l'inscription spatiale de médiévalité »</em>Communication et langage, mars 2012, n°171, p. 3-17
							</p>
  <p xmlns=""><strong>Rasmussen Steen Eiler</strong> (2002), <em>Découvrir l’architecture</em>, du Linteau éd. (1<em>ère</em> éd. 1959).
							</p>
  <p xmlns=""><strong>Ricoeur Paul </strong>(1985), <em>Temps et récit, tome III : Le temps raconté</em>, Paris, Le Seuil.
							</p>
  <p xmlns=""><strong>Segaud Marion </strong>(1994), <em>« Compétence esthétique et culturelle architecturale du français ordinaire »</em>, in Figures architecturales, formes urbaines, actes du congrès de Genève de l’Association internationales de sémiotique de l’espace, Anthropos, Lausanne, p. 209-220.
							</p>
  <p xmlns=""><strong>Varano Sandro</strong> (2010), <em>Un espace de navigation hypermédia dédié au patrimoine culturel bâti.</em> Éditions Universitaires Européennes. </p>
</article>
</div></section><footer><hr/></footer></body></html>