<!DOCTYPE html><html xmlns="http://www.w3.org/1999/xhtml" xml:lang="en"><head><title>DHArchive</title><meta http-equiv="content-type" content="text/html; charset=utf-8" /><link rel="stylesheet" type="text/css" href="/s/dharchive.css"></link><link rel="shortcut icon" type="image/x-icon" href="favicon.ico" /></head><body><header><a href="/"><img src="/i/logo.png" id="logo" /><h1><acronym>dharchive</acronym>.org</h1></a></header><section><a href="/?c=DH2014"><img src="/data/figures/DH2014/banner.jpg" class="banner"/></a><div id="read"><aside><a class="btn" href="javascript:window.print();"><img src="/i/print.png"/> Print</a><a class="btn" href="/data/xml/DH2014/Paper-322.xml"><img src="/i/download.png"/> XML</a></aside><?xml version="1.0" encoding="utf-8"?>
<article xmlns="http://www.tei-c.org/ns/1.0" xmlns:xhtml="http://www.w3.org/1999/xhtml" xmlns:tei="http://www.tei-c.org/ns/1.0">
  <header xmlns="">
    <h1>An Integrated Approach to the Procedural Modeling of Ancient Cities and Buildings</h1>
    <ul id="details">
      <li><label>Category:</label>Long Paper</li>
      <li><label>Session:</label>1</li>
      <li><label>Date:</label>2014-07-09<label>Time:</label>09:00:00</li>
      <li><label>Room:</label>321 - Amphipôle</li>
    </ul>
    <ul id="authors">
      <li>
        <a href="mailto:marie.saldana@gmail.com"><span class="author-surname">Saldana</span>,
									<span class="author-forename">Marie </span></a>
        <a href="http://www.google.com/#q=Saldana, Marie ">
          <img src="/i/search.png"/>
        </a>
        <span class="author-affiliation">UCLA</span>
      </li>
    </ul>
  </header>
  <p xmlns=""/>
  <h2 xmlns="">I. Introduction</h2>
  <div xmlns="" class="figure">
    <img src="/data/figures/DH2014/DH2014_262_domus.jpg"/>
    <figcaption>
      <p>Fig.1: Urban infill created from the procedural 'domus' rule.</p>
    </figcaption>
  </div>
  <p xmlns="">This paper presents a suite of procedural rules for creating 3D models of Roman and Hellenistic architecture and urban environments. The term ‘rules’ in procedural modeling refers to the computer code that generates a 3D model. Unlike traditional 3D modeling software such as SketchUp or 3ds Max, which use polygons to simulate form, procedural modeling entails the use of computer programming languages in textual semantic description of a building that then generates a polygonal model. This represents not only a technical, but also an epistemological difference, as the choice of modeling method can influence not merely the cost or aesthetic outcome of a project, but also how information is selected, processed, and indeed what is considered to be information versus noise. Procedural modeling requires that each stage of the transmutation of data in the modeling process is rigorously thought out and documented, allowing 3D models to move beyond visualization to become robust research tools. </p>
  <p xmlns="">Procedural modeling has the potential to address a number of issues related to 3D archaeological reconstructions which are of concern to digital humanists. An important advantage of procedural methodology is that it allows for the rapid prototyping and interactive updating of 3D content. The use of attributes and parameters enables scholars to visualize change over time and gauge the impact of various factors on the built environment. Furthermore, these attributes and parameters can be tracked and harnessed as valuable geospatial data through the use of GIS software and of interactive visual displays. Of particular interest for archaeologists and architectural historians is the ability to test hypothetical reconstructions of ancient architecture in a fully realized urban context. Crucially for humanists, the procedural rules link each iteration of a model to its source material, allowing the degree of certainty present in each model to be accurately defined through the documentation of each step in the process of interpreting a given data set. Procedural modeling thus enhances the scholarly value of architectural reconstructions by providing a platform for the comparison and refutation of 3D visualizations.</p>
  <h2 xmlns="">II. Background and Software </h2>
  <p xmlns="">Reconstruction of historical architecture and cities was an early application of procedural modeling. Significant test cases were built around ancient Rome and Pompeii.<cite href="#n1">1</cite>
However, the main commercially available procedural software behind these projects, ESRI CityEngine, is currently being marketed mostly as a low-cost rapid-prototyping pipeline to urban planners and production designers rather than to scholars for its ability to create data-rich, detailed architectural models.<cite href="#n2">2</cite>
Procedural engines are based on proprietary high-level graphics programming languages which are extremely time- and resource-consuming to produce for most academics, particularly in the humanities, and therefore few open-source alternatives exist.<cite href="#n3">3</cite>
A precedent for my current project is Pascal Mueller’s 2010 PhD dissertation which used classical temples as a case study for demonstrating the potential of CGA shape grammar, the procedural language that eventually became the core of ESRI CityEngine. <cite href="#n4">4</cite>I chose to use ESRI CityEngine for my work, because I find it to be the best commercial procedural modeling product for architecture and cities, and because its recent integration with ESRI GIS software such as ArcMap provides significant advantages for managing and visualizing archaeological data (Fig.2).</p>
  <div xmlns="" class="figure">
    <img src="/data/figures/DH2014/DH2014_262_screenshot.jpg"/>
    <figcaption>
      <p>Figure 2: Screenshot from ESRI CityEngine showing text editor for rules (left) model (center) and model attributes (right). </p>
    </figcaption>
  </div>
  <h2 xmlns="">III. Methodology and Research Application  </h2>
  <p xmlns="">My work aims at the creation of a full suite of procedural rules for the main typologies of classical architecture.  A master rule for classical temples exemplifies this project. The temple rule was designed to produce a schematic model of any kind of classical temple with a minimal number of parameters. By selecting from a few options, a user can instantly generate, for example, a tetrastyle Tuscan temple on a high podium; a peripteral Doric temple with pronaos and posticum; or an ionic pseudo-dipteral Hellenistic temple with variable intercolumniation. The rules were based on sources such as actual archaeological remains in Italy and Asia Minor, as well as Vitruvian templates.The rules are designed to by fully modular, that is, the rule for a specific typology such as a temple, arch, or stoa collates several  sub-rules, which can be re-used and combined as necessary. These construct the components of a building, such as colonnades, entablatures, pediments, and roofs, or refer to a specific order, such as Tuscan, Doric, Ionic, or Corinthian.  Urban models are then generated from geodatabases imported from GIS software ArcMap. These geodatabases contain the footprint of the building, along with specific attributes necessary to create the model (such as column diameter, order, and building type), and the bibliographic citations that reference the source material from which the attribute data was derived. All of this textual material may be queried in the final visualization of the model. The original impetus for the creation of the suite of rules was the generation of a series of 3D models of early Republican Rome, eventually to be visualized interactively with Unity game engine web viewer<em>5</em>. The procedural rules facilitated the hybridization of actual Roman data, comparanda from other sites, and hypothetical interpolation that was necessary to complete the picture of the Forum Romanum in this time period. Eventually, the project and the rules expanded to cover the site of Magnesia on the Meander in Turkey, necessitating the addition of new typologies. To date, the suite of procedural rules includes a core set of typologies responding to the topography of Rome and Magnesia on the Meander. These include temples, altars, basilicas, houses, shops, streets, triumphal arches, arcades, colonnaded streets, stoas, theaters, and stadiums (Figs.1,3,4). It is anticipated that these rules will become valuable tools for visualizing the urban fabric at numerous other locations where the archaeological data must be supplemented with well-researched templates that provide customizable parameters.</p>
  <div xmlns="" class="figure">
    <img src="/data/figures/DH2014/DH2014_262_B1.jpg"/>
    <figcaption>
      <p>Figure 3: Procedural basilica, shown in a configuration with a row of shops in front</p>
    </figcaption>
  </div>
  <h2 xmlns="">IV. Conclusions </h2>
  <p xmlns="">Procedural modeling presents a powerful new methodology that has yet been underexploited by the Digital Humanities. Contrary to traditional 3D modeling methods, procedural modeling forces the investigator to approach visual and 3D content through a rigorously syntactic and process-oriented framework. This framework preserves the hierarchy of decisions that result in a given visual interpretation of archaeological evidence. Models thus produced are extremely information-rich and the ways in which they can be used to aid research are just beginning to be explored.</p>
  <div xmlns="" class="figure">
    <img src="/data/figures/DH2014/DH2014_262_HT1.jpg"/>
    <figcaption>
      <p>Figure 4: The Ionic temple of Artemis at Magnesia on the Meander, procedurally generated from the master temple rule.</p>
    </figcaption>
  </div>
  <h2 xmlns="">References</h2>
  <p xmlns="">
            1. See the Rome Reborn Project, <a href="http://romereborn.frischerconsulting.com/.">romereborn.frischerconsulting.com/.</a> The procedural aspects of this project were published in Dylla, Kimberly, Bernard Frischer et al., 2010. "Rome Reborn 2.0: A Case Study of Virtual City Reconstruction Using Procedural Modeling Techniques," in CAA 2009. Making History Interactive. 37th Proceedings of the CAA Conference March 22-26, 2009, Williamsburg, Virginia (Archaeopress: Oxford, 2010) 62-66. On Procedural Pompeii, see <a href="http://www.esri.com/software/cityengine/resources/casestudies/procedural-pompeii.">www.esri.com/software/cityengine/resources/casestudies/procedural-pompeii.</a></p>
  <p xmlns="">
            2. <strong>ESRI CityEngine</strong>: <a href="http://www.esri.com/software/cityengine">www.esri.com/software/cityengine</a></p>
  <p xmlns="">
            3. Some recent cultural heritage projects make use of parametric tools such as Building Information Modeling (BIM), for example ArchiCAD and Revit, or the Rhinoceros plug-in Grasshopper.
          </p>
  <p xmlns="">
            4. Mueller’s (unpublished) dissertation and Parthenon rule, which is distributed as an example with CityEngine software, were indispensable in my efforts to master CGA shape grammar. However, his work was oriented to the field of computer science and restricted to peripteral temples of the Doric order. The rules I present here are entirely my own work, as a full restructuring and rewriting of the code, with the addition of much new material, was necessary to implement a wider agenda geared toward an architectural audience. For an overview of the architectural application of CGA shape grammar, see Mueller, et al., 2006. “Procedural Modeling of Buildings”, in ACM SIGGRAPH 2006 Papers (ACM, Boston, 2006) 614-623.
          </p>
  <p xmlns="">
            5. This work was undertaken as part of the RomeLab project, an offshoot of the UCLA Experiential Technologies Center. The Unity models are playable at <a href="http://romelab.etc.ucla.edu/.">romelab.etc.ucla.edu/.</a> RomeLab investigates the Roman Forum of ca.186 BC, some 500 years before the period represented by Rome Reborn, therefore the procedural content of RomeLab is entirely new.
          </p>
</article>
</div></section><footer><hr/></footer></body></html>