<!DOCTYPE html><html xmlns="http://www.w3.org/1999/xhtml" xml:lang="en"><head><title>DHArchive</title><meta http-equiv="content-type" content="text/html; charset=utf-8" /><link rel="stylesheet" type="text/css" href="/s/dharchive.css"></link><link rel="shortcut icon" type="image/x-icon" href="favicon.ico" /></head><body><header><a href="/"><img src="/i/logo.png" id="logo" /><h1><acronym>dharchive</acronym>.org</h1></a></header><section><a href="/?c=DH2014"><img src="/data/figures/DH2014/banner.jpg" class="banner"/></a><div id="read"><aside><a class="btn" href="javascript:window.print();"><img src="/i/print.png"/> Print</a><a class="btn" href="/data/xml/DH2014/Paper-875.xml"><img src="/i/download.png"/> XML</a></aside><?xml version="1.0" encoding="utf-8"?>
<article xmlns="http://www.tei-c.org/ns/1.0" xmlns:xhtml="http://www.w3.org/1999/xhtml" xmlns:tei="http://www.tei-c.org/ns/1.0">
  <header xmlns="">
    <h1>Modèles tridimensionnels pour la représentation de l’état des connaissances et propositions de visualisation pour l’analyse des corpus textuels.</h1>
    <ul id="details">
      <li><label>Category:</label>Long Paper</li>
      <li><label>Session:</label>2</li>
      <li><label>Date:</label>2014-07-09<label>Time:</label>11:00:00</li>
      <li><label>Room:</label>412 - Amphimax</li>
    </ul>
    <ul id="authors">
      <li>
        <a href="mailto:jean-marc.leblanc@u-pec.fr "><span class="author-surname">Leblanc</span>,
									<span class="author-forename">Jean-Marc</span></a>
        <a href="http://www.google.com/#q=Leblanc, Jean-Marc">
          <img src="/i/search.png"/>
        </a>
        <span class="author-affiliation">Université Paris Est Créteil (UPEC), France </span>
      </li>
      <li>
        <a href="mailto:m-peres@wanadoo.fr"><span class="author-surname">Pérès</span>,
									<span class="author-forename">Marie</span></a>
        <a href="http://www.google.com/#q=Pérès, Marie">
          <img src="/i/search.png"/>
        </a>
        <span class="author-affiliation">Université Paris Est Créteil (UPEC), France </span>
      </li>
    </ul>
  </header>
  <p xmlns=""/>
  <p xmlns=""/>
  <h2 xmlns="">Résumé</h2>
  <p xmlns="">Alors que la réflexion
sur la visualisation est au cœur de disciplines parfois émergentes, que la web
véhicule un grand nombre de représentations souvent sophistiquées, introduisant
de nouveaux modèles, souvent esthétiques mais qui nécessitent de nouveaux
apprentissages pour la lecture et l’interprétation, de nombreuses disciplines
s’appuient actuellement sur la visualisation pour communiquer leurs résultats
ou créer des outils scientifiques.</p>
  <p xmlns="">Cette contribution
prend appui sur des champs disciplinaires différents pour proposer une
réflexion sur la représentation des connaissances qui nous à conduit à
développer un outil de visualisation des données textuelles.</p>
  <p xmlns="">Nous analyserons ici
les méthodes et principes de restitution archéologiques depuis les envois de
Rome jusqu’aux modèles informatiques tridimensionnels interrogeant leur forme,
leur propos et le rôle de transformateur d’information que doit endosser tout
créateur de restitution archéologique afin de créer un objet répondant aux
contraintes de la médiatisation et la médiation de l’objet d’étude. Nous
montrerons en quoi ces réflexions ont nourri la conception de l’outil
TextObserver qui s’inscrit dans la lignée de la textométrie en y introduisant
de nouveaux modèles.</p>
  <p xmlns="">Les outils
informatiques utilisés dans le domaine de la textométrie ont longtemps
fonctionné sur des modèles bien éprouvés mais reposant quasi-essentiellement
sur des visuels statistiques offrant peu de possibilités de manipulation ou
d’expérimentation, et parfois peu aboutis sur le plan de l’ergonomie. Face à ce
constat, le logiciel développé dans le prolongement de cette réflexion,
TextObserver, vise précisément à introduire de nouveaux modèles de
représentation des données et des résultats pour l’analyse des corpus textuels
et multimodaux. Il propose des fonctionnalités originales sur le plan de la
visualisation, rendues explicites par l’interactivité, et le traitement
dynamique des données et des résultats textométriques. Il rend possible
l’intégration de données textuelles diversifiées dans un cadre multimédia et
répond en temps réel aux questionnements expérimentaux comme les facteurs de la
variation discursive.</p>
  <p xmlns="">La rencontre entre ces
questionnements novateurs en lexicométrie et ceux développés avec la création
du modèle archéologique tridimensionnel servent de fondement à la création de
cet outil exploratoire. Nous proposons de présenter les étapes de cette
réflexion puis d'exposer les fonctionnalités essentielles de TextObserver en
explorant un corpus de discours politiques. </p>
  <p xmlns="">Dans un premier temps
nous présenterons une réflexion sur la représentation en archéologie et
médiation de l'objet d'étude. Nous reviendrons sur l'évolution des
représentations, depuis la renaissance jusqu'aux envois de Rome en passant par
les premières représentations scientifiques du 18ème siècle et les premiers
graphiques, jusqu'à l'émergence de la notion d'infographie au vingtième siècle
dans les années 70, puis les pratiques liées à la data science et data
visualisation que nous connaissons aujourd'hui. </p>
  <p xmlns="">Après cet état de
l'art nous en viendrons à la représentation archéologique en nous appuyant sur
l'exemple de la modélisation tridimensionnelle du Circus Maximus, mettant au
jour le fait que le créateur d'objet multimédia devient un transformateur
d'information. </p>
  <p xmlns="">La seconde partie de
la contribution sera consacrée à la présentation de l'outil TextObserver dont
la conception est issue d'une réflexion sur l'ergonomisation et la
représentation des données textuelles et qui réinvestit les acquis de la
recherche évoquée en première partie. </p>
  <p xmlns=""><em>TextObserver</em>est à la fois un outil de recherche et de formation à la recherche et s'inscrit dans une démarche proche de la
textométrie, ajoutant à celle-ci une dimension expérimentale, multimodale et
multimédia.</p>
  <p xmlns="">C'est en effet à
partir de l'expertise approfondie d'un dispositif composé de logiciels
longitudinaux et contrastifs (lexico3, Hyperbase, TXM) ou structurants (comme
Alceste, iramuteq ou Astartext) voire de catégoriseurs (Cordial, Treetager), ou
d'analyseurs sémantiques (Tropes) que se fonde la conception de <em>TextObserver</em>. Il ne s'agit pas
d'implémenter des fonctionnalités qui existeraient déjà au sein de ces
logiciels mais d'apporter une réponse en termes d'ergonomie, d'interactivité et
de visualisation et de développer des fonctionnalités originales. <em>TextObserver</em>a été conçu en outre pour répondre à des questions de recherche faisant
intervenir la variation. </p>
  <p xmlns="">Ainsi <em>TextObserver</em> permet de visualiser les
textes sous un angle différent, mais aussi de mieux appréhender les mesures
mobilisées en textométrie. L'interactivité est l’innovation essentielle de ce
logiciel: elle permet de se saisir de visualisations complexes telle que
l'analyse factorielle de correspondances. </p>
  <p xmlns="">Nous présenterons tout
d'abord le principe de la démarche textométrique dans laquelle s'inscrit
TextObserver, présenterons le corpus que nous prenons ici comme matériau
d'expérimentation, puis montrerons au moyen d'expertises ciblées, en quoi
TextObserver permet de mettre au jour des phénomènes de variation qui seraient
difficilement appréhendables au moyen des outils logiciels classiques. Nous
articulerons cette présentation autour de trois axes: les fonctionnalités de
visualisation, les fonctionnalités de calcul, les fonctionnalités de
navigation. </p>
  <p xmlns="">Enfin nous évoquerons
les développements futurs de TextObserver et les premières analyses menées au
moyen de cet outil sur des corpus multimodaux (donc non exclusivement textuels)
qui permettent d'étendre la recherche à l'analyse du web (recueil, constitution
et visualisation de corpus en temps réel,analyse automatisée de pagds web).
C'est donc un élargissement de la textométrie vers une textométrie multimédia -
nous justifierons cette terminologie - que nous nous proposons de présenter
dans cette contribution. 
</p>
  <h2 xmlns="">References</h2>
  <p xmlns=""><strong>Barats, C.,
            Fiala, P., Leblanc, JM </strong>(2013) <em>Approches textométriques du web : corpus et
              outils.</em> In Manuel d'analyse du Web (Dir
            Christine Barats), Armand Colin, Paris, 100-124.</p>
  <p xmlns=""><strong>Benzécri J. P.</strong>
            (1980) <em>Pratique de l’analyse des données</em>,
            Dunod, Paris.</p>
  <p xmlns=""><strong>Benzécri J. P.
          </strong>(1982) <em>Histoire et préhistoire de
            l’analyse des données</em>, Dunod, Paris.</p>
  <p xmlns=""><strong>Bonin S. </strong>(1983). <em>Initiation à la
            graphique : transcription visuelle des données statistiques et cartographiques</em>,
            Épi éditeurs</p>
  <p xmlns=""><strong>Bouroche J-M., G. Saporta,</strong> (1980) <em>L'analyse
            des données</em>, PUF, (coll. "Que sais-je", n°1854, Paris.</p>
  <p xmlns=""><strong>Cibois P.</strong>,
            (2000) <em>l’analyse factorielle</em>, Presses
            Universitaires de France - PUF (Que sais-je ?), (5<em>e</em> éd.),
            Paris.</p>
  <p xmlns=""><strong>Daknou
            A. </strong>(2011) <em>Architecture distribuée à base
              d’agents pour optimiser la prise en charge des patients dans les services
              d’urgence en milieu hospitalier</em>, Thèse de doctorat, Ecole Centrale de
            Lille.</p>
  <p xmlns=""><strong>Gambette, P., Nuria, G., Guénoche, A., Nasr, A.</strong>
            (2012), <em>Longueur de branches et arbres de mots,</em> inCorpus 11, 129-146.</p>
  <p xmlns=""><strong>Guilmeau-Shala
            S.</strong> (2011). <em>En quête de la couleur : publication de dessins réalisés lors de
              voyages d’études en Grèce</em>, in Bibliothèques d’atelier. Édition et
            enseignement de l’architecture, Paris 1785-1871, INHA (« Les catalogues
            d'exposition de l'INHA »)</p>
  <p xmlns=""><strong>James R. Beniger et
            Dorothy L. Robyn.</strong> (1978).
            <em>Quantitative graphics in statistics: A brief history</em>, The American Statistician, no 32, pp. 1-11</p>
  <p xmlns=""><strong>Lebart L., Morineau A., Piron M.</strong>, (2000)<em>
            Statistique exploratoire multidimensionnelle,</em> Dunod, Paris.</p>
  <p xmlns=""><strong>Lechleiter F.</strong>
            (sous la direction de Foucart  B.) (2008). <em>Les envois de Rome des
              pensionnaires peintres de l’Académie de France à Rome de 1863 à 1914</em>, thèse de
            doctorat, Université Paris IV.</p>
  <p xmlns=""><strong>LUONG X.,</strong> (1998) <em>Représenter les données textuelles
            par les arbres</em> in S. Mellet (éd.), JADT
            98, Nice 1998 (avec J.P. Barthélémy).</p>
  <p xmlns=""><strong>Pérès M. </strong>(2006). <em>De la modélisation à l’image virtuelle : image et réel</em>. Figure de l’art, vol.(11): 197-208.</p>
  <p xmlns=""><strong>Pérès M.</strong> (sous la direction de Golvin JC.) (2001). <em>Réflexion sur le modèle
            informatique du Cicus Maximus</em>. Thèse de doctorat, Université Michel de
            Montaigne - Bordeaux 3.</p>
  <p xmlns=""><strong>Plantin JC,</strong> (2013)<em> "D'une carte à
            l'autre: le potentiel heuristique de la comparaison entre graphes du web et
            cartes géographiques".</em> Dans Barats C.,(dir.) in Analyser le web en Sciences Humaines et Sociales, Armand Colin.
            Paris.</p>
  <p xmlns=""><strong>Roxin I.,
            Hutschmitt B., Mercier D. and Leblanc J.M. </strong>(2007) <em>Web sémantique, navigation
              dans de grands corpus textuels In </em><em>CIDE 10</em>, dixième colloque international
            sur le document numérique, 2-4 juillet 2007, Nancy, INIST.</p>
  <p xmlns=""><strong>Viprey J.M. </strong>(2006) <em>Ergonomiser la
            visualisation AFC dans un environnement d'exploration textuelle : une
            projection « géodésique » </em>in actes des
            JADT 2006, 989-1000.</p>
  <p xmlns=""><strong>Weiss G. </strong>(2001) <em>Agent orientation in software
            engineering</em>, in The Knowledge Engineering
            Review, vol. 16, no. 4, 349 - 373.</p>
  <p xmlns=""><strong>Wildbur P. et
            Burke M.</strong> (2001). <em>Le graphisme
              d'information, Cartes, diagrammes, interfaces et signalétiques</em>, Thames
            &amp; Hudson</p>
  <p xmlns=""><strong>Wooldridge M. and Jennings N.R.</strong> (1995)
            <em>Intelligent agents: Theory and practice</em>, The
            Knowledge Engineering Review, 10(2):115-152.</p>
</article>
</div></section><footer><hr/></footer></body></html>