<!DOCTYPE html><html xmlns="http://www.w3.org/1999/xhtml" xml:lang="en"><head><title>DHArchive</title><meta http-equiv="content-type" content="text/html; charset=utf-8" /><link rel="stylesheet" type="text/css" href="/s/dharchive.css"></link><link rel="shortcut icon" type="image/x-icon" href="favicon.ico" /></head><body><header><a href="/"><img src="/i/logo.png" id="logo" /><h1><acronym>dharchive</acronym>.org</h1></a></header><section><a href="/?c=DH2014"><img src="/data/figures/DH2014/banner.jpg" class="banner"/></a><div id="read"><aside><a class="btn" href="javascript:window.print();"><img src="/i/print.png"/> Print</a><a class="btn" href="/data/xml/DH2014/Paper-349.xml"><img src="/i/download.png"/> XML</a></aside><?xml version="1.0" encoding="utf-8"?>
<article xmlns="http://www.tei-c.org/ns/1.0" xmlns:xhtml="http://www.w3.org/1999/xhtml" xmlns:tei="http://www.tei-c.org/ns/1.0">
  <header xmlns="">
    <h1>From Markup to Analysis: Culture Claims and Code in the Digital Archive</h1>
    <ul id="details">
      <li><label>Category:</label>Long Paper</li>
      <li><label>Session:</label>3</li>
      <li><label>Date:</label>2014-07-09<label>Time:</label>13:45:00</li>
      <li><label>Room:</label>321 - Amphipôle</li>
    </ul>
    <ul id="authors">
      <li>
        <a href="mailto:j.flanders@neu.edu"><span class="author-surname">Flanders</span>,
									<span class="author-forename">Julia</span></a>
        <a href="http://www.google.com/#q=Flanders, Julia">
          <img src="/i/search.png"/>
        </a>
        <span class="author-affiliation">Northeastern University</span>
      </li>
      <li>
        <a href="mailto:e.dillon@neu.edu"><span class="author-surname">Dillon</span>,
									<span class="author-forename">Elizabeth Maddock</span></a>
        <a href="http://www.google.com/#q=Dillon, Elizabeth Maddock">
          <img src="/i/search.png"/>
        </a>
        <span class="author-affiliation">Northeastern University</span>
      </li>
    </ul>
  </header>
  <p xmlns=""/>
  <p xmlns="">Following the lead offered in the "Text Encoding Meets Text Analysis" panel session at DH2012 in Hamburg,<cite href="#n1">1</cite> and also in the 2013 debate between Matthew Jockers and Julia Flanders on "A Matter of Scale",<cite href="#n2">2</cite> the research value of basic modeling for text analysis seems comparatively clear, even if it is as yet unrealized in practice. However, the payoff from the more complex forms of modeling that are evident in typical TEI-encoded thematic research collections has been less clearly demonstrated. The usefulness of such modeling is evident insofar as it supports the publication of these collections: information about document structures is used to produce display formatting and navigation, and information about content features such as named entities and genre is commonly used in searching. But the larger claims made for digital resources—that they "allow new questions to be asked"<cite href="#n3">3</cite>—require us to distinguish between these kinds of functional value and what we might call "real research value." The real research value of the modeling is reflected in the ability of the data to support complex inferences, at scale, that materially contribute to humanities research arguments. Huitfeldt et al. in "Meaning and Interpretation of Markup"<cite href="#n4">4</cite> offers a foundational demonstration of how markup "licenses inferences" in formal terms. But projects developing TEI-encoded archival collections have not yet articulated in detail how that markup might lead researchers from comparatively simple inferences ("this paragraph contains a reference to such-and-such a person") to more complex ones ("if the name of a person classified in our personography as a war hero appears inside an advertisement within a magazine published after the date of the war in question, the advertiser may be using that person's identity to promote the goods being advertised"; "people whose names appear in both advertisements and poetic dedications command greater social capital than those whose names appear in either genre alone"). And the conceptual leap from complex statements of this kind to larger conclusions is greater still.</p>
  <p xmlns="">This paper seeks to explore how the modeling of textual data for humanities research connects to the high-level research questions humanities scholars address in their scholarly writing. It offers a detailed description of the modeling (transcription, text encoding, metadata) and the high-level research goals for two closely related digital collections: the Early Caribbean Digital Archive and the Women Writers Project. It then traces critically the inferential steps by which we seek to get from the data being captured to the theoretical concepts ("culture", "geography", "influence", etc.) that animate the research. The goal of the paper is to provide a much more exacting and thorough understanding of the complexity of data modeling required to support the argumentative nuance and conceptual subtlety of real-world, high-quality humanities research.</p>
  <p xmlns="">In particular, our focus is on the possibilities and challenges of knowledge production afforded by modeling and encoding archives of materials that concern marginalized persons and non-canonical texts and histories. The two projects under discussion here are engaged in bringing to visibility texts and narratives that had previously been submerged beneath (or concealed within) more culturally promiment discursive forms. The Women Writers Project is currently engaged in a grant-funded collaborative research project funded by the National Endowment for the Humanities titled "Cultures of Reception" (http://www.wwp.brown.edu/research/projects/reception/) which gathers and digitizes periodical reviews of late 18th- and early 19th-century women's writing, to support the study of patterns of reception in an emerging transatlantic literary culture. The Early Caribbean Digital Archive (http://www.northeastern.edu/nulab/the-early-caribbean-digital-archive/) is digitizing a variety of Caribbean textual sources from the same period, with special emphasis on the study of the emerging culture of commodity circulation and its relation to the transatlantic slave trade and submerged narratives of race and gender. Both projects involve detailed TEI encoding of textual sources animated by research goals such as these:</p>
  <ul xmlns="">
    <li>trace and map the relations between texts as a function of time, human agency, and geography</li>
    <li>bring into visibility relations between locations of print activity across the Caribbean archipelago</li>
    <li>show relations among individuals, such as printers, consumers, merchants, runaway slaves, missionaries, plantation owners, abolitionists, military figures, and colonial political figures</li>
    <li>map relations between legislation, commodity prices, geography</li>
    <li>map the geographic circulation of literary tropes</li>
    <li>trace changes in the culture of reviewing over time with respect to the emergence of a transatlantic literary culture</li>
    <li>bring to visibility the evaluative frames of reference within which women's writing is read</li>
    <li>trace the cultural frame of reference for reviewers in England and in North America</li>
  </ul>
  <p xmlns="">In both cases, the projects must make conceptual and inferential bridges between the specific assertions constituted in the markup (observations about genre, named entities, time and location, textual structure, references to circulating cultural objects such as commodities and texts) and concepts operating a much more abstract level: "culture", "geography", "influence", "relations", "frames of reference." Humanities scholars are comfortable using terms like these in their writing, as the currency of methodologies from cultural studies to cultural geography indicates, but what forms of evidence and inferential reasoning do they entail at the level of textual markup?</p>
  <p xmlns="">We can unpack here, in a preliminary way, the kinds of reasoning through which these bridges might be built, and the final paper will explore these in more detail. First, there is a set of direct modeling activities (transcription and markup) through which the texts are constituted as research evidence. The activities of transcription produce from the source document assertions about the existence of strings of characters, and markup allows the transcriber and editor to identify areas where this evidence is ambiguous or missing. Through markup the editors can also identify specific strings as references to certain types of named entities (persons, places, books, publishing houses, ships, shipping companies, legislative bodies, etc.) and can associate these references with their target to provide unambiguous entity identification via linked data authority records. At a structural level, the markup can also be used to identify the genre and format of texts and parts of texts, and to associate metadata (author, date and place of production, etc.) with these. Following these activities, we must venture to make inferences based on our modeling. For example, the markup allows us to give greater precision to inferences common in text analysis: instead of judging collocation based on raw word proximity, we can identify word pairs or groups as being within the same textual feature (paragraph, poem, letter, advertisement, heading). In specific cases, we may be able to infer something more from such collocation, such as a connection between two authors mentioned in the same paragraph of a review. Genre and format information may enable us to sharpen these inferences further: mentioning an author in a review means something different from mentioning an author in a dedication; a commodity carries a different cultural freight when listed in an advertisement, a bill of lading, a receipt, a letter, a legislative document. The name of an enslaved person means something different when it appears in a bill of sale, a runaway slave notice, a poem. Taking metadata into account, we can also localize documents in space and time, which gives us the possibility of (cautiously) identifying trends, causation, cultural significance.</p>
  <p xmlns="">In building these bridges, we need to be attentive to the gaps or weak inferential points as we move from the modeling to the research. For example, what does it mean to infer relationships between entities from their proximity within documents? Where are these inferences strongly grounded (for instance, co-authorship reflected in metadata records) and where are they weak (for instance, two names appearing in the same paragraph of a historical account)? Or, in another vein, is the model of geography that emerges from textual attestation (i.e. the inventory of place names and location references) adequate for the kinds of geographical analysis we want to do? Or again, what does "circulation" (whether of physical objects or of ideas) look like as attested in data of this kind and how do we discover it? Finally, what is the relation between the encoding categories we have identified here and our knowledge production with respect to marginalized texts, persons, and narratives? How will our modelling decisions erase or repeat historical occlusions in the archive, not only by determining what aspects of the text are marked but also by imposing existing frames of knowledge on the archive?</p>
  <h2 xmlns="">References</h2>
  <p xmlns="">1. <strong>Bauman, Syd, David Hoover, Karina Van Dalen-Oskam, and Wendell Piez</strong> (2012). <em>Text Analysis Meets Text Encoding.</em> Panel session, DH2012, University of Hamburg, July 2012. <a href="http://www.dh2012.uni-hamburg.de/conference/programme/abstracts/text-analysis-meets-text-encoding/">www.dh2012.uni-hamburg.de/conference/programme/abstracts/text-analysis-meets-text-encoding</a></p>
  <p xmlns="">2. <strong>Flanders, Julia and Matthew L. Jockers.</strong> (2013). <em>A Matter of Scale.</em> Keynote Lecture from the Boston Area Days of Digital Humanities Conference. Northeastern University, Boston, MA. March 18, 2013. <a href="http://digitalcommons.unl.edu/englishfacpubs/106/">digitalcommons.unl.edu/englishfacpubs/106</a>.</p>
  <p xmlns="">3. <strong>Our Cultural Commonwealth</strong> (2006). <em>The report of the American Council of Learned Societies Commission on Cyberinfrastructure for the Humanities and Social Sciences</em>. ACLS.</p>
  <p xmlns="">4. <strong>Huitfeldt, Claus, C. M. Sperberg-McQueen, and Allen Renear</strong> (2001). <em>Meaning and Interpretation of Markup.</em> Markup Languages: Theory &amp; Practice 2.3: 215-234.</p>
</article>
</div></section><footer><hr/></footer></body></html>