<!DOCTYPE html><html xmlns="http://www.w3.org/1999/xhtml" xml:lang="en"><head><title>DHArchive</title><meta http-equiv="content-type" content="text/html; charset=utf-8" /><link rel="stylesheet" type="text/css" href="/s/dharchive.css"></link><link rel="shortcut icon" type="image/x-icon" href="favicon.ico" /></head><body><header><a href="/"><img src="/i/logo.png" id="logo" /><h1><acronym>dharchive</acronym>.org</h1></a></header><section><a href="/?c=DH2014"><img src="/data/figures/DH2014/banner.jpg" class="banner"/></a><div id="read"><aside><a class="btn" href="javascript:window.print();"><img src="/i/print.png"/> Print</a><a class="btn" href="/data/xml/DH2014/Paper-876.xml"><img src="/i/download.png"/> XML</a></aside><?xml version="1.0" encoding="utf-8"?>
<article xmlns="http://www.tei-c.org/ns/1.0" xmlns:xhtml="http://www.w3.org/1999/xhtml" xmlns:tei="http://www.tei-c.org/ns/1.0">
  <header xmlns="">
    <h1>CAMPUS MEDIUS--Topography and Topology of a Media Experience</h1>
    <ul id="details">
      <li><label>Category:</label>Short Paper</li>
      <li><label>Session:</label>4</li>
      <li><label>Date:</label>2014-07-10<label>Time:</label>09:00:00</li>
      <li><label>Room:</label>415 - Amphimax</li>
    </ul>
    <ul id="authors">
      <li>
        <a href="mailto:"><span class="author-surname">Ganahl</span>,
									<span class="author-forename">Simon</span></a>
        <a href="http://www.google.com/#q=Ganahl, Simon">
          <img src="/i/search.png"/>
        </a>
        <span class="author-affiliation">Department for German Studies, University of Vienna, Austria</span>
      </li>
      <li>
        <a href="mailto:"><span class="author-surname">Solomon</span>,
									<span class="author-forename">Rory</span></a>
        <a href="http://www.google.com/#q=Solomon, Rory">
          <img src="/i/search.png"/>
        </a>
        <span class="author-affiliation">Parsons The New School for Design, New York, USA</span>
      </li>
      <li>
        <a href="mailto:"><span class="author-surname">Brennan</span>,
									<span class="author-forename">Mallory</span></a>
        <a href="http://www.google.com/#q=Brennan, Mallory">
          <img src="/i/search.png"/>
        </a>
        <span class="author-affiliation">School of Media Studies at The New School in New York</span>
      </li>
      <li>
        <a href="mailto:"><span class="author-surname">Daftary</span>,
									<span class="author-forename">Darius</span></a>
        <a href="http://www.google.com/#q=Daftary, Darius">
          <img src="/i/search.png"/>
        </a>
        <span class="author-affiliation">Lead Engineer at Artivest in New York</span>
      </li>
    </ul>
  </header>
  <p xmlns=""/>
  <p xmlns="">Campus Medius investigates mediality as historical experience, focusing on a chronotope (Bachtin 2008 &amp; Schlögel 2008) of twenty-four hours in Vienna between May 13 and 14, 1933, and presented on two web-based platforms: an interactive map and an interactive documentary. Methodologically, the project relates Bruno Latour's actor-network theory to dispositif analysis following Michel Foucault, directed at identifying the conditions under which the experiential field of modern media was able to emerge. This approach identifies three levels, distinct in terms of their perspective but empirically overlapping: an archaeology of knowledge forms, a genealogy of power relations, and a typology of subjectivation modes. The twenty-four hours under investigation are marked by the Turks Deliverance Celebrations (Ackerl 1984) held by the Austrian National Socialists and the Home Guards. These events, commemorating the 250th anniversary of Vienna's liberation from the Turkish siege in 1683, were oriented from the outset upon processes of mass communication: the rallies were prepared by the party-political press, partially broadcast live on radio, and captured in propaganda films. To create a counter-public sphere, the Social Democrats published programmatic editorials and organized open-air concerts in Vienna's municipal buildings. While the Burgtheater staged Benito Mussolini's play Campo di Maggio, the large cinemas were screening Fritz Lang's sound movie Das Testament des Dr. Mabuse, a film banned in Germany. Campus Medius reconstructs the media events of this time-space and traces them back to historical media <em>dispositifs</em>. Hence, the project consists of two integral parts:</p>
  <p xmlns="">1. Topography: an interactive map of the chronotope, including hypermedia documents such as video clips, newspaper articles, radio broadcasts, photographs, and archive files. On this mock-up, the events are arranged politically—socialist and communist actors, Austrofascist ators, National Socialist actors, and bourgeois actors.</p>
  <div xmlns="" class="figure">
    <img src="/data/figures/DH2014/DH2014_548_campus-medius_topography.jpg"/>
    <figcaption/>
  </div>
  <p xmlns="">2. Topology: an argumentative analysis of knowledge forms, power relations, and subjectivation modes underlying the exemplary time-space. Based on the concrete events, this interactive documentary examines functions of media in the classical, modern, and postmodern age—a periodization which constitutes the organizational structure as represented in the diagram.</p>
  <div xmlns="" class="figure">
    <img src="/data/figures/DH2014/DH2014_548_campus-medius_topology.jpg"/>
    <figcaption/>
  </div>
  <p xmlns="">The technological architecture of the project is comprised of two platforms: the topography exists within the Urban Research Tool (URT) for geospatial mapping, developed at Parsons The New School for Design, and the topology exists within Zeega, a tool for interactive storytelling developed at Harvard's Sensory Ethnography Lab. These platforms provide two complementary lenses for exploring the collection of media material, and will be accessible through one interface: a website with the URL<a href="http://campusmedius.net">campusmedius.net</a>. On its front page, an image of Vienna's historical map will be integrated with URT as a kind of basemap, rectified to align with the underlying OpenStreetMap data. The user can either wander through the actor-networks by clicking on the hypertextual points and paths, or follow the Zeega tours that offer three narrative montages, thereby allowing cross-references between the platforms. While the mapped topography describes the events and displays the related media in a networked structure, the Zeegas—titled Sovereign Sign, Disciplinary Gaze, and Controlled Transmission—attempt to explain the historical a priori of the actual experiences, corresponding to the periodization mentioned above. Apart from access to these tours, the interactive map as interface will provide links to three subordinate pages: a text that introduces the project to the users; a glossary of the main theoretical, topical, and technological terms; and a list of references and sources.</p>
  <table xmlns="">
    <tr>
      <td> Age </td>
      <td> Knowledge </td>
      <td> Power </td>
      <td> Subjectivation </td>
    </tr>
    <tr>
      <td> classical </td>
      <td> representation </td>
      <td> sovereignty </td>
      <td> God </td>
    </tr>
    <tr>
      <td> modern </td>
      <td> man </td>
      <td> disciplinarity </td>
      <td> individual </td>
    </tr>
    <tr>
      <td> postmodern </td>
      <td> communication </td>
      <td> control </td>
      <td> assemblage </td>
    </tr>
  </table>
  <p xmlns="">The Turks Deliverance Celebrations connect the chronotope with the siege of Vienna in 1683 or—in a broader view—with the classical age. In Foucault's philosophy, this historical dispositif features representation as knowledge form, sovereignty as power relation, and God as subjectivation mode. (Foucault 1966, 1975 &amp; 1976) As shown in the overview of the project's topology, the Viennese weekend actualizes not only these classical attributes, but also features of the modern dispositif in Foucault distinguished by man as knowledge form, disciplinarity as power relation, and individuals in masses as mode of subjectivation. (Foucault 1966, 1975 &amp; 1976) Finally, the exemplary time-space also gives examples of a postmodern dispositif with communication as knowledge form, control as power relation, and assemblages as subjectivation mode. (Deleuze 1990, Hardt/Negri 2000 &amp; Galloway/Thacker 2007) Campus Medius analyzes functions of media in these historical settings as well as effects of their actualization: sovereign leaders of the 17th and 18th century return as theatrical stars; movie houses resemble disciplinary institutions of the 19th century; controls of communication processes as established in the 20th century appear in the form of target groups and public relations; etc.</p>
  <p xmlns="">The research project deals with (a) representational, (b) methodological, and (c) empirical questions currently under discussion in cultural studies and humanities:</p>
  <p xmlns="">a) Campus Medius is rooted in digital humanities. (McPherson 2009 &amp; Gold 2012) In its clear division between topographical presentation (Presner 2010) and topological analysis (Deleuze 1986), the project utilizes two web-based platforms in order to harness each one's particular affordances. While the interactive URT map shows the actors through hypermedia documents, the Zeega tours focus on the emergence conditions of these events. The capacity of this narrative montages to provide an argumentative explanation of its subject is juxtaposed with the map's encouragement to explore the movie clips, newspaper articles, radio broadcasts, photographs, and archive files in various ways. This implementation sets a high value on technological and scholarly transparency: Campus Medius has been examined in a peer-review process, is being programmed with open-source software, and will be published open-access in the online journal Sensate in 2014.</p>
  <p xmlns="">b) Campus Medius contributes to the clarification of the relationship between actor-network theory (Latour 2005) and dispositif analysis (Foucault 1977). According to our thesis, the former suits the description of concrete events that involve human and non-human actors while the latter allows us to derive the examined cases from historical dispositifs of knowledge forms, power relations, and subjectivation modes. (Ganahl 2013) This association is implemented in the dual structure of topography and topology. Due to the media historical subject, the project not only takes up the philosophical (Deleuze 1989 &amp; Agamben 2009) and sociological (Law 1992 &amp; Bührmann/Schneider 2008) discussion, but also the so-called apparatus debate (Baudry 1975 &amp; Rosen 1986).</p>
  <p xmlns="">c) Campus Medius relates actors that are usually covered in separate fields of study. Thus, the representative architecture of Schönbrunn Palace and the disciplinary character of Karl-Marx-Hof meet each other as scenes of antagonistic rallies. (Blau 1999) The sensible leader who Mussolini imagined as Napoleon in Campo di Maggio (Dietrich 1976 &amp; Pyrah 2007) confronts the insane criminal as depicted in Lang's Das Testament des Dr. Mabuse (Jacques 1994 &amp; Aurich 2001). While the chancellor's speech at the Turks Deliverance Celebration was broadcast live on radio, the bourgeois newspaper Neue Freie Presse ran an essay about Edward Bernays, a nephew of Sigmund Freud, who carried out propaganda as an "exact science" in order to direct public opinion via "group leaders." (Rundt 1933) Bernays had opened his New York office for public relations in the 1920s (Ewen 1996 &amp; Tye 1998), but his concept to build lifestyles around products didn't fully thrive until Paul Lazarsfeld developed complementary statistical methods with his Economic-Psychological Research Bureau in Vienna. (Samuel 2010) The sociologist carried out a survey for Austrian radio in 1932 that broke with an understanding of the audience as a mass of individuals. (Mark 1996) By correlating the listeners' program wishes with their social data, he created target groups that could be exploited in commercial terms.</p>
  <h2 xmlns="">References</h2>
  <p xmlns=""><strong>Ackerl, I. </strong>(1984). <em>Die Türkenbefreiungsfeiern des Jahres 1933.</em>
            Historische Jubiläen als politische Propagandavehikel, Geschichte und Gegenwart, 1:
            18–26.</p>
  <p xmlns=""><strong>Agamben, G.</strong> (2009). <em>What is an
            apparatus? And Other Essays</em>. Stanford: Stanford University Press.</p>
  <p xmlns=""><strong>Aurich, R. et al.</strong> (2001). <em>Fritz
            Lang. Leben und Werk</em>.<em> Bilder und Dokumente.</em> Berlin: jovis.</p>
  <p xmlns=""><strong>Bachtin, M. M.</strong> (2008). <em>Chronotopos</em>.
            Trans. by Michael Dewey. Frankfurt a. M.: Suhrkamp.</p>
  <p xmlns=""><strong>Baudry, J. L. </strong>(1975). <em>Le dispositif: approches métapsychologiques de
            l'impression de réalité</em>, Communications,
            23: 56–72.</p>
  <p xmlns=""><strong>Blau, E. </strong>(1999). <em>The Architecture
            of Red Vienna</em>. 1919–1934. Cambridge: MIT Press.</p>
  <p xmlns=""><strong>Bührmann, A. D. &amp; Schneider, W. </strong>(2008). <em>Vom Diskurs zum Dispositiv</em>. Eine Einführung in die Dispositivanalyse.
            Bielefeld: Transcript.</p>
  <p xmlns=""><strong>Deleuze, G. </strong>(1986). <em>Foucault</em>.
            Paris: Minuit.</p>
  <p xmlns=""><strong>Deleuze, G.</strong> (1990). <em>Post-scriptum sur les sociétés de contrôle.</em> In
            Deleuze, G. Pourparlers. Paris: Éd. de
            Minuit, pp. 240–47.</p>
  <p xmlns=""><strong>Deleuze, G. </strong>(1989). <em>Qu'est-ce qu'un dispositif? </em>In Michel Foucault philosophe. Recontre internationale Paris 9, 10, 11
            janvier 1988. Paris: Seuil, pp. 185–95.</p>
  <p xmlns=""><strong>Dietrich, M. </strong>(1976). <em>Burgtheaterpublikum und Öffentlichkeit in der
            Ersten Republik. </em>In Dietrich, M. (ed.), Das
            Burgtheater und sein Publikum. Vienna: Verlag der Österreichischen Akademie
            der Wissenschaften, pp. 479–707.</p>
  <p xmlns=""><strong>Ewen, S.</strong> (1996). <em>PR! A Social
            History of Spin.</em> New York: BasicBooks.</p>
  <p xmlns=""><strong>Foucault, M. </strong>(1976). <em>La Volonté de
            savoir.</em> Paris: Gallimard (= Histoire de la sexualité, vol. 1).</p>
  <p xmlns=""><strong>Foucault, M. </strong>(1977).<em> Le jeu de Michel Foucault</em>. In Foucault, M. (1994), Dits et écrits. Vol. III: 1976–1979. Ed.
            by Daniel Defert and François Ewald. Paris: Gallimard, pp. 298–329.</p>
  <p xmlns=""><strong>Foucault, M. </strong>(1966). L<em>es Mots et
            les choses</em>. Paris: Gallimard.</p>
  <p xmlns=""><strong>Foucault, M. </strong>(1975). <em>Surveiller et
            punir. Naissance de la prison</em>. Paris: Gallimard.</p>
  <p xmlns=""><strong>Galloway, A. R. &amp; Thacker, E.</strong> (2007). <em>The Exploit. A Theory of Networks.</em> Minneapolis: University of
            Minnesota Press.</p>
  <p xmlns=""><strong>Ganahl, S. </strong>(2013). <em>Ist Foucaults "dispositif" ein
            Akteur-Netzwerk?</em> In foucaultblog.<a href="http://www.fsw.uzh.ch/foucaultblog/blog/9/ist-foucaults-dispositif-ein-akteur-netzwerk">www.fsw.uzh.ch/foucaultblog/blog/9/ist-foucaults-dispositif-ein-akteur-netzwerk</a></p>
  <p xmlns=""><strong>Gold, M. K.</strong> (2012). <em>Debates in the
            Digital Humanities</em>. Minneapolis: University of Minnesota Press.</p>
  <p xmlns=""><strong>Hardt, M. &amp; Negri, T.</strong> (2000). <em>Empire</em>.
            Cambridge: Harvard University Press.</p>
  <p xmlns=""><strong>Jacques, N. </strong>(1994). <em>Das Testament
            des Dr. Mabuse.</em> Hamburg: Rogner &amp; Bernhard.</p>
  <p xmlns=""><strong>Latour, B. </strong>(2005). <em>Reassembling
            the Social.</em> An Introduction to Actor-Network-Theory. New York: Oxford
            University Press.</p>
  <p xmlns=""><strong>Law, J. </strong>(1992). <em>Notes on the Theory of the Actor-Network: Ordering,
            Strategy and Heterogeneity, Systems
            Practice</em>, 5(4): pp. 379–93.</p>
  <p xmlns=""><strong>Mark, D. </strong>(1996). <em>Paul Lazarsfelds
            Wiener RAVAG-Studie 1932. </em>Der Beginn der modernen Rundfunkforschung. Vienna:
            Guthmann-Peterson.</p>
  <p xmlns=""><strong>McPherson, T. </strong>(2009).<em> Media Studies and the Digital Humanities</em>, Cinema Journal, 48(2): pp. 119–23.</p>
  <p xmlns=""><strong>Presner, T. </strong>(2010). <em>HyperCities: A Case Study for the Future of
            Scholarly Publishing</em>. In McGann, J. (ed.), Online
            Humanities Scholarship: The Shape of Things to Come. Texas: Rice University
            Press, pp. 143–54.</p>
  <p xmlns=""><strong>Pyrah, R.</strong> (2007). <em>The Burgtheater
            and Austrian Identity. </em>Theater and Cultural Politics in Vienna, 1918–38.
            London: Legenda.</p>
  <p xmlns=""><strong>Rosen, P. </strong>(1986). <em>Narrative,
            Apparatus, Ideology. A Film Theory Reader</em>. New York: Columbia University
            Press.</p>
  <p xmlns=""><strong>Rundt, A. </strong>(1933).<em> Humbug, Bluff und Ballyhoo.</em> Von Barnum bis Bernays, Neue Freie Presse (Vienna), May 14,
            1933: pp. 25–6.</p>
  <p xmlns=""><strong>Samuel, L. R.</strong> (2010). <em>Freud on
            Madison Avenue. Motivation Research and Subliminal Advertising in America.</em>
            Philadelphia: University of Pennsylvania Press.</p>
  <p xmlns=""><strong>Schlögel, K. </strong>(2008). <em>Terror und
            Traum. Moskau 1937.</em> Munich: Hanser.</p>
  <p xmlns=""><strong>Tye, L.</strong> (1998). <em>The Father of
            Spin. Edward L. Bernays and the Birth of Public Relations</em>. New York: Crown.</p>
</article>
</div></section><footer><hr/></footer></body></html>