<!DOCTYPE html><html xmlns="http://www.w3.org/1999/xhtml" xml:lang="en"><head><title>DHArchive</title><meta http-equiv="content-type" content="text/html; charset=utf-8" /><link rel="stylesheet" type="text/css" href="/s/dharchive.css"></link><link rel="shortcut icon" type="image/x-icon" href="favicon.ico" /></head><body><header><a href="/"><img src="/i/logo.png" id="logo" /><h1><acronym>dharchive</acronym>.org</h1></a></header><section><a href="/?c=DH2014"><img src="/data/figures/DH2014/banner.jpg" class="banner"/></a><div id="read"><aside><a class="btn" href="javascript:window.print();"><img src="/i/print.png"/> Print</a><a class="btn" href="/data/xml/DH2014/Paper-929.xml"><img src="/i/download.png"/> XML</a></aside><?xml version="1.0" encoding="utf-8"?>
<article xmlns="http://www.tei-c.org/ns/1.0" xmlns:xhtml="http://www.w3.org/1999/xhtml" xmlns:tei="http://www.tei-c.org/ns/1.0">
  <header xmlns="">
    <h1>Aplicación del análisis dinámico de redes científicas al estudio de la evolución de la investigación española relacionada con el descriptor “historia del arte” durante 1976-2012, según ISOC.</h1>
    <ul id="details">
      <li><label>Category:</label>Short Paper</li>
      <li><label>Session:</label>5</li>
      <li><label>Date:</label>2014-07-10<label>Time:</label>11:00:00</li>
      <li><label>Room:</label>315 - Amphipôle</li>
    </ul>
    <ul id="authors">
      <li>
        <a href="mailto:"><span class="author-surname">Pino-Díaz</span>,
									<span class="author-forename">José</span></a>
        <a href="http://www.google.com/#q=Pino-Díaz, José">
          <img src="/i/search.png"/>
        </a>
        <span class="author-affiliation">Dpto. Historia Arte. Universidad de Málaga, Spain</span>
      </li>
      <li>
        <a href="mailto:antonio.cruces@uma.es"><span class="author-surname">Cruces-Rodríguez</span>,
									<span class="author-forename">Antonio</span></a>
        <a href="http://www.google.com/#q=Cruces-Rodríguez, Antonio">
          <img src="/i/search.png"/>
        </a>
        <span class="author-affiliation">Dpto. Historia Arte. Universidad de Málaga, Spain</span>
      </li>
      <li>
        <a href="mailto:nro@uma.es"><span class="author-surname">Rodríguez-Ortega</span>,
									<span class="author-forename">Nuria</span></a>
        <a href="http://www.google.com/#q=Rodríguez-Ortega, Nuria">
          <img src="/i/search.png"/>
        </a>
        <span class="author-affiliation">Dpto. Historia Arte. Universidad de Málaga, Spain</span>
      </li>
      <li>
        <a href="mailto:"><span class="author-surname">Bailón-Moreno</span>,
									<span class="author-forename">Rafael</span></a>
        <a href="http://www.google.com/#q=Bailón-Moreno, Rafael">
          <img src="/i/search.png"/>
        </a>
        <span class="author-affiliation">Dpto. Ingeniería Química. Universidad de Granada. Spain.</span>
      </li>
    </ul>
  </header>
  <p xmlns=""/>
  <h2 xmlns="">1. Objetivo</h2>
  <p xmlns="">El objetivo de la presente comunicación ha sido detectar las dinámicas de la investigación española relacionadas con la historia del arte en un rango cronológico que se extiende desde 1976 hasta 2012. Para ello, se ha utilizado como estrategia el análisis dinámico de redes científicas, lo que nos ha permitido extraer de uno de los corpus más representativos de la investigación histórico-artística en España (ISOC) un conocimiento implícito sobre la evolución y desarrollo de las estrategias temáticas y líneas de investigación relacionadas con la historia del arte como descriptor.</p>
  <p xmlns="">La elección de este rango cronológico no es arbitraria, pues la segunda mitad de la década de los setenta se ha conceptualizado tradicionalmente como un punto de inflexión en los estudios histórico-artísticos en España, al incorporarse metodologías y modelos interpretativos foráneos una vez iniciado el periodo aperturista tras el fin de la Dictadura de Franco, la llegada de todo un conjunto de traducciones de obras que desarrollaban modelos interpretativos distintos a los anteriormente establecidos, y la consolidación de los estudios de Historia del Arte en España como campo académico autónomo.</p>
  <h2 xmlns="">2. Marco teórico-metodológic</h2>
  <p xmlns="">Una red científica está formada según  (Latour, 1983) por el conjunto de actores de la red (investigadores, centros, revistas, temas de investigación, etc.) y por el conjunto de asociaciones establecidas entre ellos. Los actores independientemente de su naturaleza pueden definirse siempre mediante palabras. La red de palabras y de asociaciones establecidas entre ellas es manifestación del comportamiento de la Sociedad y de la estructura del Conocimiento. Los actores son, igualmente, entidades dinámicas que continuamente redefinen sus relaciones y, en consecuencia, la red socio-cognitiva que conforman. Con el devenir, los actores y las relaciones cambian y dan lugar a nuevas redes, y así se suceden unas a otras a lo largo del tiempo.</p>
  <p xmlns="">Latour define la Teoría Actor-Red, teoría sociológica sobre la generación de conocimiento científico, como “Sociología de las Relaciones”  (Latour, 2005). La teoría de la traducción (entendida esta como conversión, transformación, variación o cambio) estudia los cambios que se producen en las relaciones entre los actores de la red. Estos cambios en las relaciones entre los actores producen su aparición, fortalecimiento, equilibrio, debilitamiento o desaparición. La aparición de nuevos actores se produce por emergencia o por convergencia; el fortalecimiento se produce por convergencia o por evolución incremental; el equilibrio, por evolución estable; el debilitamiento, por evolución decremental o por divergencia; y la desaparición, por bifurcación o por exitus. A consecuencia de todos esos cambios, las redes tecnocientíficas de conocimiento se encuentran en continuo cambio  (Ruiz-Baños, 1999).</p>
  <p xmlns="">Las relaciones naturales de coocurrencia de palabras en los textos científicos y técnicos constituyen una red tecnocientífica que puede ser analizada y cartografiada. El análisis y la visualización de estas redes es posible por el desarrollo de sistemas expertos denominados sistemas de conocimiento.</p>
  <h2 xmlns="">3. Criterios y proceso de análisis </h2>
  <p xmlns="">El corpus documental de análisis lo constituyen los artículos de ISOC, http://bddoc.csic.es:8080/isoc.html, obtenidos  mediante la búsqueda “historia del arte” en los campos título, resumen y descriptores, en el periodo 1976-2012. Este corpus está formado por 873 registros.</p>
  <p xmlns="">Se ha realizado el análisis dinámico de la red científica mediante el sistema de conocimiento Techné Coword; sistema de conocimiento que tiene su antecedente en Copalred  (Bailón-Moreno, 2003), que a su vez tiene como precursor Leximappe  (Law, Bauin, Courtial, &amp; Whittaker, 1988);  (Law &amp; Whittaker, 1992). Para realizar el análisis de palabras asociadas, se ha creado un único campo formado por los descriptores, autores y revista de cada registro. Se han fijado los siguientes parámetros de análisis: ocurrencia mínima, 2; coocurrencia mínima, 2; tamaño mínimo de la subred, 2; y tamaño máximo, 12. Los subperiodos de estudio han sido: 1976-1983; 1984-1989; 1990-1995; 1996-2001; 2002-2007; y, 2008-2013.</p>
  <p xmlns="">Se han empleado técnicas KDD (knowledge databases discovery) y  de text mining (coword analysis o análisis de palabras asociadas) para obtener las subredes de investigación más importantes y relevantes de cada subperiodo. El diagrama dinámico de subredes permite el análisis y la visualización de la evolución de los resultados de la investigación.</p>
  <h2 xmlns="">4. Resultados e interpretaciones</h2>
  <p xmlns="">La gráfica de producción acumulada de documentos por año permite distinguir dos periodos de "inicio-expansión-agotamiento" sucesivos: uno de 1976 hasta 1986, y otro de 1987 hasta la actualidad (ver Figura 1) </p>
  <div xmlns="" class="figure">
    <img src="/data/figures/DH2014/DH2014_2_Figura_1.jpg"/>
    <figcaption>
      <p>Fig. 1: Diagrama de producción anual acumulada de los documentos que
incluyen “historia del arte”  en su título, resumen o palabras clave.</p>
    </figcaption>
  </div>
  <p xmlns="">Estos periodos son una constatación empírica de la Segunda Ley de Price o de Crecimiento Logístico de la Ciencia  (de Solla Price, 1963), así como del concepto de cambio de paradigma, según la obra de Thomas Kuhn La Estructura de las Revoluciones Científicas  (Kuhn, 1962).  Esto último se reafirma aun más si cabe por los profundos cambios conceptuales que ha sufrido la investigación relacionada con el descriptor “historia del arte” según el análisis de palabras asociadas que sido realizado para el presente estudio. Este análisis de palabras asociadas ha identificado los actores temáticos, temas o líneas de investigación en cada periodo, y las ha relacionado entre ellos dando lugar  a diferentes salidas gráficas muy significativas. Los temas de investigación se muestran como redes de palabras que los han definido conceptualmente (ver Figura 2).</p>
  <div xmlns="" class="figure">
    <img src="/data/figures/DH2014/DH2014_2_Figura_2.jpg"/>
    <figcaption>
      <p>Fig. 2: Tema “historia del cine”, tema motor de investigación del último periodo, 2008-2013</p>
    </figcaption>
  </div>
  <p xmlns="">Los diagramas estratégicos han revelado las relaciones intertemáticas y su posición estratégica dentro del conjunto de la red (posición motora del campo científico, cuadrante superior derecho; posición transversal, cuadrante inferior izquierdo; posición  accesoria, cuadrante superior izquierdo; y posición naciente o en decadencia, cuadrante inferior izquierdo) (ver Figuras 3, 4, 5, 6, 7 y 8). En los diagramas estratégicos se representan los temas de investigación; estos aparecen nombrados por el descriptor central de la subred que conforman y situados según los parámetros de centralidad y densidad de la misma.</p>
  <div xmlns="" class="figure">
    <img src="/data/figures/DH2014/DH2014_2_Figura_3.jpg"/>
    <figcaption>
      <p>Fig. 3: Diagrama estratégico del periodo 1, 1976-1983. </p>
    </figcaption>
  </div>
  <div xmlns="" class="figure">
    <img src="/data/figures/DH2014/DH2014_2_Figura_4.jpg"/>
    <figcaption>
      <p>Fig. 4: Diagrama estratégico del periodo 2, 1984-1989.</p>
    </figcaption>
  </div>
  <div xmlns="" class="figure">
    <img src="/data/figures/DH2014/DH2014_2_Figura_5.jpg"/>
    <figcaption>
      <p>Fig. 5: Diagrama estratégico del periodo 3, 1990-1995. </p>
    </figcaption>
  </div>
  <div xmlns="" class="figure">
    <img src="/data/figures/DH2014/DH2014_2_Figura_6.jpg"/>
    <figcaption>
      <p>Fig. 6: Diagrama estratégico del periodo 4, 1996-2001.</p>
    </figcaption>
  </div>
  <div xmlns="" class="figure">
    <img src="/data/figures/DH2014/DH2014_2_Figura_7.jpg"/>
    <figcaption>
      <p>Fig. 7: Diagrama estratégico del periodo 5, 2002-2007.</p>
    </figcaption>
  </div>
  <div xmlns="" class="figure">
    <img src="/data/figures/DH2014/DH2014_2_Figura_8.jpg"/>
    <figcaption>
      <p>Fig. 8: Diagrama estratégico del periodo 6, 2008-2013.</p>
    </figcaption>
  </div>
  <p xmlns="">Igualmente, el diagrama dinámico de las series temáticas ha evidenciado la evolución o traducción a lo largo del tiempo (ver Figura 9)</p>
  <div xmlns="" class="figure">
    <img src="/data/figures/DH2014/DH2014_2_Figura_9.jpg"/>
    <figcaption>
      <p>Fig. 9: Diagrama dinámico o de series temáticas. Los periodos son: 1, 1976-1983; 2, 1984-1989; 3, 1990-1995; 4, 1996-2001; 5, 2002-2007; y, 6, 2008-2013</p>
    </figcaption>
  </div>
  <p xmlns="">Varias razones de tipo socioeconómico explican la existencia de los periodos anteriormente identificados y los cambios conceptuales y estratégicos sufridos por los actores temáticos en ellos: el dirigismo institucional de la investigación española que está sometido a los vaivenes de la economía general del país en cada momento, la incorporación española a la Unión Europea y a sus planes de apoyo a la investigación, la adopción de un sistema de evaluación de la actividad de los investigadores que impulsa la producción de artículos de revistas, la redefinición de antiguas líneas de investigación y la emergencia de otras nuevas. </p>
  <h2 xmlns="">References</h2>
  <p xmlns=""><strong>Bailón-Moreno, R.</strong> (2003). <em>Ingeniería del conocimiento y vigilancia tecnológica aplicada a la investigación en el campo de los tensioactivos. Desarrollo de un modelo ciencimétrico unificado.</em> Granada: Tesis doctoral. Universidad de Granada.</p>
  <p xmlns=""><strong>de Solla Price, D. J.</strong> (1963). <em>Little Science, Big Science</em>. New York: Columbia University Press.</p>
  <p xmlns=""><strong>Kuhn, T.</strong> (1962).<em> The Structure of Scientific Revolutions</em>. Chicago: University of Chicago Press.</p>
  <p xmlns=""><strong>Latour, B. </strong>(1983). <em>Give me a Laboratory and I Will Raise the World</em>. En K. Knorr-Cetina, &amp; M. Mulkay, Science observed: Perspectives on the Social Study of Science. Londres: Sage.</p>
  <p xmlns=""><strong>Latour, B.</strong> (2005). <em>Reassembling the Social. An introduction to Actor-Network Theory.</em> Oxford: Oxford University Press.</p>
  <p xmlns=""><strong>Law, J., &amp; Whittaker, J. </strong>(1992). <em>Mapping acidification research: a test of the co-word method</em>. Scientometrics, 23(3), 417-461.</p>
  <p xmlns=""><strong>Law, J., Bauin, S., Courtial, J. P., &amp; Whittaker, J. </strong>(1988). <em>Policy and the mapping of scientific change: a co-word analysis of research into enviromental acidification</em>. Scientometrics , 14(3-4), 251-264.</p>
  <p xmlns=""><strong>Pino-Díaz, J., Jiménez-Contreras, E., Ruíz-Baños, R., &amp; Bailón-Moreno, R.</strong> (Julio-Septiembre de 2011). <em>Evaluación de redes tecnocientíficas: la red española sobre Áreas Protegidas, según la Web of Science</em>. Revista Española de Documentación Científi ca, 34(3), 301-333.</p>
  <p xmlns=""><strong>Pino-Díaz, J., Jiménez-Contreras, E., Ruíz-Baños, R., &amp; Bailón-Moreno, R.</strong> (April de 2012). <em>Strategic knowledge maps of the techno-scientific network (SK Maps)</em>. Journal of the American Society for Information Science and Technology, 63(4), 796-804.</p>
  <p xmlns=""><strong>Ruiz-Baños, R.</strong> (1999). <em>Las traducciones dinámicas de las series temáticas, propuesta de una clasificación</em>. La representación y la organización del conocimientoen sus distintas perspectivas: su influencia en la recuperación de la información. Actas del IV Congreso ISKO. Granada.</p>
</article>
</div></section><footer><hr/></footer></body></html>