<!DOCTYPE html><html xmlns="http://www.w3.org/1999/xhtml" xml:lang="en"><head><title>DHArchive</title><meta http-equiv="content-type" content="text/html; charset=utf-8" /><link rel="stylesheet" type="text/css" href="/s/dharchive.css"></link><link rel="shortcut icon" type="image/x-icon" href="favicon.ico" /></head><body><header><a href="/"><img src="/i/logo.png" id="logo" /><h1><acronym>dharchive</acronym>.org</h1></a></header><section><a href="/?c=DH2014"><img src="/data/figures/DH2014/banner.jpg" class="banner"/></a><div id="read"><aside><a class="btn" href="javascript:window.print();"><img src="/i/print.png"/> Print</a><a class="btn" href="/data/xml/DH2014/Paper-279.xml"><img src="/i/download.png"/> XML</a></aside><?xml version="1.0" encoding="utf-8"?>
<article xmlns="http://www.tei-c.org/ns/1.0" xmlns:xhtml="http://www.w3.org/1999/xhtml" xmlns:tei="http://www.tei-c.org/ns/1.0">
  <header xmlns="">
    <h1>Collaboratively maximizing inter-ontology agreement for controversial domains: A case study of Jewish cultural heritage</h1>
    <ul id="details">
      <li><label>Category:</label>Short Paper</li>
      <li><label>Session:</label>1</li>
      <li><label>Date:</label>2014-07-09<label>Time:</label>09:00:00</li>
      <li><label>Room:</label>415 - Amphimax</li>
    </ul>
    <ul id="authors">
      <li>
        <a href="mailto:maayan.geffet@gmail.com"><span class="author-surname">Zhitomirsky-Geffet</span>,
									<span class="author-forename">Maayan</span></a>
        <a href="http://www.google.com/#q=Zhitomirsky-Geffet, Maayan">
          <img src="/i/search.png"/>
        </a>
        <span class="author-affiliation">Information Science Dept., Bar-Ilan University</span>
      </li>
      <li>
        <a href="mailto:tempeden@walla.com"><span class="author-surname">Erez</span>,
									<span class="author-forename">Eden Shalom</span></a>
        <a href="http://www.google.com/#q=Erez, Eden Shalom">
          <img src="/i/search.png"/>
        </a>
        <span class="author-affiliation">Computer Science Dept., Bar-Ilan University</span>
      </li>
    </ul>
  </header>
  <p xmlns=""/>
  <p xmlns=""/>
  <p xmlns="">Ontology
is a semantic scheme which comprises the main classes (concepts) of the given
domain of knowledge, their properties, inter-relationships and instances <cite href="#n1">1</cite>. The basic ontological relationship types are IS-A
(hyponymy) and instance-of (a concrete type-of) which are the basis of the
conceptual taxonomy, and other thesauri-like (e.g. "part-of", "related-to")
or content-driven relationships (e.g. "located-at",
"produced-by") are allowed as well. One of the standards for formal
encoding of ontologies is RDF (Resource Description Framework) <cite href="#n2">2</cite>. RDF-based
knowledge representation consists of triples (relations) of the form: (concept1
– relationship type – concept2). For example, in the domain of Jewish cultural
heritage the following relations could be included in the ontology: (Passover
IS-A Jewish Holiday), (Holiday part-of Cultural Heritage), (Orthodox Jew preserves
Jewish Tradition). Every triple corresponds to a certain statement or fact
on the domain. </p>
  <p xmlns="">Nowadays, ontologies are widely used as a formal
domain vocabulary for content-specific agreements in a variety of
knowledge-sharing activities, such as, information organization, retrieval and
tagging <cite href="#n3">3</cite>. However, in the current state of the Semantic Web for
many domains there are multiple diverse ontologies rather than one standard
vocabulary. This is due to the fact that they are typically constructed by
different experts who often possess contrary viewpoints especially in cases of
controversial domains. These domains include cultural heritage,
economy, politics, history, religion, art and even medicine. Apparently, when using several ontologies in a common
application, mismatches can create incoherent results for the users. Therefore,
reaching maximal agreement between these ontologies is necessary to standardize
and unify the domain vocabulary. Hence, building unified consensual ontologies has
become a big research challenge. </p>
  <p xmlns="">The objective of this work is to explore ways to maximize
the inter-ontology agreement for controversial domains. Particularly, we
experimented with the case of the Jewish life style domain which comprises cultural,
religious and political aspects. We also aim to explore whether it is possible
to identify consensual ontological relations from diverse ontologies and construct
a maximal subset of consensual vocabulary for the controversial domain. </p>
  <h2 xmlns="">
    <strong>Research Methodology</strong>
  </h2>
  <p xmlns="">

 

To overcome the semantic heterogeneity problem in
ontologies a variety of ontology matching
algorithms were presented in the past decade <cite href="#n4">4</cite> , <cite href="#n5">5</cite>. These systems
usually focus on mapping individual concepts (and/or their taxonomic
structures) of one ontology to similar concepts in the other one. However, the level
of inter-ontology agreement assessed by the automated approaches is limited by
the following major factors: </p>
  <ol xmlns="">
    <li>The algorithm's ability to recognize semantically similar
concepts, which are frequently conveyed by different terms;</li>
    <li>Matching of isolated concepts which does not reveal
the maximal potential for semantic similarity of ontologies unless all the
direct and indirect relations (triples) binding these concepts can be consistently
matched as well. </li>
    <li>The low overlap between the explicit terminologies
of diverse ontologies (for both, concepts and relations) due to the viewpointdiversity of their composers (especially for controversial domains). </li>
  </ol>
  <h2 xmlns="">

 

</h2>
  <p xmlns="">Some partial solutions were lately proposed in the
literature. Thus, in order to reduce the impact of the first factor, a recent
study by <cite href="#n6">6</cite>  proposed to employ "wisdom of crowds" for detecting
similar concepts in two different ontologies. To resolve the second limitation,
similarity between ontologies should be computed for relations rather than for
individual concepts, as implemented by <cite href="#n7">7</cite>. He counted exactly and
partially matching triples from a pair of given ontologies. This methodology is
adopted in the current research which further focuses on matching relations rather
than individual concepts. However, the third and the most crucial factor, a
relatively small amount of common relations, still remains unresolved.</p>
  <p xmlns="">

 



 

The main question is how to reveal and assess the
potential maximal agreement between ontologies despite the low overlap between
them. The essence of this problem is the underlying
assumption that relations, which are present in one ontology, but are missing
from the other ontology, are automatically considered as unmatched and increase
the ontology disagreement level. Nevertheless, it can be observed that if the
ontology composer did not choose to add a relation to his personal ontology, it
is unclear whether he agrees or disagrees with the truth of this relation. To this end, we introduce a new collaborative approach
where independent ontology composers can explicitly express their opinions on
the others' relations. Thus, after completing the construction of their own
ontologies the participants are exposed to the relations of the others and are
asked to decide for each of them whether it is true or false. Then, the
"real" exhaustive inter-ontology agreement can be calculated based on
these votes rather than by counting the common relations in the original
ontologies. </p>
  <p xmlns="">We distinguish between two levels of ontology
agreement:</p>
  <ul xmlns="">
    <li>The <em>local </em>agreement between a pair of ontologies that can be calculated
as follows:</li>
  </ul>
  <div xmlns="" class="figure">
    <img src="/data/figures/DH2014/DH2014_32_laformula.jpg"/>
    <figcaption>
      <p>Fig. 1: The local agreement measure</p>
    </figcaption>
  </div>
  <h2 xmlns="">

 

</h2>
  <ul xmlns="">
    <li>The <em>global </em>agreement definition between all the ontologies for the domain:<div class="figure"><img src="/data/figures/DH2014/DH2014_32_gaformula.jpg"/><figcaption><p>Fig. 2: The global agreement measure</p></figcaption></div></li>
  </ul>
  <p xmlns="">These relations constitute the consensual part of the ontologies. The other relations will be considered as controversial. The threshold descriminating the consensual and controversial relations can be computed by applying machine classification on the composer's votes as features for each relation as described in the next section. </p>
  <h2 xmlns="">

 

</h2>
  <h2 xmlns="">
    <strong>Experimental Setting and Results</strong>
  </h2>
  <p xmlns="">Based on
the above collaborative scheme for relation evaluation we conducted an
experiment with 21 ontology composers (students of the Semantic web course in Information
Science Department). At the first step, the group has chosen a set of 130
concepts which are the most representative of the domain of Jewish life style.
Then, every participant was required to construct up to 100 RDF-style triples
(relations) with the above concepts and a set of 15 predefined relationships
(such as, IS-A, instance-of, part-of, disjoint-with, entails, located-at, antonym-of)
independently from the other members of the group. The relations were inserted
into the web-based system implemented for this purpose. Further, each one of
1175 distinct ontological relations, created by all the participants at the first
step, was consecutively displayed by the system and independently evaluated as
true or false by every participant of the group. The analysis of the results
shows that the initial local agreement between the diverse ontologies (the <em>CR component of the measure</em>) was very
low (0-22%) reflecting the controversity of the domain. This is despite the fact that all the participants used the similar
set of concepts and relationships for relation construction. The exhaustive local inter-ontology agreement assessed after applying the collaborative evaluation procedure
appears to be much higher (39-90%), as demonstrated in Fig. 3. Thus, our
collaborative scheme substantially enhances the local agreement level between ontologies.</p>
  <div xmlns="" class="figure">
    <img src="/data/figures/DH2014/DH2014_32_localagreement.jpg"/>
    <figcaption>
      <p>Fig. 3: The local agreement rates computed by the amount of overlapping relations in the original ontologies as a baseline (the blue skew) vs. by the votes after applying the collaborative evaluation procedure (the red skew). Axis X represents pairs of different ontologies in our corpus. </p>
    </figcaption>
  </div>
  <p xmlns="">To create a golden standard evaluation required for the global agreement calculation, two experts were asked to annotate all the statements as correct (ground truth) or controversial (depending on one's personal beliefs). First, they worked independently and then reached full consensus through a discussion. Overall, 885 (out of 1175) relations were judged as correct facts (TRgoldstandard), and 290 as controversial viewpoints. For example, the correct relations (like, Passover – is-a – Jewish holiday; Reform Jew – disjoint-with – Orthodox Jew; Western Wall – located-in – Jerusalem) are expected to obtain the large majority of agreement ("true") votes in the collaborative procedure, while the controversial relations (such as, Ultra-Orthodox Jew – resists – Scientific progress; God – created – Universe; Bible – written by – Man) are supposed to gain intermediate scores for both agreement ("true") and disagreement ("false") voting categories. </p>
  <p xmlns="">The |<em>TRoverlap</em>|<em> </em>component needed for the global agreement calculation was rather low 29% (232 out of 885) even with the threshold of 2,  as only 256 relations appeared in at least two ontologies. 919 (almost
80%) of the relations appeared in one
out of 21 ontologies), while only one relation was present in 9 out of 21 ontologies.
 </p>
  <p xmlns="">Then, in
order to estimate the global agreement after applying the collaborative evaluation
procedure, we utilized the WEKA environment <cite href="#n8">8</cite> to choose the optimal machine
classification algorithm. Eventually,
the best 10-cross validation results were achieved by the Multilayer Perceptron
algorithm which yielded 90%
average accuracy. As a result |<em>TRcollaborativevoting</em>| of 876 was obtained. Interestingly, all 232 relations of <em>TRoverlap </em>were included in <em>TRcollaborativevoting</em>. Overall, 99% of the correct relations according to the golden standard
were classified as correct by the automatic classifier. The classifier used as features the true and false voting scores. Most of the errors
in classification were controversial relations probably reflecting some common
viewpoint among the members of the group. So in the future research we intend
to conduct crowdsourcing microtask-based experiment (like in <cite href="#n9">9</cite>) with a much larger
number of participants.</p>
  <p xmlns="">In summary, our
collaborative method significantly increases the baseline agreement that can be
achieved manually or automatically from the explicitly overlapping/matching
relations. This methodology further leads to construction of a reliable large
consensual ontology for controversial domains which seem impossible to achieve
from the small overlap of the original ontologies. </p>
  <h2 xmlns="">References</h2>
  <p xmlns="">1. <strong>Noy, N.F. &amp; McGuinness, D.L.</strong> (2001). <em>Ontology Development 101: A Guide to Creating Your First Ontology</em>. Technical Report KSL-01-05, Stanford Knowledge Systems Laboratory and Stanford Medical Informatics Technical Report SMI-2001-0880, Publisher: Citeseer, (pp. 1-25) doi: 10.1.1.136.5085
          </p>
  <p xmlns="">2. <strong>Hayes, P. and B. McBride</strong>. RDF Semantics. W3C Recommendation: <a href="http://www.w3.org/TR/2004/REC-rdf-mt-20040210/">www.w3.org/TR/2004/REC-rdf-mt-20040210/</a> (2004 last accessed July 2013).
          </p>
  <p xmlns="">3. <strong>Gruber, T. R.</strong> (1993). <em>Toward principles for the design of ontologies used for knowledge sharing</em>. International Journal of Human-Computer Studies, 43(5-6), 907-928. Retrieved from <a href="http://itee.uq.edu.au/~infs3101/_Readings/OntoEng.pdf">itee.uq.edu.au/~infs3101/_Readings/OntoEng.pdf</a></p>
  <p xmlns="">4. <strong>Shvaiko P. and J. Euzenat</strong> (2013). <em>Ontology matching: state of the art and future challenges</em>. IEEE Transactions on Knowledge and Data Engineering, 25(1): 158-176.
          </p>
  <p xmlns="">5. <strong>Flouris G., Manakanatas D., Kondylakis H., Plexousakis D. and G. Antoniou</strong> (2008). <em>Ontology change: classification and survey</em>. The Knowledge Engineering Review, 23(2), 117–152.
          </p>
  <p xmlns="">6. <strong>Sarasua, C., Simperl, E. and N.F. Noy. (2012)</strong><em>Crowdmap: Crowdsourcing ontology alignment with microtasks</em>. Proceedings of the International Semantic Web Conference, Boston, USA, pp. 525- 541.
          </p>
  <p xmlns="">7. <strong>d'Aquin, M.</strong> (2010), <em>Formally measuring agreement and disagreement in ontologies</em>. Proceedings of the Fifth International Conference on Knowledge Capture, Redondo Beach, California, USA, pp. 145-152.
          </p>
  <p xmlns="">8. <strong>Hall, M., Frank, E., Holmes, G., Pfahringer, B., Reutemann, P. and I. H. Witten</strong> (2009). <em>The WEKA Data Mining Software: An Update.</em>  SIGKDD Explorations. 11(1): 10-18.
          </p>
  <p xmlns="">9. <strong>Sarasua, C., Simperl, E. and N.F. Noy.</strong> (2012) <em>Crowdmap: Crowdsourcing ontology alignment with microtasks</em>. Proceedings of the International Semantic Web Conference, Boston, USA, pp. 525- 541.
          </p>
</article>
</div></section><footer><hr/></footer></body></html>