<!DOCTYPE html><html xmlns="http://www.w3.org/1999/xhtml" xml:lang="en"><head><title>DHArchive</title><meta http-equiv="content-type" content="text/html; charset=utf-8" /><link rel="stylesheet" type="text/css" href="/s/dharchive.css"></link><link rel="shortcut icon" type="image/x-icon" href="favicon.ico" /></head><body><header><a href="/"><img src="/i/logo.png" id="logo" /><h1><acronym>dharchive</acronym>.org</h1></a></header><section><a href="/?c=DH2014"><img src="/data/figures/DH2014/banner.jpg" class="banner"/></a><div id="read"><aside><a class="btn" href="javascript:window.print();"><img src="/i/print.png"/> Print</a><a class="btn" href="/data/xml/DH2014/Paper-883.xml"><img src="/i/download.png"/> XML</a></aside><?xml version="1.0" encoding="utf-8"?>
<article xmlns="http://www.tei-c.org/ns/1.0" xmlns:xhtml="http://www.w3.org/1999/xhtml" xmlns:tei="http://www.tei-c.org/ns/1.0">
  <header xmlns="">
    <h1>A hipersensibilidade do Território – viver entre terra e nuvens</h1>
    <ul id="details">
      <li><label>Category:</label>Short Paper</li>
      <li><label>Session:</label>6</li>
      <li><label>Date:</label>2014-07-11<label>Time:</label>09:00:00</li>
      <li><label>Room:</label>415 - Amphimax</li>
    </ul>
    <ul id="authors">
      <li>
        <a href="mailto:lidia@ua.pt "><span class="author-surname">Oliveira</span>,
									<span class="author-forename">Lídia</span></a>
        <a href="http://www.google.com/#q=Oliveira, Lídia">
          <img src="/i/search.png"/>
        </a>
        <span class="author-affiliation">University of Aveiro, Portugal</span>
      </li>
      <li>
        <a href="mailto:vbaldi@ua.pt"><span class="author-surname">Baldi</span>,
									<span class="author-forename">Vania</span></a>
        <a href="http://www.google.com/#q=Baldi, Vania">
          <img src="/i/search.png"/>
        </a>
        <span class="author-affiliation">University of Aveiro, Portugal </span>
      </li>
    </ul>
  </header>
  <p xmlns=""/>
  <h2 xmlns="">Os lugares aumentados multiplexos</h2>
  <p xmlns=""> O mapa é ele próprio um dispositivo cultural que foi tendo a sua metamorfose do proto-mapa aos mapas flexíveis em suporte digital. O mapa é um interface cultural, político, geoestratégico, clássico entre o sujeito e o território. O mapa permite relacionar agentes e sobrepor diversas camadas de informação: “O modelo estrutural do mapa é composto por três níveis de base: o mapa sintático, o mapa semântico, e o mapa pragmático. Os diversos níveis permitem ao mapa expressar-se como ferramenta de conhecimento, poder e comunicação.” (Neves, 2011,p.1). A passagem do paradigma analógico para o paradigma digital trouxe também ao mapa novas identidades e novas potencialidades. O mapa digital passa a ser dinâmico, permitindo usufruir da gestão de dados geográficos e ambientais complexos que os Sistemas de Informação Geográfica (SIG) passaram a permitir.  Desde do surgimento da “<em>geographic information science</em>” passaram mais de 20 anos (Goodchild, 2012), neste período deu-se uma mudança radical nos nível de conectividade à internet, na computação ubíqua, na miniaturização dos dispositivos de comunicação que permitiu a sua portabilidade. É neste contexto em que os dispositivos móveis conectados em rede e apetrechados de aplicações que usam informação georeferenciada,  em que o mapa surge como interface no qual se partilham conteúdos e se estabelecem redes sociais, que interessa pensar a relação entre mapa e território: onde acaba o mapa e começa o território? A terra como interface (Neves, 2011). E onde começa o território e acaba o mapa?  Há uma dupla textualidade. </p>
  <p xmlns="">O mapa como plataforma <em>geomedia</em> multifuncional e multidimensional (Neves, 2011) abre, num efeito quase paradoxal, a oportunidade de ter o território a desempenhar a função de interface, de <em>mapa</em> que remete para o mapa. O território passa a estar embutido de sensores, de etiquetas RFID, etiquetas QR Code, etc., que o tornam num corpo implantado de dispositivos que o convertem em agente. Simbiose entre biológico, ecológico e a codificação, um meio saturado de capacidade computacional (Kang e Cuff, 2005). A ideia do cyborg, com a incorporação da tecnologia no próprio corpo, salta agora para o território – Cyborguização do território (<em>Cyborgeo</em>) – o território como organismo cibernético, corpo implantado de dispositivos que o tornam agente. Os três atores – natureza (espaço), ambiente construído (território) e subjetividade (usuário/lugar) – interatuam tendo como pele o mapa sensitivo e o território sensitivo que permitem ampliar as relações no cotidiano: “O território humano é o espaço povoado de artefatos tecnológicos. (...) É um mundo de tecnologias infiltradas, das tecnologias que, quanto mais poderosas, mais invisíveis.” (Firmino e Duarte, 2012, p.71).</p>
  <p xmlns="">O território écran, o próprio território é o elemento desencadeador da interação devido à sobreposição de territorialidades, o mesmo lugar pode ser desdobrado em camadas virtuais customizáveis graças à computação ubíqua, à realidade aumentada, aos interfaces tangíveis, aos<em> smart objects</em> (objetos conectados com a internet), <em>wearable computers </em>(dispositivos de computação e telecomunicações embebidos no vestuário), etc. </p>
  <p xmlns="">Nasce e incrementa-se uma nova dinâmica de relacionamento com o território, de possibilidade de antropologicamente nos situarmos, em que o território ganha novas camadas atuantes e em que o usuário se relaciona consigo, com o território e com os outros numa lógica de convergência e participação.</p>
  <p xmlns="">A análise deve ser realizada em três eixos: a representação, a semântica e a participação (Orellana e Ballari, 2009, p.29). Sendo que os LBSM (Location Based Social Media) – “As LBSM create a new kind of visibility and memory about places, persons and activities I argue that they are significant for the subjective assignment of sense top lace.” (Fischer, 2008, p.586) – permitem gerar novas dinâmicas de fruição do território, com uso de dispositivos móveis usando GeoCMS (<em>Geospatial Content Management System</em>).</p>
  <p xmlns="">O enraizamento da comunicação na territorialidade abre novas fronteiras na cultura da mobilidade, que deixa de ser apenas mobilidade virtual, navegação no ciberespaço, para ser navegação entre terra e nuvens. Sobre a imagem captada da realidade o utilizador pode obter novas camadas de informação sobre esse lugar, camadas de experiência e relação que não estariam ao seu alcance, criando ambientes mistos aumentados baseados na colaboração – ACME – <em>Augmented Collaboration in Mixed Environments</em> (Lucas, 2012).</p>
  <p xmlns="">Trata-se de uma ecologia midiática híbrida (Santaella, 2008) – novas espacialidade / hipercomplexidade cultural e comunicacional dos lugares – memória e esquecimento, individual e coletivo.</p>
  <p xmlns="">A informação geográfica (GIS), a internet das coisas dada pelas <em>tags</em> de radiofrequência (RFID) e a linguagem  de marcação geográfica (GML – <em>Geographic Markup Language</em>), entre outras tecnologias, criam a oportunidade de desenvolvimento de serviços que permitem gerar uma relação afetiva e sensorial com o lugar (sensorização do espaço → sensibilidade do lugar). Os elementos dos lugares passam a ser atores que dinamizam o usufruto e a fruição estética, emotiva, histórica, política e cultural do lugar. A questão central não é a tecnologia que rapidamente se torna obsolescente, a questão central é o <em>ontos</em> do lugar,  a sua essência, o que o torna particular, ou seja, é a  dimensão geocultural e geoemocional que é central – as pessoas têm no essencial uma relação estética com os lugares, gostam dos sítios. Mais do que um cálculo racional é de um cálculo relacional, afetivo que se trata. Deixam-se afetar pelo lugar. Esta sensorialidade é projetada na própria tactilidade dos dispositivos que interatuam com o território.</p>
  <p xmlns="">Cada lugar esconde um conjunto de informações, de relações potenciais, de desafios, mistérios e oportunidades, com os serviços de informação e comunicação georeferenciados abre-se a oportunidade de tornar visível o invisível dos lugares, de tornar patente o latente. Rede de pontos quentes do lugar<em> (hotspots places)</em> – rede de geotags que permite transformar/adicionar ao lugar uma camada que está nas <em>nuvens</em>, mas se cola ao lugar ampliando o potencial de relação. O lugar como um corpo com história e com histórias.</p>
  <p xmlns="">A comunicação em rede vê a sua dinâmica enriquecida pela percepção do contexto que se passa a ter. O enraizamento da comunicação na territorialidade abre novas fronteiras na cultura da mobilidade, que deixa de ser apenas mobilidade virtual, navegação no ciberespaço, para ser navegação entre terra e nuvens.</p>
  <h2 xmlns="">O território interface, desafios futuros</h2>
  <p xmlns="">A criação de novos serviços em que a componente cultural e social seja central é o desafio principal. O envolvimento das instituições e organizações culturais a participarem na criação de conteúdos culturais de qualidade, que potenciem a riqueza histórica, cultural, social, política e científica de um lugar. </p>
  <p xmlns="">Este âmbito apresentamos 2 projetos desenvolvidos no Departamento de Comunicação e Arte da Universidade de Aveiro, Portugal. O Projeto Lookin que é um serviço para dispositivos móveis, que permite o reconhecimento de edifícios históricos através de um scan à fachada e partir daí o utilizador pode obter mais informação histórica e cultural sobre o edifico, partilhar comentários e imagens na rede social que esse serviço suporta. </p>
  <div xmlns="" class="figure">
    <img src="/data/figures/DH2014/DH2014_548_500-1.jpg"/>
    <figcaption>
      <p>Fig. 1: Projeto Lookin</p>
    </figcaption>
  </div>
  <p xmlns="">O outro Projeto, Bioduna , usa informação georeferenciada no contexto de uma reserva natural – Reserva Natural das Dunas de S. Jacinto – para fornecer ao visitante, que faz caminhada nos trilhos da reserva, informação em regime de realidade aumentada. Ou seja, o visitante apontando o dispositivo móvel (telefone, tablete, etc.) à paisagem recebe mais informação sobre a fauna e a flora, nomeadamente, vídeos com os fenómenos que ocorrem noutras épocas do ano. Assim, a sua experiência entre neste território hipersensível, entre terra e nuvens é muito mais rica.</p>
  <div xmlns="" class="figure">
    <img src="/data/figures/DH2014/DH2014_548_500-2.jpg"/>
    <figcaption>
      <p>Fig. 2: Projeto Bioduna</p>
    </figcaption>
  </div>
  <p xmlns="">   Vive-se numa realidade mista –<em> “Mixed reality defines the sharing of a space-time between the real and the virtual world.”</em> (Lucasa, Cornishb et al., 2012, p.277) – na confluência da fruição do território com a fruição da territorialidade imaterial da camada cultural e social desse território.</p>
  <h2 xmlns="">References</h2>
  <p xmlns=""><strong>Firmino, R.; Duarte, F.</strong> (2012) <em>Do Mundo Codificado ao Espaço Ampliado. In: JANEIRO/FAU/PROARQ, U. F. D. R. D. </em>(Ed.). Qualidade do Lugar e Cultura Contemporânea: controvérsias e ressonâncias em ambientes urbanos. Rio de Janeiro: Afonso Rheingantz e Rosa Pedro.  p.69-80.</p>
  <p xmlns=""><strong>Fischer, F.</strong> (2008) <em>Implications of the usage of mobile collaborative mapping systems for the sense of place.</em> Real Corp, p. 583-587,  2008.   </p>
  <p xmlns=""><strong>Goodchild, M. F.</strong> (2012)  <em>Twenty years of progress: GIScience in 2010</em>. Journal of Spatial Information Science, n. 1, p. 3-20. ISSN 1948-660X.  </p>
  <p xmlns=""><strong>Kang, J.; Cuff, D.</strong> (2005) <em>Pervasive computing: embedding the public sphere</em>. Wash. &amp; Lee L. Rev., v. 62, p. 93.</p>
  <p xmlns=""><strong>Lucas, J. F. </strong>(2012) <em>Interactions et réalité mixte dans la ville hybride</em>. In: KHALDOUN, Z., HyperUrbain 3 : Villes hybrides et enjeux de l'aménagement des urbanités numérique - Actes de colloque HyperUrbain.3, 2012, Paris. Europia Production. </p>
  <p xmlns=""><strong>Lucasa, J.-F.; Cornishb, T.; Margolisc, T.</strong> (2012) <em>To a cultural perspective of mixed reality events: a case study of event overflow in operas and concerts in mixed reality</em>. New Review of Hypermedia and Multimedia, v. 18, n. 4, Special Issue: Cultures in Virtual Worlds, p. 277-293.  Disponível em: &lt; http://www.tandfonline.com/doi/abs/10.1080/13614568.2012.746741 - preview &gt;. </p>
  <p xmlns=""><strong>Neves, P. C. M. A Terra</strong> (2011) como Interface: <em>O Paradigma do Mapa para o Século XXI. 113 Dissertação de Mestrado (Mestrado em Ciências da Comunicaçõa)</em>. Faculdade de Ciências Sociais e Humanas, Universidade Nova de Lisboa, Lisboa.</p>
  <p xmlns=""><strong>Orellana, D.; Ballari, D. </strong>(2009) <em>La GeoWeb y su evolución: Un marco de análisis en tres dimensiones</em>. Revista Universidad Verdad, v. 49, n. Agosto, p. 25-52.</p>
</article>
</div></section><footer><hr/></footer></body></html>