<!DOCTYPE html><html xmlns="http://www.w3.org/1999/xhtml" xml:lang="en"><head><title>DHArchive</title><meta http-equiv="content-type" content="text/html; charset=utf-8" /><link rel="stylesheet" type="text/css" href="/s/dharchive.css"></link><link rel="shortcut icon" type="image/x-icon" href="favicon.ico" /></head><body><header><a href="/"><img src="/i/logo.png" id="logo" /><h1><acronym>dharchive</acronym>.org</h1></a></header><section><a href="/?c=DH2014"><img src="/data/figures/DH2014/banner.jpg" class="banner"/></a><div id="read"><aside><a class="btn" href="javascript:window.print();"><img src="/i/print.png"/> Print</a><a class="btn" href="/data/xml/DH2014/Paper-294.xml"><img src="/i/download.png"/> XML</a></aside><?xml version="1.0" encoding="utf-8"?>
<article xmlns="http://www.tei-c.org/ns/1.0" xmlns:xhtml="http://www.w3.org/1999/xhtml" xmlns:tei="http://www.tei-c.org/ns/1.0">
  <header xmlns="">
    <h1>Using Computer Vision to Improve Image Metadata</h1>
    <ul id="details">
      <li><label>Category:</label>Long Paper</li>
      <li><label>Session:</label>6</li>
      <li><label>Date:</label>2014-07-11<label>Time:</label>09:00:00</li>
      <li><label>Room:</label>412 - Amphimax</li>
    </ul>
    <ul id="authors">
      <li>
        <a href="mailto:dougreside@gmail.com"><span class="author-surname">Reside</span>,
									<span class="author-forename">Doug</span></a>
        <a href="http://www.google.com/#q=Reside, Doug">
          <img src="/i/search.png"/>
        </a>
        <span class="author-affiliation">NYPL</span>
      </li>
    </ul>
  </header>
  <p xmlns=""/>
  <h2 xmlns="">Introduction</h2>
  <p xmlns="">We are approaching a golden age in the study of visual art and photographs. Many museums, libraries, and universities have digitized large portions of their collections and have made the images, and associated metadata, available for study.  This process has been a major boon to art historians, collectors, and other researchers. Instead of calling individual items one at a time in library reading rooms or digging through old, expensive, incomplete, and often out-of-print art catalogs, a researcher can simply type a query into a library or museum database and retrieve large sets of images.  However, while the rate of digitization has lately increased, this has, at times, come at the expense of detailed cataloging.   Even before the era of mass digitization, catalogers struggled to identify certain works of art (sometimes due to a lack of collaboration between institutions).  Today, simple digitization is often faster and cheaper than expert cataloging, and so many works of art and photos appear in repositories with limited metadata using inconsistent schema or vocabularies<cite href="#n1">1</cite>.  The result is that while there are more works of art online than ever, it is still difficult for researchers to find the images they seek.  However, advances in automated fuzzy image recognition may allow researchers to discover relevant content even when available metadata is limited.  In this paper, we will examine two test cases--photographs of theatrical performance with unidentified actors, and mis-attributed Japanese woodblock prints--to demonstrate how image search algorithms can be used both to locate content and help researchers understand it better.</p>
  <h2 xmlns="">Overview of the test cases</h2>
  <h2 xmlns="">Woodblock prints</h2>
  <p xmlns="">In December of 2012, John Resig (Visiting Researcher at Ritsumeikan University and creator of the jQuery JavaScript library) released Ukiyo-e.org: a database of Japanese woodblock print images with metadata harvested by traversing the publicly-accessible digitized collections of prints at the targeted institutions.  The images were copied and saved to a separate server for faster access (a technique which avoids overburdening the institutions by loading the images directly from their websites).  The information on the website is organized broadly by artist and time period on the homepage, but is primarily designed to be used as a search engine allowing users to search both by text and by images.  The database currently contains over 213,000 prints from 24 institutions collected from from late 2011 to late 2012.   </p>
  <p xmlns="">One of the most important features of the Ukiyo-e.org<cite href="#n2">2</cite> website is its ability to do real-time analysis on the images it holds for comparison and searching.  There is frequently disagreement among major institutions regarding the attribution, dating, titles, and other information associated with a print.  Because of this incongruous metadata, it becomes virtually impossible to find similar prints among multiple institutions.  The one piece of information that is never under contention, however,  is the image of the print itself.  The image that is presented by most institutions usually includes a full, straight-on photograph of the print (or prints, if it’s a diptych, triptych, or similar).  By ignoring the metadata provided by the institutions and comparing only the actual contents of the images, it is possible to find similar-looking prints at different institutions.</p>
  <h2 xmlns="">Theater Photographs</h2>
  <p xmlns="">Along with works of art, many libraries and archives have recently begun to publish large sets of photographs, often depicting unidentified people.  In some cases, the lack of any additional information makes identification of the faces in the photographs all but impossible.  However, images from performing arts collections often feature well-documented events with widely recognizable people appearing alongside lesser known figures.  A rehearsal shot of a musical comedy, for instance, might feature a star in front of a chorus of anonymous extras.  Metadata for such photographs may identify the star, and the title of the piece in which he or she is performing if it is known, but the supporting cast is generally left unidentified. </p>
  <p xmlns="">In early 2012, Doug Reside, Digital Curator for the Performing Arts at New York Public Library, began a series of experiments to attempt to identify these performers.  Over 90,000 theater photographs are now available on the Library’s website with varying degrees of metadata<cite href="#n3">3</cite>.  In most cases, the work being presented is identified.  Information about the cast and crew of these productions often can be harvested from other online databases such as Playbill Vault<cite href="#n4">4</cite>, the Internet Broadway Database<cite href="#n5">5</cite>, and DBPedia<cite href="#n6">6</cite>.  Given infinite time, a human investigator could theoretically identify many of the anonymous people in the Library’s photographs by finding all instances of the face in any online photograph, and then using additional datasets to determine the most likely name associated with it.  An otherwise anonymous person, might, for instance, be identified in a newspaper photograph or in a headshot in theater program.  Similarly, it might be possible to identify an otherwise anonymous actress if the shows in which her face appears uniquely match her resume as constructed from published cast lists.</p>
  <h2 xmlns="">Methodology</h2>
  <p xmlns="">Both test cases would benefit from computer vision algorithms capable of searching a corpus of images for a set of very similar (but not necessarily identical) images.  Although research in this area began decades ago, implementations capable of comparing thousands to millions of images from various sources simultaneously have only emerged very recently<cite href="#n7">7</cite>. The general availability of this technology, however, has been mixed. Tools such as imgSeek<cite href="#n8">8</cite> have made rudimentary image comparison technologies available for use in Open Source projects, but at present commercially-available tools with public APIs (such as TinEye’s MatchEngine<cite href="#n9">9</cite>) provide faster image analysis with a greater level of clarity.  Neither tool, however, is exactly suited for facial recognition, which requires the ability to identify a face pictured at different angles, under different lighting, in front of varying backgrounds, and at varying sizes (depending on the distance of the subjects for the camera).  </p>
  <p xmlns="">The MatchEngine tool, while a commercial service, is well suited for finding images that are close matches of one another, or even partial matches embedded inside a larger image (as in the case of triptychs).  Like imgSeek, MatchEngine was able to find images by upload and quickly process newly-added images.  Resig tested both MatchEngine and imgSeek during the development of Ukiyo-e.org and found that MatchEngine was much better at finding exact matches, ignoring differences in color, and finding prints (or portions of prints) inside other print images.</p>
  <p xmlns="">With an effective image similarity engine it became possible to develop many new tools to aid woodblock print researchers.  Using the tools available on Ukiyo-e.org, researchers can now look for a print not just by a title, description, or artist name (there is generally little agreement on the metadata between institutions) and instead find a print by providing just a photo.  Additionally, scholars who are researching the manipulation and reuse of the physical woodblocks over time can now more easily locate prints that are derived from the same block but have different imagery.  Finally, a tool has been constructed to automatically provide institutions with corrections for their metadata, made possible by finding similar prints and then automatically comparing their associated metadata, looking for differences.  All of these tools are able to provide unprecedented improvements to researchers, scholars, and institutions.</p>
  <p xmlns="">The theater photographs work is at a somewhat earlier stage in its development. The project’s early experiments with face recognition in the computer vision library OpenCV <cite href="#n10">10</cite> identified the location of faces within a photograph reliably, but could not be used to suggest whether a face in one photograph belonged to the same person as a face in another.  More promising has been the OpenBR<cite href="#n11">11</cite> library from MITRE Corporation which, after “registering” a library of photographs, can quickly return a set of photographs from the library containing faces that most closely match one depicted in a new photograph.  For faces displayed at similar angles and under similar lighting, it performs relatively well, but when the angle changes and additional faces appear in the picture, mistaken identification is more common than success.</p>
  <p xmlns="">Nonetheless, the mistaken identifications are sometimes usefully provocative.  False positives reveal similarities among physical characteristics, costumes, and makeup that may not be obvious.  For instance, a search using a photograph of young Roddy McDowall as Mordred in the original 1960 Broadway production of Camelot returned (with 100% certainty): Steve Lawrence in a 1967 production of Golden Rainbow, a headshot of actress Sybil White, and a photograph of George C. Scott in Plaza Suite.  To the most observers, these faces bear relatively little resemblance, however, to the face recognition algorithm, which looks mostly at the shape and position of the eyes<cite href="#n12">12</cite>, the faces appeared identical.  As earlier investigations by Jerome McGann have revealed<cite href="#n13">13</cite>, this “deformance” of the image by the algorithm may reveal new ways of interpreting the objects.  Are there any other similarities (not just visual) among the performers (or the characters they are portraying), that may not have been noticed without the provocation of the algorithm.  What do these “fail cases” suggest about the casting practices or makeup design on the mid-20th century Broadway stage?</p>
  <p xmlns="">This paper explores both the promising successes and provocative failures of image analysis tools for humanities research, and suggests future avenues of research the technology makes available to scholars.</p>
  <h2 xmlns="">References</h2>
  <p xmlns="">1. <strong>Park, Jung-Ran.</strong><em>Metadata Quality in Digital Repositories: A Survey of the Current State of the Art.</em> Cataloging &amp; Classification Quarterly 47, no. 3–4 (2009): 213–228. doi:10.1080/01639370902737240.</p>
  <p xmlns="">2. ukiyo-e.org</p>
  <p xmlns="">3. <a href="http://digitalcollections.nypl.org">digitalcollections.nypl.org</a></p>
  <p xmlns="">4. <a href="http://www.playbillvault.com">www.playbillvault.com</a></p>
  <p xmlns="">5. <a href="http://www.ibdb.com">www.ibdb.com</a></p>
  <p xmlns="">6. <a href="http://dbpedia.org/About">dbpedia.org/About</a></p>
  <p xmlns="">7. Google, Yahoo, and Microsoft all provide image search engines that are capable of searching millions of images.</p>
  <p xmlns="">8. <a href="http://www.imgseek.net/">www.imgseek.net</a></p>
  <p xmlns="">9. <a href="http://services.tineye.com/MatchEngine">services.tineye.com/MatchEngine</a></p>
  <p xmlns="">10. <a href="http://opencv.org/">opencv.org</a></p>
  <p xmlns="">11. <a href="http://openbiometrics.org/">openbiometrics.org</a></p>
  <p xmlns="">12. <strong>J. Klontz, B. Klare, S. Klum, A. Jain, M. Burge.</strong><em>Open Source Biometric Recognition</em>, Proceedings of the IEEE Conference on Biometrics: Theory, Applications and Systems (BTAS), 2013.</p>
  <p xmlns="">13. <strong>Jerome McGann and Lisa Samuels</strong><em>Deformance and Interpretation</em><a href="http://www2.iath.virginia.edu/jjm2f/old/deform.html">www2.iath.virginia.edu/jjm2f/old/deform.html</a> (augmented version also available in New Literary History 30 (winter, 1999), 25-56</p>
</article>
</div></section><footer><hr/></footer></body></html>