<!DOCTYPE html><html xmlns="http://www.w3.org/1999/xhtml" xml:lang="en"><head><title>DHArchive</title><meta http-equiv="content-type" content="text/html; charset=utf-8" /><link rel="stylesheet" type="text/css" href="/s/dharchive.css"></link><link rel="shortcut icon" type="image/x-icon" href="favicon.ico" /></head><body><header><a href="/"><img src="/i/logo.png" id="logo" /><h1><acronym>dharchive</acronym>.org</h1></a></header><section><a href="/?c=DH2014"><img src="/data/figures/DH2014/banner.jpg" class="banner"/></a><div id="read"><aside><a class="btn" href="javascript:window.print();"><img src="/i/print.png"/> Print</a><a class="btn" href="/data/xml/DH2014/Paper-760.xml"><img src="/i/download.png"/> XML</a></aside><?xml version="1.0" encoding="utf-8"?>
<article xmlns="http://www.tei-c.org/ns/1.0" xmlns:xhtml="http://www.w3.org/1999/xhtml" xmlns:tei="http://www.tei-c.org/ns/1.0">
  <header xmlns="">
    <h1>Literary Canon and Digital Bibliographies: The Case of the United States</h1>
    <ul id="details">
      <li><label>Category:</label>Short Paper</li>
      <li><label>Session:</label>7</li>
      <li><label>Date:</label>2014-07-11<label>Time:</label>11:00:00</li>
      <li><label>Room:</label>415 - Amphimax</li>
    </ul>
    <ul id="authors">
      <li>
        <a href="mailto:ferrer.carolina@uqam.ca"><span class="author-surname">Ferrer</span>,
									<span class="author-forename">Carolina </span></a>
        <a href="http://www.google.com/#q=Ferrer, Carolina ">
          <img src="/i/search.png"/>
        </a>
        <span class="author-affiliation">Université du Québec à Montréal</span>
      </li>
    </ul>
  </header>
  <p xmlns=""/>
  <p xmlns="">In this research, I propose an alternative technique to the traditional
method of constitution of the literary canon. Instead of basing the
determination of the canon on different values, I scrutinize the <em>Modern Language Association International
Bibliography</em> database in order to determine the most cited authors and
literary works. Specifically, I study the literature of the United States of
America. Thus, through the process of data mining, I obtain a sample of over
290,000 references that allows us to observe the chronological evolution and
the linguistic distribution of the critical bibliography about USA literature.
This quantitative technique yields a corpus of more than 100 titles and 100
writers that are cited more than 100 times in the database. Consequently, this
bibliography is not the result of subjective selection criteria, but is based
on the law of large numbers. Furthermore, this study shows that the
quantitative analysis of bibliographic databases is an effective way to bring
new light to the field of literary studies.</p>
</article>
</div></section><footer><hr/></footer></body></html>