<!DOCTYPE html><html xmlns="http://www.w3.org/1999/xhtml" xml:lang="en"><head><title>DHArchive</title><meta http-equiv="content-type" content="text/html; charset=utf-8" /><link rel="stylesheet" type="text/css" href="/s/dharchive.css"></link><link rel="shortcut icon" type="image/x-icon" href="favicon.ico" /></head><body><header><a href="/"><img src="/i/logo.png" id="logo" /><h1><acronym>dharchive</acronym>.org</h1></a></header><section><a href="/?c=DH2014"><img src="/data/figures/DH2014/banner.jpg" class="banner"/></a><div id="read"><aside><a class="btn" href="javascript:window.print();"><img src="/i/print.png"/> Print</a><a class="btn" href="/data/xml/DH2014/Paper-224.xml"><img src="/i/download.png"/> XML</a></aside><?xml version="1.0" encoding="utf-8"?>
<article xmlns="http://www.tei-c.org/ns/1.0" xmlns:xhtml="http://www.w3.org/1999/xhtml" xmlns:tei="http://www.tei-c.org/ns/1.0">
  <header xmlns="">
    <h1>The Workspace for Collaborative Editing</h1>
    <ul id="details">
      <li><label>Category:</label>Long Paper</li>
      <li><label>Session:</label>1</li>
      <li><label>Date:</label>2014-07-09<label>Time:</label>09:00:00</li>
      <li><label>Room:</label>414 - Amphimax</li>
    </ul>
    <ul id="authors">
      <li>
        <a href="mailto:h.a.g.houghton@bham.ac.uk"><span class="author-surname">Houghton</span>,
									<span class="author-forename">Hugh</span></a>
        <a href="http://www.google.com/#q=Houghton, Hugh">
          <img src="/i/search.png"/>
        </a>
        <span class="author-affiliation">Institute for Textual Scholarship and Electronic Editing (ITSEE), University of Birmingham</span>
      </li>
      <li>
        <a href="mailto:sievers@uni-trier.de"><span class="author-surname">Sievers</span>,
									<span class="author-forename">Martin</span></a>
        <a href="http://www.google.com/#q=Sievers, Martin">
          <img src="/i/search.png"/>
        </a>
        <span class="author-affiliation">Trier Center for Digital Humanities (Kompetenzzentrum für elektronische Erschließungs- und Publikationsverfahren in den Geisteswissenschaften, Universität Trier) </span>
      </li>
      <li>
        <a href="mailto:c.j.smith@bham.ac.uk"><span class="author-surname">Smith</span>,
									<span class="author-forename">Catherine</span></a>
        <a href="http://www.google.com/#q=Smith, Catherine">
          <img src="/i/search.png"/>
        </a>
        <span class="author-affiliation">Institute for Textual Scholarship and Electronic Editing (ITSEE), University of Birmingham</span>
      </li>
    </ul>
  </header>
  <p xmlns=""/>
  <p xmlns=""/>
  <p xmlns=""/>
  <p xmlns="">The Workspace
for Collaborative Editing is a project funded by the AHRC (UK)
and DFG (Germany) between September 2010 and December 2013. It has the goal of creating an online
workspace to support the production of the <em>Editio Critica Maior</em>of the Greek New Testament by teams based in Birmingham, Münster and Wuppertal and collaborators dispersed all over the world.<cite href="#n1">1</cite>














 
The edition has been in progress since the 1990s, but the obsolescence of key tools and encodings have led to this ambitious project to connect all the different
stages of the editorial process through online interfaces and shared databases. </p>
  <p xmlns="">

The production of a critical edition involves the
identification and selection of manuscripts to be included, the acquisition of
images, the creation of full-text electronic transcriptions (which are
themselves published as separate electronic editions, linked to the electronic
apparatus, enabling further research in related fields), the automatic
comparison of these transcriptions to generate a critical apparatus of all
variant readings, the editing of this apparatus by scholarly editors to filter
out ‘noise’ and prepare the data for analysis using genealogical tools, the
addition of evidence from early translations and biblical quotations and the
publication of the material in electronic and printed form.</p>
  <p xmlns="">The aim of the Workspace project has
been to adopt existing standards and open-source solutions in order to create a
lightweight architecture capable of being easily renewed and updated, so that
both the data and software created may be reused by other projects. The result is an open-source browser-based environment written in Python and Javascript. The core software consists of a MongoDB database and the asynchronous web application framework MAGPY. Data is stored in JSON and made available via a RESTful interface. On top of this is a layer of applications which call the relevant data objects for the individual editing processes. The goal of transparency at every level of the editing process means that a record is kept of each object at each stage of the process, and any modifications introduced are treated as additional records rather than replacing existing data.<cite href="#n2">2</cite></p>
  <p xmlns="">The Greek New Testament provides a very specific use-case, with a large amount of data already created and highly developed editorial principles. In addition, ongoing work by existing editorial teams offers the opportunity for immediate testing in real-life situations. Developing in these circumstances can be a challenge, with the evolution of guidelines, changes of editorial practice and 'creeping featurism'. The system needed to make existing legacy data compatible with the much more detailed XML encoding developed by the project and cater for as many known and potential scenarios as practicable. The dispersed team of editors was often called upon to codify their procedures and reach a common mind on problems presented by live data, including agreeing changes in policy. As a result, the creation of the Workspace has proceeded hand in hand with the development of different stages of the edition as a whole. </p>
  <p xmlns="">
				The two principal areas in which the Workspace meets a pressing need are the development of a transcription editor, which produces and allows the editing of valid XML in a WYSIWYG environment, and a collation editor which enables the scholarly creation of a critical apparatus. Both of these are browser-based, in order to enable dispersed collaborators to work with differing operating systems and contribute directly to the central data store. </p>
  <p xmlns="">The Transcription Editor has been created by team members at the Trier Center for Digital
Humanities and released as open-source at the end of the project.<cite href="#n3">3</cite> Its basis is the
platform independent TinyMCE package.<cite href="#n4">4</cite> A set of options for mark-up was then developed through a
series of menus and shortcuts (cf. Figure 1). The aim is to allow student and volunteer transcribers not familiar with XML to work in an environment which matches as closely as possible the
format of the transcriptions already published in the system. The mark-up in
the browser uses HTML encoding. An export function converts this into XML
matching the specifications developed by the project.<cite href="#n5">5</cite> Likewise, an import function is required in order to support the editing of existing transcriptions. Some of the problems include the encoding and display of paratextual information, normally located in the margins
of a manuscript. The dialogue box for entering this information has to have the same functionality as
the main transcription interface for recording unclear or supplied text,
corrections and so on. The concept has therefore been developed of the “editor-within-an-editor”
which makes this possible. A problem
with the import of existing transcriptions is the sequence within which
elements were nested within the XML. As a result, it has been necessary to establish
a system of tag sequences supported by the editor. The standalone nature of the Transcription Editor and its use of an agreed set of TEI encoding means that it can be installed as a plug-in to different environments, including the New Testament Virtual Manuscript Room (NTVMR 2.0)<cite href="#n6">6</cite> as well as the Workspace for the production of the critical edition.</p>
  <div xmlns="" class="figure">
    <img src="/data/figures/DH2014/DH2014_187_Transcription_editor.jpg"/>
    <figcaption>
      <p>Fig. 1: The Transcription Editor in the NTVMR environment. Based on the selection different menu options for breaks, corrections, deficiency, ornamentation, abbreviations, marginals, notes and punctuation are offered. Mouseovers and different colours help the users to identify different structures.</p>
    </figcaption>
  </div>
  <p xmlns="">The Collation Editor provides an interface to the CollateX engine developed by the INTEREDITION project, the successor to the COLLATE program
by Peter Robinson.<cite href="#n7">7</cite> This
software performs one of the most mechanical and error-prone tasks in an
edition, namely the comparison of all witnesses in each variation unit to build
up a critical apparatus. Each file is aligned using an
algorithm taking into account not just spelling variations, additions,
omissions and substitutions, but also transpositions within each block of text.
However, the output still requires considerable input from scholars in order to clean up the raw data for publication as a critical apparatus. The first stage is regularisation, the elimination of
insignificant variations such as spelling errors. The variant readings are set
out underneath a base text, with the witnesses attesting each reading visible
in a mouseover box (see Figure 2). An interface built using the redips drag-and-drop library allows editors to drag-and-drop the readings
for regularisation onto the correct form.<cite href="#n8">8</cite> For each regularisation, a dialogue
box requires users to state the scope of the regularisation and also its nature.
Once this is completed, the regularisation is marked in grey and a rule is saved to the database. The ‘recollate’ button sends the data
back through CollateX, preferring the regularised token to the original form
where present. This means that a different configuration of readings may appear
in each column, as the data is cleaned up and a better match is made by the
collation algorithm. The second stage involves setting the length of each variant unit, again implemented through a user-friendly drag-and-drop interface for combining or splitting neighbouring columns. One of the dangers with this interface is changing the
overall sequence of words in a manuscript by combining different
units and repositioning readings. A checking mechanism has therefore been developed which warns the user
as soon as the sequence of any manuscript has been disrupted. On some
occasions, the data is best displayed as two units of different lengths. By
right-clicking on the relevant reading, it can be sent to a line below as an
“overlapping variant”, which can then be combined and manipulated like the
other columns. One further complication is that an overlapping variant such as
a lengthy transposition of words may also contain a reading which should cited
in the main sequence. The system therefore makes it possible to duplicate such
readings. The final stage is the ordering of variant readings within each unit and assigning the appropriate reading identifier. From here,
the apparatus can be output in a number of forms, such as a positive or
negative plain text apparatus, an XML encoded apparatus, or a set of values for
incorporation into a database for phylogenetic analysis<em>.</em> The information added in the regularisation
dialogue box makes it possible to generate automatically the lists of original
forms for orthographic variants and erroneous readings which are printed in an
Appendix in the <em>Editio Critica Maior.</em></p>
  <div xmlns="" class="figure">
    <img src="/data/figures/DH2014/DH2014_187_regularisation.jpg"/>
    <figcaption>
      <p>Fig. 2: The regularisation interface with the dialogue box displayed.</p>
    </figcaption>
  </div>
  <p xmlns="">The presentation will briefly demonstrate the Workspace, especially the two interfaces described above. We will discuss some of
the problems encountered during its development, along with their solutions. Although the scope
of the original project was specifically to support an edition of the Greek New Testament, a pilot project to
customise the environment for an edition of Avestan texts will be outlined: from here, we hope that it will be possible to develop the Workspace for use with other textual traditions.</p>
  <p xmlns="">

 

</p>
  <p xmlns="">

 

</p>
  <h2 xmlns="">References</h2>
  <p xmlns="">
            For the history of the ECM project, see <strong>Klaus Wachtel</strong>, <em>Editing the Greek New Testament on the Threshold of the Twenty-first Century” Literary and Linguistic Computing 15</em> (2000), 43–50; <strong>D.C. Parker and Klaus Wachtel</strong>, <em>The Joint IGNTP/INTF Editio Critica Maior of the Gospel of John: its goals and their significance for New Testament scholarship</em>, presented at the Annual Meeting of SNTS, August 2-6, 2005, Halle. <a href="http://epapers.bham.ac.uk/754/.">epapers.bham.ac.uk/754/.</a></p>
  <p xmlns="">
            2. For documentation, see <a href="http://zeth.github.io/magpy/index.html.">zeth.github.io/magpy/index.html.</a> The source code may be downloaded from <a href="http://github.com/zeth/magpy.">github.com/zeth/magpy.</a></p>
  <p xmlns="">
            3. <a href="http://sourceforge.net/projects/wfce-ote/">sourceforge.net/projects/wfce-ote/</a></p>
  <p xmlns="">
            4. <a href="http://www.tinymce.com/">www.tinymce.com/</a></p>
  <p xmlns="">
            5. <strong>H.A.G. Houghton</strong>, <em>The Electronic Scriptorium: Markup for New Testament Manuscripts</em>, in Claire Clivaz, Andrew Gregory and David Hamidovic (edd.), Digital Humanities in Biblical, Early Jewish and Early Christian Studies, Leiden: Brill (2013), pp. 31–60; the latest version of the specifications is at <a href="http://epapers.bham.ac.uk/1727.">epapers.bham.ac.uk/1727.</a></p>
  <p xmlns="">
            6. <a href="http://ntvmr.uni-muenster.de/en_GB/transcribing">ntvmr.uni-muenster.de/en_GB/transcribing</a></p>
  <p xmlns="">7. <strong>P.M.W. Robinson</strong> (1994), <em>Collate: Interactive Collation of Large Textual Traditions, Version 2. Computer Program distributed by the Oxford University Centre for Humanities Computing</em>, Oxford. The history of Collate is described by Robinson in a 2007 blog post at: <a href="http://www.sd-editions.com/blog/?p=15.">www.sd-editions.com/blog/?p=15.</a> For CollateX, see <a href="http://www.interedition.eu/.">www.interedition.eu/.</a> The source code is available from <a href="http://collatex.net/.">collatex.net/.</a></p>
  <p xmlns="">8. 
            <a href="http://www.redips.net/javascript/drag-and-drop-table-content/">www.redips.net/javascript/drag-and-drop-table-content/</a></p>
</article>
</div></section><footer><hr/></footer></body></html>