<!DOCTYPE html><html xmlns="http://www.w3.org/1999/xhtml" xml:lang="en"><head><title>DHArchive</title><meta http-equiv="content-type" content="text/html; charset=utf-8" /><link rel="stylesheet" type="text/css" href="/s/dharchive.css"></link><link rel="shortcut icon" type="image/x-icon" href="favicon.ico" /></head><body><header><a href="/"><img src="/i/logo.png" id="logo" /><h1><acronym>dharchive</acronym>.org</h1></a></header><section><a href="/?c=DH2014"><img src="/data/figures/DH2014/banner.jpg" class="banner"/></a><div id="read"><aside><a class="btn" href="javascript:window.print();"><img src="/i/print.png"/> Print</a><a class="btn" href="/data/xml/DH2014/Paper-786.xml"><img src="/i/download.png"/> XML</a></aside><?xml version="1.0" encoding="utf-8"?>
<article xmlns="http://www.tei-c.org/ns/1.0" xmlns:xhtml="http://www.w3.org/1999/xhtml" xmlns:tei="http://www.tei-c.org/ns/1.0">
  <header xmlns="">
    <h1>Harddrive Philology: Analysing the Writing Process on Thomas Kling's Archived Laptops</h1>
    <ul id="details">
      <li><label>Category:</label>Long Paper</li>
      <li><label>Session:</label>5</li>
      <li><label>Date:</label>2014-07-10<label>Time:</label>11:00:00</li>
      <li><label>Room:</label>414 - Amphimax</li>
    </ul>
    <ul id="authors">
      <li>
        <a href="mailto:"><span class="author-surname">Ries</span>,
									<span class="author-forename">Thorsten</span></a>
        <a href="http://www.google.com/#q=Ries, Thorsten">
          <img src="/i/search.png"/>
        </a>
        <span class="author-affiliation">Ghent University, Belgium </span>
      </li>
    </ul>
  </header>
  <p xmlns=""/>
  <p xmlns="">The
proposed talk will discuss the application of forensic computer science tools
and methods to born digital documents and parts of archives, focusing on the
philological benefit for genetic scholarly editions and the <em>critique
génétique</em> on the one hand as well as on issues of sane archiving and
representation of the digital record in a scholarly edition on the other. In
the course of the talk, the conceptual impact of this digital forensic
perspective on the term 'document', on our concepts of the 'materiality of the
historical record' and on 'textual genetics' will also be discussed. </p>
  <p xmlns="">Exemplary
subject matter of the inquiry will be a selection of recovered materials from
harddrives in the Thomas Kling archive which represents the range of
retrievable transitory 'genetic' textual material, e.g. recoverable documents,
temporary files, memory fragments and several disk operation artifacts on
multiple generations of operating systems reaching back from Microsoft Windows<em>®</em> XP to 3.11. The harddrives have been
forensically imaged for longterm preservation by the author of this paper and
by a forensic laboratory recently, and it will be the first time these findings
are being publicly discussed. </p>
  <p xmlns="">Thomas
Kling (1957-2005) was one of the most influential contemporary poets of the
last 30 years in the German-speaking countries. The historical, documentary
quoting technique as well as his blending of poetry and performance inspired
numerous other authors of his generation. Furthermore, his poetry is enormously
aware of the effect that historical media development has on perception, on the
way how storage media influence the concept of history and on poetic language
itself (s.a. Trilcke 2012). As early as 1985, he wrote: „[...] and everyone
knows: from now on, we cast out poetry on floppy disks only, sure thing.“
(Thomas Kling: <em>Die verplemperten Sprachen</em>; Wehr et al.
2012: 13) At the same time, his work reflects not only the medial blending of
historical levels and documents as „sondage“, but also the threat of losing the
„burning archive“: „It is the tongue-loss. Everything is archive, everything is
about to become archive and end up in smoke.“ (Kling 2001: 111) Fortunately,
this does not apply to his own archive, nor to the harddrives of his last three
laptops, all of which are being kept in the collections on the Raketenstation
Hombroich (Scharfschwert 2012).</p>
  <p xmlns="">After
a quick introduction to general archival aspects and methods of forensic work
with bitstream-preserving images and the several levels of analysis (different
kinds of file recovery, drive slack analysis, save operation artifacts, restore
points etc., s.a. Ries 2010, Kirschenbaum
et al. 2010, Reside 2011), the talk will discuss a couple of
example findings from the Thomas Kling harddrive platters to show in which –
sometimes surprising – places of these 'real life' case systems textual
variants and fragments of poetic draft material actually reside. Possible
candidates for this part are digital fragments of the <em>dossier génétique</em>
to the poems <em>third cartography</em> and it's <em>abdomen in constant movement</em>
(selection to be finalised). The example materials will show Thomas Kling as
one of the German poets who relatively early embraced IBM-compatible personal
computers with Microsoft Windows<em>®</em>,
Word<em>®
</em>as a writing
tool and used it for most of the draft process, going back and forth between
the digital document and corrected printouts after a conception phase on
notebook and manuscript pages.</p>
  <p xmlns="">Discussion
will show to what extent the philological interpretation of these findings
depend on the specifics of the operating system- and application context and
that we sometimes have to deal with 'artificial' evidence. Furthermore, the
range of variation in terms of completeness of the textual record will be
mapped. A tentative genetic close reading of the fragments will also show how
the reader's view on the writing process necessarily shifts, coming from a
manuscript perspective, as one reads e.g. recovered digital born memory snaphot
items. </p>
  <p xmlns="">Looking
at the materials from a scholarly editing point of view, questions arise how
these should be represented in a genetic edition, e.g. which metadata has to be
included; in which meaningful way can the commentary cover the technical
context of the mechanisms of historic software, and how is redundancy of the
digital record to be dealt with? (s.a. Pierazzo 2011)
How is the 'materiality' of the materials to be represented? (s.a. Ries 2010,
Kirschenbaum 2006)</p>
  <p xmlns="">In
this sense of the meaning, this talk aims to help „empowering“ scholarly
editors, philologists and scholars as readers of future genetic editions to
deal with digital heritage collections and digital born documents and material
as part of scholarly editions. </p>
  <p xmlns="">Delivering
this talk in German would be an obvious choice, as the discussed archive
materials by Thomas Kling are also in German and I am a native speaker.
However, the talk can be held in English as well to reach out for the
international audience. Regarding the advantages of both options, I would like
to leave the choice of language for this talk to the conference board. </p>
  <h2 xmlns="">References</h2>
  <p xmlns=""><strong>Gitelman, Lisa</strong> (2006). <em>Always Already New</em>.
            Media, History, and the Data of Culture. Cambridge, London: MIT
            Press; 2006.</p>
  <p xmlns=""><strong>Kirschenbaum,
            Matthew G., Richard Ovenden, Gabriela Redwine</strong> (Eds.) (2010): <em>Digital Forensics and
              Born-Digital Content in Cultural Heritage Collections</em>. Council on Library and
            Information Resources Washington, D.C. December 2010 (CLIR publication, no.
            149).</p>
  <p xmlns=""><strong>Kling, Thomas</strong> (2001): <em>Rhapsoden am Sepik</em>.
            Botenstoffe. Cologne 2001. </p>
  <p xmlns=""><strong>Pierazzo, Elena</strong> (2011). <em>A rationale of
            digital documentary editions</em>. LL&amp;C 26.4 (2011), 463-77.</p>
  <p xmlns=""><strong>Reside,
            Doug</strong> (2011): <em>"No Day But Today"</em>: A look at Jonathan
            Larson's Word Files. NYPL Blog, April 22, 2011,
            URL: <a href="http://www.nypl.org/blog/2011/04/22/no-day-today-look-jonathan-larsons-word-files">www.nypl.org/blog/2011/04/22/no-day-today-look-jonathan-larsons-word-files</a>,
            accessed: October 30, 2013.</p>
  <p xmlns=""><strong>Ries, Thorsten</strong> (2010). <em>"die geräte klüger als
            ihre besitzer" Philologische Durchblicke hinter die Schreibszene des
            Graphical User Interface. Überlegungen zur digitalen Quellenphilologie, mit
            einer textgenetischen Studie zu Michael Speiers "ausfahrt st. nazaire"</em>. editio 24.1 (2010), 149-199.</p>
  <p xmlns=""><strong>Ries, Thorsten</strong> (2012). Review: <strong>Willard McCarty</strong> (Ed.). <em>Text and Genre in Reconstruction</em> (2010)</p>
  <p xmlns=""><strong>Scharfschwert, Alena</strong> (2012): <em>Das
            eingepflegte Archiv</em>. Bericht über die Erschließung des Thomas Kling-Nachlasses.
            Frieder von Ammon, Peer Trilcke, Alena Scharfschwert (Eds.) Das Gellen der
            Tinte. Zum Werk Thomas Klings. Göttingen: V&amp;R unipress 2012, 383-400.</p>
  <p xmlns=""><strong>Stüssel, Kerstin, Gabriele Wix, et al. </strong>(Eds) (2013): <em>Zur Leitcodierung</em>. [Manhattan Schreibszene; Katalog zur Ausstellung "Thomas
            Kling: geschmolzener und/ wieder aufgeschmo-/lzener text" 2013/14 im
            Universitätsmuseum der Universität Bonn] Göttingen: Wallstein 2013.</p>
  <p xmlns=""><strong>Trilcke,
            Peer</strong> (2012):<em> Historisches Rauschen</em>. Das geschichtslyrische
            Werk Thomas Klings. [The Historical Poetry of Thomas Kling].
            PhD thesis Göttingen University 2011/12, URL: <a href="http://hdl.handle.net/11858/00-1735-0000-0006-AEDE-3">hdl.handle.net/11858/00-1735-0000-0006-AEDE-3</a>,
            accessed: October 30, 2013.</p>
  <p xmlns=""><strong>Norbert Wehr, Ute Langanky, Marcel Beyer </strong>(Eds.) <strong>Thomas Kling</strong> (2012). <em>Das brennende Archiv</em>.
            Unveröffentlichte Gedichte, Briefe, Handschriften und Photos aus dem Nachlass [...]. Berlin: Suhrkamp 2012.</p>
</article>
</div></section><footer><hr/></footer></body></html>