<!DOCTYPE html><html xmlns="http://www.w3.org/1999/xhtml" xml:lang="en"><head><title>DHArchive</title><meta http-equiv="content-type" content="text/html; charset=utf-8" /><link rel="stylesheet" type="text/css" href="/s/dharchive.css"></link><link rel="shortcut icon" type="image/x-icon" href="favicon.ico" /></head><body><header><a href="/"><img src="/i/logo.png" id="logo" /><h1><acronym>dharchive</acronym>.org</h1></a></header><section><a href="/?c=DH2014"><img src="/data/figures/DH2014/banner.jpg" class="banner"/></a><div id="read"><aside><a class="btn" href="javascript:window.print();"><img src="/i/print.png"/> Print</a><a class="btn" href="/data/xml/DH2014/Paper-889.xml"><img src="/i/download.png"/> XML</a></aside><?xml version="1.0" encoding="utf-8"?>
<article xmlns="http://www.tei-c.org/ns/1.0" xmlns:xhtml="http://www.w3.org/1999/xhtml" xmlns:tei="http://www.tei-c.org/ns/1.0">
  <header xmlns="">
    <h1>A vocabulary of the aesthetic experience for modern dance archives</h1>
    <ul id="details">
      <li><label>Category:</label>Short Paper</li>
      <li><label>Session:</label>6</li>
      <li><label>Date:</label>2014-07-11<label>Time:</label>09:00:00</li>
      <li><label>Room:</label>315 - Amphipôle</li>
    </ul>
    <ul id="authors">
      <li>
        <a href="mailto:"><span class="author-surname">Paquette-Bigras</span>,
									<span class="author-forename">Ève</span></a>
        <a href="http://www.google.com/#q=Paquette-Bigras, Ève">
          <img src="/i/search.png"/>
        </a>
        <span class="author-affiliation">Université de Montréal, Canada </span>
      </li>
      <li>
        <a href="mailto:"><span class="author-surname">Forest</span>,
									<span class="author-forename">Dominic</span></a>
        <a href="http://www.google.com/#q=Forest, Dominic">
          <img src="/i/search.png"/>
        </a>
        <span class="author-affiliation">Université de Montréal, Canada </span>
      </li>
    </ul>
  </header>
  <p xmlns=""/>
  <p xmlns=""/>
  <h2 xmlns="">Introduction</h2>
  <p xmlns="">This research falls within the field of digital
humanities; the arts and information science engage in dialogue. In the last
few decades, dance has become a distinct research subject. Dance research needs
data. Dance performances remain elusive, and the traces they leave in their wake need to be
documented. However, the documentation practices of performance remain unsatisfactory (Couch 1994: 42;
Rowat 2005; Desalme
2007: 13; Chaffee
2011: 125), and the
specificity of performing arts such as dance is rarely and quite imperfectly
taken into account (Le Boeuf 2002;
Miller and Le
Boeuf 2005).</p>
  <p xmlns="">Dance description in archives needs to be improved
because, in this era of massive digital information, the quality of the
description impinges on access to the documentation. Description is entangled
with access. The better the description, the more efficient the access will be
for information seekers. As Nena Couch (2004: 53) once said about dance
collections, “If there is no standard language through which a patron may
communicate his or her search, the material may be as lost as if the library
had never acquired it.” Knowledge extraction seems to offer new opportunities
in this regard.</p>
  <h2 xmlns="">Objectives</h2>
  <p xmlns="">The goal of this research is to contribute to the
development of information management tools by evaluating the relevance of
knowledge extraction in information resources maintenance and development for
performing arts such as dance. Aesthetic experience is an essential part of art;
a part, however, that is hard to define, let alone describe, in an archives
context. Through knowledge extraction, we obtain a vocabulary for describing the
aesthetic experience of modern dance in archives. Choreographic works were
described using this vocabulary.</p>
  <h2 xmlns="">Methodology</h2>
  <p xmlns="">Many contemporary artists include
archival material in their artistic practices (Poinsot 2004; Lemay 2009). Performing arts archives and
archivists must be
as creative as the art they keep records of (Johnson
and Fuller Snyder 1999; Jones, Abbott and Ross
2009: 166; Chaffee
2011: 125). Artists are inspired by archives, and archivists
should be inspired by artists in return.</p>
  <p xmlns="">To obtain a vocabulary for representing the aesthetic experience of modern dance,
we drew on modern literature and modern art. At the end of the
19th century, French writer Stéphane Mallarmé praised in <em>Autre étude de danse</em> the dazzling performances of Loïe Fuller, a
pioneer of modern dance. Mallarmé was an artist and an aesthete (Delfel
1951), a “métaphysicien
du ballet” (Levinson 1983). His work is an aesthetic experience in
itself, and is related to dance in many ways (Richard 1961; Kristeva 1974: 537; Block 1977: 96; Levinson 1983; Zachmann 2001). Writing about Mallarmé,
Mary Ann Caws (1998: 86) says, “[w]hat he gives us is everything that comes
after him.” Gayle Zachmann (2001: 188) mentions that “writers and critics […]
have highlighted this poet’s contributions to the theoretical underpinnings and
reading of modern dance and/or the significance of his writings on dance for
his own aesthetic.” His work foreshadowed the spring of modern dance.</p>
  <p xmlns="">We worked from a corpus of texts that includes Mallarmé’s collections <em>Divagations</em> (1897 edition published by Eugène
Fasquelle) and <em>Poésies</em> (1899 edition published by Émile
Deman) for a total of 119 documents (comprising poetic prose, poem, dialogue), 11,850
types on 70,507 tokens (before lexical filtering) and 7,238 types (after
lexical filtering). This
corpus has been linked to modern dance for decades, and artists as well as
experts in the field of dance studies have drawn on it for inspiration.</p>
  <p xmlns="">The vocabulary was obtained through knowledge extraction methods; to be
specific, text mining algorithms combining term extraction and
clustering. Documents were grouped into clusters using discriminant features
(terms). Clustering is the method of choice for thematic discovery and terminology
building (Ibekwe-SanJuan
2007; Forest 2012) and, as
such, a bottom-up hierarchical clustering method was used. Once the cluster
structure was created, characteristic terms were extracted from each cluster to
use as the basis for building a basic structured vocabulary of the aesthetic
experience of modern dance.</p>
  <h2 xmlns="">Results</h2>
  <p xmlns="">Two main clusters emerged from the corpus, one
of 75 documents, the other of 34 documents. From the 75-document class were
drawn three qualifiers, one for each subcluster, of the aesthetic experience of
modern dance: <em>petit</em> (small), <em>seul</em> (in solo), <em>beau</em> (beautiful). The antonyms were then drawn directly from the
corpus: <em>grandiose</em> (grandiose, great),
<em>en couple</em> (in duo) or <em>en troupe</em> (in a body), <em>laid</em> (ugly). From the 34-document class
were drawn nine topics related to the aesthetic experience: <em>corps</em> (body), <em>idéal</em> (ideal), <em>nature</em>
(nature), <em>nudité</em> (nudity), <em>pureté</em> (purity), <em>rire</em> (laughter), <em>solitude</em>
(solitude, loneliness), <em>temps</em> (time),
<em>voix</em> (voice). The terms allow the description
of what is happening visually onstage beyond the storyline, that is, the visual
experience.</p>
  <div xmlns="" class="figure">
    <img src="/data/figures/DH2014/DH2014_548_535-1.jpg"/>
    <figcaption>
      <p>Fig. 1: Vocabulary of the aesthetic experience extracted from Mallarmé’s work </p>
    </figcaption>
  </div>
  <p xmlns="">We were able to describe
choreographic works with the vocabulary. For example, we described Dave
St-Pierre’s <em>Un peu de tendresse, bordel
de merde!</em> using the following terms: <em>troupe,
voix, nudité, rire</em>. St-Pierre’s
work is known for theatrical staging, shocking nudity and dark humour.</p>
  <p xmlns="">Exploring Mallarmé’s vocabulary has allowed us to
better describe dance performance and to develop minimal yet innovative access
points to traditional archives. Thus this initial experiment supports the
relevance of knowledge extraction in information resources maintenance and
development for performing arts such as dance. Knowledge extraction is one of
many solutions for creating a vocabulary for dance archives.

</p>
  <h2 xmlns="">Conclusion</h2>
  <p xmlns="">In this research, we delved into the core of an
art, literature, to find a vocabulary for describing art. Humanities computing
and non-computing approaches are complementary here. The field of digital humanities, recent
advances in information technology
and opportunities offered by knowledge extraction all contribute to the possibility of exploring
innovative solutions to improve the description of dance
performance in archives, as well as fostering
a better understanding of the art of dance. In this way, information
science empowers the arts while the arts empower information science.

</p>
  <h2 xmlns="">References</h2>
  <p xmlns=""><strong>Block, H. </strong>(1977). <em>Mallarmé and the
            Symbolist Drama</em>. Westport: Greenwood Press.</p>
  <p xmlns=""><strong>Caws, M. </strong>(1998). <em>Mallarmé’s Progeny</em>. In Cohn, R. and Gillepsie, G.
            (eds), Mallarmé in the twentieth century.
            Cranbury, London, Mississauga: Associated University Press, pp. 86-91.</p>
  <p xmlns=""><strong>Chaffee, G.</strong> (2011). <em>Preserving Transience: Ballet and Modern Dance Archives</em>,
            Libri: International Journal of Libraries
            and Information Services, 61(2): 125-130.</p>
  <p xmlns=""><strong>Couch, N.</strong> (1994). <em>Dance Collections</em>. In Sheehy, C. (ed), Managing Performing Arts Collections in
            Academic and Public Libraries. Westport: Greenwood Press,
            pp. 41-72.</p>
  <p xmlns=""><strong>Delfel, G. </strong>(1951). <em>L’esthétique de Stéphane Mallarmé</em>. Paris:
            Flammarion.</p>
  <p xmlns=""><strong>Desalme, A.</strong> (2007). <em>Sur
            les pas de la danse: l’exemple des bibliothèques américaines</em>, Bulletin des bibliothèques de France,
            52(4): 13-22.</p>
  <p xmlns=""><strong>Forest, D. </strong>(2012). <em>Fouille de textes et analyse thématique:
            techniques prédictive et descriptive pour la gestion et l’analyse de documents
            textuels non structurés</em>. Sarrebruck: Éditions universitaires européennes.</p>
  <p xmlns=""><strong>Ibekwe-SanJuan, F. </strong>(2007).
            <em>Fouille de textes: méthodes, outils et
              applications</em>. Paris:
            Hermès, Lavoisier.</p>
  <p xmlns=""><strong>Johnson, C. and Fuller Snyder, A. </strong>(1999). <em>Securing our Dance Heritage: Issues in the Documentation and
            Preservation of Dance.</em> Washington: Council on Library and Information
            Resources.</p>
  <p xmlns=""><strong>Jones, S., Abbott, D. and Ross, S. </strong>(2009). <em>Redefining the Performing Arts
            Archive, Archival Science</em>, 9(3-4):
            165-171.</p>
  <p xmlns=""><strong>Kristeva, J.</strong> (1974). <em>La révolution du langage poétique: l’avant-garde
            à la fin du XIX<em>e</em> siècle, Lautréamont et Mallarmé</em>. Paris:
            Éditions du Seuil.</p>
  <p xmlns=""><strong>Le Boeuf, P. </strong>(2002).
            <em>Le spectacle vivant en tant qu’objet documentaire et le modèle conceptuel de
              données des FRBR</em>. In Arts du spectacle:
            patrimoine et documentation, XXIII<em>e </em>congrès international, Paris
            25-30 septembre 2000. Paris: Société internationale des bibliothèques et
            musées des arts du spectacle, Bibliothèque nationale de France.</p>
  <p xmlns=""><strong>Lemay, Y.</strong> (2009). <em>Art
            et archives: une perspective archivistique</em>, Encontros
            Bibli, édition spéciale: 64-86.</p>
  <p xmlns=""><strong>Levinson, A. </strong>(1983). <em>The Idea of Dance: From Aristotle to Mallarmé</em>. In
            Copeland, R. and Cohen, M. (eds), What Is
            Dance? New York: Oxford University Press, pp. 47-54.</p>
  <p xmlns=""><strong>Mallarmé, S. </strong>(1897). <em>Divagations</em>.
            Paris: Bibliothèque Charpentier, Eugène Fasquelle. http://fr.wikisource.org/wiki/Divagations
            (accessed May 2013).</p>
  <p xmlns=""><strong>Mallarmé, S.</strong> (1899). <em>Poésies</em>.
            Bruxelles: Edmond Deman. http://fr.wikisource.org/wiki/Po%C3%A9sies_%28Mallarm%C3%A9%29/%C3%89dition_1899
            (accessed May 2013).</p>
  <p xmlns=""><strong>Miller, D. and Le Boeuf,
            P.</strong> (2005).<em> “Such stuff
              as dreams are made on”</em>: How Does FRBR Fit Performing Arts, Cataloging &amp; Classification Quarterly, 39 (3/4): 151-178.</p>
  <p xmlns=""><strong>Poinsot, J.-M. </strong>(2004).
            <em>Avant-propos</em>. In Mokhtari, S. (ed), Les
            artistes contemporains et l’archive. Rennes : Presses universitaires de
            Rennes, pp. 5-8.</p>
  <p xmlns=""><strong>Richard, J.-P.</strong> (1961).
            <em>L’univers imaginaire de Mallarmé</em>. Paris:
            Editions du Seuil.</p>
  <p xmlns=""><strong>Rowat, T.</strong> (2005). <em>Review of Recent
            Approaches to Growing Dance Legacy</em>. Ottawa: Canada Council for the Arts.</p>
  <p xmlns=""><strong>Valaskakis-Tembeck, I., Odom, S. and Fisher-Stitt, N.</strong> (1997). <em>Dance Research
            in Canada</em>, Dance Research Journal,
            29(1): 107-110.</p>
  <p xmlns=""><strong>Zachmann, G. </strong>(2001).<em> Offensive Moves in Mallarmé: Dancing with des
            astres</em>. In Grossman, K., Lane, M., Monicat, B. and Silverman, W. (eds), Confrontations: Politics and Aesthetics in
            Nineteenth-Century France. Amsterdam, Atlanta: Rodopi, pp. 187-200.</p>
</article>
</div></section><footer><hr/></footer></body></html>