<!DOCTYPE html><html xmlns="http://www.w3.org/1999/xhtml" xml:lang="en"><head><title>DHArchive</title><meta http-equiv="content-type" content="text/html; charset=utf-8" /><link rel="stylesheet" type="text/css" href="/s/dharchive.css"></link><link rel="shortcut icon" type="image/x-icon" href="favicon.ico" /></head><body><header><a href="/"><img src="/i/logo.png" id="logo" /><h1><acronym>dharchive</acronym>.org</h1></a></header><section><a href="/?c=DH2014"><img src="/data/figures/DH2014/banner.jpg" class="banner"/></a><div id="read"><aside><a class="btn" href="javascript:window.print();"><img src="/i/print.png"/> Print</a><a class="btn" href="/data/xml/DH2014/Plenary-745.xml"><img src="/i/download.png"/> XML</a></aside><?xml version="1.0" encoding="utf-8"?>
<article xmlns="http://www.tei-c.org/ns/1.0" xmlns:xhtml="http://www.w3.org/1999/xhtml" xmlns:tei="http://www.tei-c.org/ns/1.0">
  <header xmlns="">
    <h1>Opening Plenary Lecture</h1>
    <ul id="details">
      <li><label>Category:</label>Plenary Session</li>
      <li><label>Session:</label></li>
      <li><label>Date:</label>2014-07-08<label>Time:</label>17:00:00</li>
      <li><label>Room:</label>Salle A - Swiss Tech</li>
    </ul>
    <ul id="authors">
      <li>
        <a href="mailto:bruno.latour@sciencespo.fr"><span class="author-surname">Latour</span>,
									<span class="author-forename">Bruno</span></a>
        <a href="http://www.google.com/#q=Latour, Bruno">
          <img src="/i/search.png"/>
        </a>
        <span class="author-affiliation">Sciences Po</span>
      </li>
    </ul>
  </header>
  <p xmlns=""/>
  <h2 xmlns="">Rematerializing Humanities Thanks to Digital Traces</h2>
  <h2 xmlns="">Overview:</h2>
  <p xmlns="">Since the great advantage of the digital is to rematerialize the older cognitive functions it becomes possible to transform many activities considered before as "abstract" into an empirical domain. The lecture will go through several attempts at harnessing this new materiality for the benefit of digital humanities and social science generally. Examples will be drawn from the field of publishing, design, research as well as from social theory and political science. </p>
  <h2 xmlns="">Biography:</h2>
  <p xmlns="">Bruno Latour is professor at Sciences Po Paris, director of its medialab and principal investigator of the AIME project, he has also realized a MOOC on "scientific humanities" (on the FUN platform) and developped from the outside, because of his interest in actor-network-theory, an interest in the digital as a tracer of associations. He is the recipient of the Holberg Prize for 2013. Most of his papers and all its references can be find, together with lots of other documents and goodies, on his webpage www.bruno-latour.fr</p>
  <h2 xmlns="">References</h2>
</article>
</div></section><footer><hr/></footer></body></html>