<!DOCTYPE html><html xmlns="http://www.w3.org/1999/xhtml" xml:lang="en"><head><title>DHArchive</title><meta http-equiv="content-type" content="text/html; charset=utf-8" /><link rel="stylesheet" type="text/css" href="/s/dharchive.css"></link><link rel="shortcut icon" type="image/x-icon" href="favicon.ico" /></head><body><header><a href="/"><img src="/i/logo.png" id="logo" /><h1><acronym>dharchive</acronym>.org</h1></a></header><section><a href="/?c=DH2014"><img src="/data/figures/DH2014/banner.jpg" class="banner"/></a><div id="read"><aside><a class="btn" href="javascript:window.print();"><img src="/i/print.png"/> Print</a><a class="btn" href="/data/xml/DH2014/Plenary-809.xml"><img src="/i/download.png"/> XML</a></aside><?xml version="1.0" encoding="utf-8"?>
<article xmlns="http://www.tei-c.org/ns/1.0" xmlns:xhtml="http://www.w3.org/1999/xhtml" xmlns:tei="http://www.tei-c.org/ns/1.0">
  <header xmlns="">
    <h1>Zampolli Award Lecture</h1>
    <ul id="details">
      <li><label>Category:</label>Plenary Session</li>
      <li><label>Session:</label></li>
      <li><label>Date:</label>2014-07-09<label>Time:</label>16:30:00</li>
      <li><label>Room:</label>350/351 - Amphimax</li>
    </ul>
    <ul id="authors">
      <li>
        <a href="mailto:siemens@uvic.ca"><span class="author-surname">Siemens</span>,
									<span class="author-forename">Ray</span></a>
        <a href="http://www.google.com/#q=Siemens, Ray">
          <img src="/i/search.png"/>
        </a>
        <span class="author-affiliation">University of Victoria</span>
      </li>
    </ul>
  </header>
  <p xmlns=""/>
  <h2 xmlns="">Communities of Practice, the Methodological Commons, and Digital Self-Determination in the Humanities</h2>
  <h2 xmlns="">Overview:</h2>
  <p xmlns="">In the context of trends shaping and influencing change in the Humanities and the cultures of the university, this talk considers the Digital Humanities' positive role in the process of the Humanities (digital) self-determination. Considered in this engagement are: the important (and profitably-elusive) process of defining Digital Humanities; foundational notions of the methodological commons and communities of practice, and the ways in which such originate, are fostered, are engaged, and themselves engage; and the value of an open approach to current and future work on modelling humanistic data and process, in ways that build on these foundations to embrace the communities and constituencies served by the Humanities.</p>
  <h2 xmlns="">Biography:</h2>
  <p xmlns="">Ray Siemens (U Victoria; <a href="http://web.uvic.ca/~siemens/">web.uvic.ca/~siemens</a>) is Canada Research Chair in Humanities Computing and Distinguished Professor in the Faculty of Humanities at the University of Victoria, in English and Computer Science. He is founding editor of the electronic scholarly journal Early Modern Literary Studies, and his publications include, among others, Blackwell's Companion to Digital Humanities (with Schreibman and Unsworth), Blackwell's Companion to Digital Literary Studies (with Schreibman), A Social Edition of the Devonshire MS, and Literary Studies in the Digital Age (MLA, with Price). He directs the Implementing New Knowledge Environments project, the Digital Humanities Summer Institute and the Electronic Textual Cultures Lab, and serves as Vice President of the Canadian Federation of the Humanities and Social Sciences for Research Dissemination, recently serving also as Chair of the international Alliance of Digital Humanities Organisations’ Steering Committee.</p>
  <h2 xmlns="">References</h2>
</article>
</div></section><footer><hr/></footer></body></html>