<!DOCTYPE html><html xmlns="http://www.w3.org/1999/xhtml" xml:lang="en"><head><title>DHArchive</title><meta http-equiv="content-type" content="text/html; charset=utf-8" /><link rel="stylesheet" type="text/css" href="/s/dharchive.css"></link><link rel="shortcut icon" type="image/x-icon" href="favicon.ico" /></head><body><header><a href="/"><img src="/i/logo.png" id="logo" /><h1><acronym>dharchive</acronym>.org</h1></a></header><section><a href="/?c=DH2014"><img src="/data/figures/DH2014/banner.jpg" class="banner"/></a><div id="read"><aside><a class="btn" href="javascript:window.print();"><img src="/i/print.png"/> Print</a><a class="btn" href="/data/xml/DH2014/Poster-164.xml"><img src="/i/download.png"/> XML</a></aside><?xml version="1.0" encoding="utf-8"?>
<article xmlns="http://www.tei-c.org/ns/1.0" xmlns:xhtml="http://www.w3.org/1999/xhtml" xmlns:tei="http://www.tei-c.org/ns/1.0">
  <header xmlns="">
    <h1>Seeing Dialogue: Network Visualization of Dramatic Texts</h1>
    <ul id="details">
      <li><label>Category:</label>Poster</li>
      <li><label>Session:</label>2</li>
      <li><label>Date:</label>2014-07-10<label>Time:</label>16:00:00</li>
      <li><label>Room:</label>Amphipôle Common Area</li>
    </ul>
    <ul id="authors">
      <li>
        <a href="mailto:djpowell@uvic.ca"><span class="author-surname">Powell</span>,
									<span class="author-forename">Daniel</span></a>
        <a href="http://www.google.com/#q=Powell, Daniel">
          <img src="/i/search.png"/>
        </a>
        <span class="author-affiliation">University of Victoria</span>
      </li>
    </ul>
  </header>
  <p xmlns=""/>
  <h2 xmlns="">&gt;Contexts for Humanities Visualization</h2>
  <p xmlns="">Literary scholars are increasingly
turning to graphical display of humanistic information as a way to encounter
texts in new and engaging ways. Digitally facilitated humanities visualization
presents literary critics with opportunities for new insight<cite href="#n1">1</cite>,
while also opening practitioners to charges of wholesale importation of
simplistic scientific methodologies.<cite href="#n2">2</cite> This poster session
outlines the rationale, method, and significance of a focused humanities
visualization project in order to demonstrate how new techniques of
visualization may be undertaken with literary texts to produce new and speculative
“aesthetic provocations” in literary studies.<cite href="#n3">3</cite></p>
  <h2 xmlns="">Materials and Scope</h2>
  <p xmlns="">In order to model and theorize how such
a project might develop, I am producing a network visualization of the sixteenth-century
play Ralph Roister Doister by
Nicholas Udall. Using the open-source "interactive visualization and
exploration" platform Gephi, I map the relationships between
characters in the play based upon dialogue. In other words, this project
structurally maps dialogue between characters, producing a network
visualization that productively reconfigures the play to provoke new analytical
responses. Following the example of Franco Moretti’s work with Hamlet, these models prompt new insight
into the “deep structures” of literary works. For Moretti, however, “the most
important thing of all” about these reconfigurations is that they can be
manipulated: “one can intervene on a
model; make experiments.”<cite href="#n4">4</cite> [116, italics in original]. With a baseline
visualization of dialogue established, I, following Jerome McGann, selectively
intervene and “deform” the re-modeled text to continually reconfigure it. Such
processes bring us “to a critical position in which we can imagine things about
the texts that we didn’t and perhaps couldn’t otherwise know.”<cite href="#n5">5</cite> [116] Motivated
by Drucker and Nowviskie’s call to “engage computing to produce new aesthetic
provocations,” I use Roister Doister to
understand how humanities visualization may reconfigure our approach to literary
inquiry.<cite href="#n6">6</cite> </p>
  <h2 xmlns="">Methods of Production</h2>
  <p xmlns="">In order to map the dialogic
relationships between these characters in Gephi, I have created each character as
a node in the network; these nodes are connected by directional dialogue
originating at a particular node and terminating at another. Thus, the main
characters Roister Doister and Merygreeke are nodes 1.0 and 2.0, for example.
Within Gephi’s data manipulation environment, a line of dialogue from the
former to the latter would be mapped visually as a line [or an “edge”] from
node 1.0 to node 2.0. Each exchange is recorded as tabled data in Gephi, which
is then used to produce visualizations. Visualizations can be produced for any
discrete unit of the text, including scene, act, or the entirety of the play.
This project produces visualizations of each of these divisions for comparative
purposes. Following Moretti and McGann, I have undertaken selective
deformations by, for example, removing various characters at different points,
thereby revealing their network centrality. Criticism of Roister Doister has, for the most part, focused heavily on the
play’s dramaturgical debt to the classical comedies of Terence and Plautus, the
extent to which those formal structures were successfully integrated with
“native” elements of English drama, and the play’s debts to the miles gloriosus [“braggart-soldier”] tradition
of Classical comedy.<cite href="#n7">7</cite><cite href="#n8">8</cite> This project is in part an
attempt to revitalize an ossified critical conversation as an example of how
new techniques can vigorously re-engage old texts. </p>
  <h2 xmlns="">Significance of Anticipated Visualizations</h2>
  <p xmlns="">Experimentation in visualization of
textual works is a timely one. As can be seen from the growing use of the
<em>Voyant</em> suite<cite href="#n9">9</cite> of analysis and visualization tools as well as the popular <em>Mapping the Republic of Letters</em>project,<cite href="#n10">10</cite>
humanities visualization is a growing area of scholarly concern. Elijah Meeks
has argued that “the shift from creating, annotating and analyzing archives to modeling systems can have a profound
impact beyond the [admittedly high value of] usability of scholarly material
developed during a digital humanities project.”<cite href="#n11">11</cite> [italics mine]. When
humanities scholars have reached a certain point of visual literacy, we will
begin to engage with such models in profoundly important ways. Indeed, these
models may “provide a much more nuanced form of knowledge transmission than the
raw datasets or interactive and dynamic applications typically presented as the
future of digital scholarly media.”<cite href="#n12">12</cite> This project is an effort to explore
how these new forms of knowledge transmission and analysis might impact literary
inquiry. </p>
  <h2 xmlns="">References</h2>
  <p xmlns="">1. <strong>Manovich, Lev.</strong> (2010). <em>What Is Visualization?</em> Poetess Archive Journal 2(1), n. pag.
          </p>
  <p xmlns="">2. <strong>Drucker, Johanna.</strong> (2011). <em>Humanities Approaches to Graphical Display.</em> Digital Humanities Quarterly 5(1), n. page.
          </p>
  <p xmlns="">3. <strong>Drucker, Johanna, and Bethany Nowviskie.</strong>  (2004). <em>Speculative Computing: Aesthetic Provocations in Humanities Computing.</em> Companion to Digital Humanities. In Schreibman, Susan, Siemens, Ray, &amp; Unsworth, John (eds). Oxford, Blackwell. Accessed 03 April 2012. Available at [<a href="http://journals.tdl.org/paj/index.php/paj/article/view/19/58">journals.tdl.org/paj/index.php/paj/article/view/19/58</a>]
          </p>
  <p xmlns="">4,5. <strong>Moretti, Franco</strong>. (2011). <em>Network Theory, Plot Analysis</em>. Stanford, Stanford Literary Lab.
          </p>
  <p xmlns="">6. <strong>Drucker, Johanna, and Bethany Nowviskie</strong>.  (2004). <em>Speculative Computing: Aesthetic Provocations in Humanities Computing.</em> Companion to Digital Humanities. In Schreibman, Susan, Siemens, Ray, &amp; Unsworth, John (eds). Oxford, Blackwell. Accessed 03 April 2012. Available at [<a href="http://journals.tdl.org/paj/index.php/paj/article/view/19/58">journals.tdl.org/paj/index.php/paj/article/view/19/58</a>]
          </p>
  <p xmlns="">7. <strong>Boas, Frederick S.</strong> (1933). <em>An Introduction to Tudor Drama</em>. Oxford, Clarendon.
          </p>
  <p xmlns="">8. <strong>Brooke, C. F. Tucker.</strong> (1911). <em>The Tudor Drama: A History of English National Drama to the Retirement of Shakespeare</em>. Boston, Riverside.
          </p>
  <p xmlns="">9. <strong>Voyant Tools</strong>. (2012). [voyant-tools.org]. Accessed October 2012.
          </p>
  <p xmlns="">10. <em>Mapping the Republic of Letters: Navigating Big Data from the Early Modern Period</em>. (2012). Available at [republicofletters.stanford.edu].
          </p>
  <p xmlns="">11. <strong>Meeks, Elijah.</strong> (2011). <em>More Networks in the Humanities or Did Books Have DNA?</em> Digital Humanities Specialist. Published 6 December 2011. Accessed 17 April 2012.
          </p>
  <p xmlns="">12. <strong>Meeks, Elijah.</strong> (2011). <em>More Networks in the Humanities or Did Books Have DNA?</em> Digital Humanities Specialist. Published 6 December 2011. Accessed 17 April 2012.
          </p>
</article>
</div></section><footer><hr/></footer></body></html>